
/home/austin-tabulog/repos/demo/build/demo.elf:     file format elf32-littlearm

Sections:
Idx Name          Size      VMA       LMA       File off  Algn
  0 .text         00006160  10000000  10000000  00001000  2**3
                  CONTENTS, ALLOC, LOAD, READONLY, CODE
  1 .rodata       00000e64  10006160  10006160  00007160  2**3
                  CONTENTS, ALLOC, LOAD, READONLY, DATA
  2 .ARM.exidx    00000008  10006fc4  10006fc4  00007fc4  2**2
                  CONTENTS, ALLOC, LOAD, READONLY, DATA
  3 .binary_info  00000024  10006fcc  10006fcc  00007fcc  2**2
                  CONTENTS, ALLOC, LOAD, READONLY, DATA
  4 .ram_vector_table 00000110  20000000  20000000  0000a000  2**2
                  ALLOC
  5 .uninitialized_data 00000000  20000110  20000110  00009db0  2**0
                  CONTENTS
  6 .data         00000dac  20000110  10006ff0  00008110  2**3
                  CONTENTS, ALLOC, LOAD, READONLY, CODE
  7 .tdata        00000000  20000ebc  20000ebc  00009db0  2**0
                  CONTENTS, ALLOC, LOAD, DATA, THREAD_LOCAL
  8 .tbss         00000000  20000ebc  20000ebc  00000000  2**0
                  ALLOC, THREAD_LOCAL
  9 .bss          00000c24  20000ec0  10007d9c  00009ec0  2**3
                  ALLOC
 10 .heap         00000800  20001ae4  10007d9c  0000aae4  2**2
                  ALLOC, READONLY
 11 .scratch_x    00000000  20080000  20080000  00009db0  2**0
                  CONTENTS
 12 .scratch_y    00000000  20081000  20081000  00009db0  2**0
                  CONTENTS
 13 .stack_dummy  00000800  20081000  20081000  0000a000  2**5
                  ALLOC, READONLY
 14 .flash_end    00000014  10007d9c  10007d9c  00009d9c  2**2
                  CONTENTS, ALLOC, LOAD, READONLY, DATA
 15 .ARM.attributes 00000034  00000000  00000000  00009db0  2**0
                  CONTENTS, READONLY
 16 .comment      00000045  00000000  00000000  00009de4  2**0
                  CONTENTS, READONLY
 17 .debug_info   0002d16b  00000000  00000000  00009e29  2**0
                  CONTENTS, READONLY, DEBUGGING, OCTETS
 18 .debug_abbrev 0000828a  00000000  00000000  00036f94  2**0
                  CONTENTS, READONLY, DEBUGGING, OCTETS
 19 .debug_loclists 00010d35  00000000  00000000  0003f21e  2**0
                  CONTENTS, READONLY, DEBUGGING, OCTETS
 20 .debug_aranges 00001420  00000000  00000000  0004ff58  2**3
                  CONTENTS, READONLY, DEBUGGING, OCTETS
 21 .debug_rnglists 00001827  00000000  00000000  00051378  2**0
                  CONTENTS, READONLY, DEBUGGING, OCTETS
 22 .debug_line   00019816  00000000  00000000  00052b9f  2**0
                  CONTENTS, READONLY, DEBUGGING, OCTETS
 23 .debug_str    00008ea6  00000000  00000000  0006c3b5  2**0
                  CONTENTS, READONLY, DEBUGGING, OCTETS
 24 .debug_frame  000033c4  00000000  00000000  0007525c  2**2
                  CONTENTS, READONLY, DEBUGGING, OCTETS
 25 .debug_line_str 0000027c  00000000  00000000  00078620  2**0
                  CONTENTS, READONLY, DEBUGGING, OCTETS

/home/austin-tabulog/repos/demo/build/demo.elf:     file format elf32-littlearm


Disassembly of section .text:

10000000 <__VECTOR_TABLE>:
10000000:	20082000 	.word	0x20082000
10000004:	1000015d 	.word	0x1000015d
10000008:	1000011b 	.word	0x1000011b
1000000c:	1000011d 	.word	0x1000011d
10000010:	10000111 	.word	0x10000111
10000014:	10000111 	.word	0x10000111
10000018:	10000111 	.word	0x10000111
1000001c:	10000111 	.word	0x10000111
10000020:	10000119 	.word	0x10000119
10000024:	10000119 	.word	0x10000119
10000028:	10000119 	.word	0x10000119
1000002c:	1000011f 	.word	0x1000011f
10000030:	10000111 	.word	0x10000111
10000034:	10000119 	.word	0x10000119
10000038:	10000121 	.word	0x10000121
1000003c:	10000123 	.word	0x10000123
10000040:	10000111 	.word	0x10000111
10000044:	10000111 	.word	0x10000111
10000048:	10000111 	.word	0x10000111
1000004c:	10000111 	.word	0x10000111
10000050:	10000111 	.word	0x10000111
10000054:	10000111 	.word	0x10000111
10000058:	10000111 	.word	0x10000111
1000005c:	10000111 	.word	0x10000111
10000060:	10000111 	.word	0x10000111
10000064:	10000111 	.word	0x10000111
10000068:	10000111 	.word	0x10000111
1000006c:	10000111 	.word	0x10000111
10000070:	10000111 	.word	0x10000111
10000074:	10000111 	.word	0x10000111
10000078:	10000111 	.word	0x10000111
1000007c:	10000111 	.word	0x10000111
10000080:	10000111 	.word	0x10000111
10000084:	10000111 	.word	0x10000111
10000088:	10000111 	.word	0x10000111
1000008c:	10000111 	.word	0x10000111
10000090:	10000111 	.word	0x10000111
10000094:	10000111 	.word	0x10000111
10000098:	10000111 	.word	0x10000111
1000009c:	10000111 	.word	0x10000111
100000a0:	10000111 	.word	0x10000111
100000a4:	10000111 	.word	0x10000111
100000a8:	10000111 	.word	0x10000111
100000ac:	10000111 	.word	0x10000111
100000b0:	10000111 	.word	0x10000111
100000b4:	10000111 	.word	0x10000111
100000b8:	10000111 	.word	0x10000111
100000bc:	10000111 	.word	0x10000111
100000c0:	10000111 	.word	0x10000111
100000c4:	10000111 	.word	0x10000111
100000c8:	10000111 	.word	0x10000111
100000cc:	10000111 	.word	0x10000111
100000d0:	10000111 	.word	0x10000111
100000d4:	10000111 	.word	0x10000111
100000d8:	10000111 	.word	0x10000111
100000dc:	10000111 	.word	0x10000111
100000e0:	10000111 	.word	0x10000111
100000e4:	10000111 	.word	0x10000111
100000e8:	10000111 	.word	0x10000111
100000ec:	10000111 	.word	0x10000111
100000f0:	10000111 	.word	0x10000111
100000f4:	10000111 	.word	0x10000111
100000f8:	10000111 	.word	0x10000111
100000fc:	10000111 	.word	0x10000111
10000100:	10000111 	.word	0x10000111
10000104:	10000111 	.word	0x10000111
10000108:	10000111 	.word	0x10000111
1000010c:	10000111 	.word	0x10000111

10000110 <__unhandled_user_irq>:
10000110:	f3ef 8005 	mrs	r0, IPSR
10000114:	3810      	subs	r0, #16

10000116 <unhandled_user_irq_num_in_r0>:
10000116:	be00      	bkpt	0x0000

10000118 <isr_invalid>:
10000118:	be00      	bkpt	0x0000

1000011a <isr_nmi>:
1000011a:	be00      	bkpt	0x0000

1000011c <isr_hardfault>:
1000011c:	be00      	bkpt	0x0000

1000011e <isr_svcall>:
1000011e:	be00      	bkpt	0x0000

10000120 <isr_pendsv>:
10000120:	be00      	bkpt	0x0000

10000122 <isr_systick>:
10000122:	be00      	bkpt	0x0000

10000124 <__default_isrs_end>:
10000124:	7188ebf2 	.word	0x7188ebf2
10000128:	10006fcc 	.word	0x10006fcc
1000012c:	10006ff0 	.word	0x10006ff0
10000130:	100001a0 	.word	0x100001a0
10000134:	e71aa390 	.word	0xe71aa390

10000138 <__binary_info_header_end>:
10000138:	ffffded3 	.word	0xffffded3
1000013c:	10210142 	.word	0x10210142
10000140:	000001ff 	.word	0x000001ff
10000144:	00007c64 	.word	0x00007c64
10000148:	ab123579 	.word	0xab123579

1000014c <_entry_point>:
1000014c:	f04f 0000 	mov.w	r0, #0

10000150 <_enter_vtable_in_r0>:
10000150:	491e      	ldr	r1, [pc, #120]	@ (100001cc <data_cpy_table+0x2c>)
10000152:	6008      	str	r0, [r1, #0]
10000154:	c806      	ldmia	r0!, {r1, r2}
10000156:	f381 8808 	msr	MSP, r1
1000015a:	4710      	bx	r2

1000015c <_reset_handler>:
1000015c:	f04f 4050 	mov.w	r0, #3489660928	@ 0xd0000000
10000160:	6800      	ldr	r0, [r0, #0]
10000162:	b110      	cbz	r0, 1000016a <hold_non_core0_in_bootrom+0x6>

10000164 <hold_non_core0_in_bootrom>:
10000164:	f04f 0000 	mov.w	r0, #0
10000168:	e7f2      	b.n	10000150 <_enter_vtable_in_r0>
1000016a:	a40d      	add	r4, pc, #52	@ (adr r4, 100001a0 <data_cpy_table>)
1000016c:	cc0e      	ldmia	r4!, {r1, r2, r3}
1000016e:	2900      	cmp	r1, #0
10000170:	d002      	beq.n	10000178 <hold_non_core0_in_bootrom+0x14>
10000172:	f000 f812 	bl	1000019a <data_cpy>
10000176:	e7f9      	b.n	1000016c <hold_non_core0_in_bootrom+0x8>
10000178:	4915      	ldr	r1, [pc, #84]	@ (100001d0 <data_cpy_table+0x30>)
1000017a:	4a16      	ldr	r2, [pc, #88]	@ (100001d4 <data_cpy_table+0x34>)
1000017c:	2000      	movs	r0, #0
1000017e:	e000      	b.n	10000182 <bss_fill_test>

10000180 <bss_fill_loop>:
10000180:	c101      	stmia	r1!, {r0}

10000182 <bss_fill_test>:
10000182:	4291      	cmp	r1, r2
10000184:	d1fc      	bne.n	10000180 <bss_fill_loop>

10000186 <platform_entry>:
10000186:	4914      	ldr	r1, [pc, #80]	@ (100001d8 <data_cpy_table+0x38>)
10000188:	4788      	blx	r1
1000018a:	4914      	ldr	r1, [pc, #80]	@ (100001dc <data_cpy_table+0x3c>)
1000018c:	4788      	blx	r1
1000018e:	4914      	ldr	r1, [pc, #80]	@ (100001e0 <data_cpy_table+0x40>)
10000190:	4788      	blx	r1
10000192:	be00      	bkpt	0x0000
10000194:	e7fd      	b.n	10000192 <platform_entry+0xc>

10000196 <data_cpy_loop>:
10000196:	c901      	ldmia	r1!, {r0}
10000198:	c201      	stmia	r2!, {r0}

1000019a <data_cpy>:
1000019a:	429a      	cmp	r2, r3
1000019c:	d3fb      	bcc.n	10000196 <data_cpy_loop>
1000019e:	4770      	bx	lr

100001a0 <data_cpy_table>:
100001a0:	10006ff0 	.word	0x10006ff0
100001a4:	20000110 	.word	0x20000110
100001a8:	20000ebc 	.word	0x20000ebc
100001ac:	10007d9c 	.word	0x10007d9c
100001b0:	20080000 	.word	0x20080000
100001b4:	20080000 	.word	0x20080000
100001b8:	10007d9c 	.word	0x10007d9c
100001bc:	20081000 	.word	0x20081000
100001c0:	20081000 	.word	0x20081000
100001c4:	00000000 	.word	0x00000000
100001c8:	4770      	bx	lr
100001ca:	0000      	.short	0x0000
100001cc:	e000ed08 	.word	0xe000ed08
100001d0:	20000ebc 	.word	0x20000ebc
100001d4:	20001ae4 	.word	0x20001ae4
100001d8:	10002d3d 	.word	0x10002d3d
100001dc:	10000235 	.word	0x10000235
100001e0:	10002d01 	.word	0x10002d01

100001e4 <_init>:
100001e4:	b5f8      	push	{r3, r4, r5, r6, r7, lr}
100001e6:	bf00      	nop

100001e8 <register_tm_clones>:
100001e8:	4b06      	ldr	r3, [pc, #24]	@ (10000204 <register_tm_clones+0x1c>)
100001ea:	4907      	ldr	r1, [pc, #28]	@ (10000208 <register_tm_clones+0x20>)
100001ec:	1ac9      	subs	r1, r1, r3
100001ee:	1089      	asrs	r1, r1, #2
100001f0:	bf48      	it	mi
100001f2:	3101      	addmi	r1, #1
100001f4:	1049      	asrs	r1, r1, #1
100001f6:	d003      	beq.n	10000200 <register_tm_clones+0x18>
100001f8:	4b04      	ldr	r3, [pc, #16]	@ (1000020c <register_tm_clones+0x24>)
100001fa:	b10b      	cbz	r3, 10000200 <register_tm_clones+0x18>
100001fc:	4801      	ldr	r0, [pc, #4]	@ (10000204 <register_tm_clones+0x1c>)
100001fe:	4718      	bx	r3
10000200:	4770      	bx	lr
10000202:	bf00      	nop
10000204:	20000ebc 	.word	0x20000ebc
10000208:	20000ebc 	.word	0x20000ebc
1000020c:	00000000 	.word	0x00000000

10000210 <frame_dummy>:
10000210:	b508      	push	{r3, lr}
10000212:	4b05      	ldr	r3, [pc, #20]	@ (10000228 <frame_dummy+0x18>)
10000214:	b11b      	cbz	r3, 1000021e <frame_dummy+0xe>
10000216:	4905      	ldr	r1, [pc, #20]	@ (1000022c <frame_dummy+0x1c>)
10000218:	4805      	ldr	r0, [pc, #20]	@ (10000230 <frame_dummy+0x20>)
1000021a:	f3af 8000 	nop.w
1000021e:	e8bd 4008 	ldmia.w	sp!, {r3, lr}
10000222:	f7ff bfe1 	b.w	100001e8 <register_tm_clones>
10000226:	bf00      	nop
10000228:	00000000 	.word	0x00000000
1000022c:	20001a74 	.word	0x20001a74
10000230:	10006160 	.word	0x10006160

10000234 <main>:
10000234:	b510      	push	{r4, lr}
10000236:	f002 fe97 	bl	10002f68 <stdio_init_all>
1000023a:	2019      	movs	r0, #25
1000023c:	f000 f838 	bl	100002b0 <gpio_init>
10000240:	2319      	movs	r3, #25
10000242:	f04f 0201 	mov.w	r2, #1
10000246:	ec42 3044 	gpioc_bit_oe_put r3, r2
1000024a:	480a      	ldr	r0, [pc, #40]	@ (10000274 <main+0x40>)
1000024c:	f002 fe90 	bl	10002f70 <__wrap_puts>
10000250:	2419      	movs	r4, #25
10000252:	f04f 0301 	mov.w	r3, #1
10000256:	ec43 4040 	gpioc_bit_out_put r4, r3
1000025a:	f44f 70fa 	mov.w	r0, #500	@ 0x1f4
1000025e:	f000 ff29 	bl	100010b4 <sleep_ms>
10000262:	f04f 0300 	mov.w	r3, #0
10000266:	ec43 4040 	gpioc_bit_out_put r4, r3
1000026a:	f44f 70fa 	mov.w	r0, #500	@ 0x1f4
1000026e:	f000 ff21 	bl	100010b4 <sleep_ms>
10000272:	e7ea      	b.n	1000024a <main+0x16>
10000274:	10006160 	.word	0x10006160

10000278 <gpio_set_function>:
10000278:	4b0c      	ldr	r3, [pc, #48]	@ (100002ac <gpio_set_function+0x34>)
1000027a:	eb03 0280 	add.w	r2, r3, r0, lsl #2
1000027e:	f853 3020 	ldr.w	r3, [r3, r0, lsl #2]
10000282:	f083 0340 	eor.w	r3, r3, #64	@ 0x40
10000286:	f003 03c0 	and.w	r3, r3, #192	@ 0xc0
1000028a:	f502 5c80 	add.w	ip, r2, #4096	@ 0x1000
1000028e:	f8cc 3000 	str.w	r3, [ip]
10000292:	00c0      	lsls	r0, r0, #3
10000294:	f100 4080 	add.w	r0, r0, #1073741824	@ 0x40000000
10000298:	f500 3020 	add.w	r0, r0, #163840	@ 0x28000
1000029c:	6041      	str	r1, [r0, #4]
1000029e:	f502 5240 	add.w	r2, r2, #12288	@ 0x3000
100002a2:	f44f 7380 	mov.w	r3, #256	@ 0x100
100002a6:	6013      	str	r3, [r2, #0]
100002a8:	4770      	bx	lr
100002aa:	bf00      	nop
100002ac:	40038004 	.word	0x40038004

100002b0 <gpio_init>:
100002b0:	b508      	push	{r3, lr}
100002b2:	f04f 0200 	mov.w	r2, #0
100002b6:	ec42 0044 	gpioc_bit_oe_put r0, r2
100002ba:	ec42 0040 	gpioc_bit_out_put r0, r2
100002be:	2105      	movs	r1, #5
100002c0:	f7ff ffda 	bl	10000278 <gpio_set_function>
100002c4:	bd08      	pop	{r3, pc}
	...

100002c8 <panic>:
100002c8:	b40f      	push	{r0, r1, r2, r3}
100002ca:	b500      	push	{lr}
100002cc:	b083      	sub	sp, #12
100002ce:	9c04      	ldr	r4, [sp, #16]
100002d0:	4807      	ldr	r0, [pc, #28]	@ (100002f0 <panic+0x28>)
100002d2:	f002 fe4d 	bl	10002f70 <__wrap_puts>
100002d6:	b13c      	cbz	r4, 100002e8 <panic+0x20>
100002d8:	a905      	add	r1, sp, #20
100002da:	9101      	str	r1, [sp, #4]
100002dc:	4620      	mov	r0, r4
100002de:	f002 fe57 	bl	10002f90 <__wrap_vprintf>
100002e2:	4804      	ldr	r0, [pc, #16]	@ (100002f4 <panic+0x2c>)
100002e4:	f002 fe44 	bl	10002f70 <__wrap_puts>
100002e8:	2001      	movs	r0, #1
100002ea:	f002 fd07 	bl	10002cfc <_exit>
100002ee:	bf00      	nop
100002f0:	10006170 	.word	0x10006170
100002f4:	10006180 	.word	0x10006180

100002f8 <hw_claim_lock>:
100002f8:	f3ef 8010 	mrs	r0, PRIMASK
100002fc:	b672      	cpsid	i
100002fe:	4b06      	ldr	r3, [pc, #24]	@ (10000318 <hw_claim_lock+0x20>)
10000300:	e8d3 1fcf 	ldaexb	r1, [r3]
10000304:	2201      	movs	r2, #1
10000306:	2900      	cmp	r1, #0
10000308:	d1fa      	bne.n	10000300 <hw_claim_lock+0x8>
1000030a:	e8c3 2f41 	strexb	r1, r2, [r3]
1000030e:	2900      	cmp	r1, #0
10000310:	d1f6      	bne.n	10000300 <hw_claim_lock+0x8>
10000312:	f3bf 8f5f 	dmb	sy
10000316:	4770      	bx	lr
10000318:	200011f7 	.word	0x200011f7

1000031c <hw_claim_unlock>:
1000031c:	2300      	movs	r3, #0
1000031e:	4a03      	ldr	r2, [pc, #12]	@ (1000032c <hw_claim_unlock+0x10>)
10000320:	e8c2 3f8f 	stlb	r3, [r2]
10000324:	f380 8810 	msr	PRIMASK, r0
10000328:	4770      	bx	lr
1000032a:	bf00      	nop
1000032c:	200011f7 	.word	0x200011f7

10000330 <hw_claim_or_assert>:
10000330:	b570      	push	{r4, r5, r6, lr}
10000332:	4605      	mov	r5, r0
10000334:	460c      	mov	r4, r1
10000336:	4616      	mov	r6, r2
10000338:	f7ff ffde 	bl	100002f8 <hw_claim_lock>
1000033c:	08e2      	lsrs	r2, r4, #3
1000033e:	5ca9      	ldrb	r1, [r5, r2]
10000340:	f004 0c07 	and.w	ip, r4, #7
10000344:	2301      	movs	r3, #1
10000346:	fa03 f30c 	lsl.w	r3, r3, ip
1000034a:	4219      	tst	r1, r3
1000034c:	d105      	bne.n	1000035a <hw_claim_or_assert+0x2a>
1000034e:	b2db      	uxtb	r3, r3
10000350:	430b      	orrs	r3, r1
10000352:	54ab      	strb	r3, [r5, r2]
10000354:	f7ff ffe2 	bl	1000031c <hw_claim_unlock>
10000358:	bd70      	pop	{r4, r5, r6, pc}
1000035a:	4621      	mov	r1, r4
1000035c:	4630      	mov	r0, r6
1000035e:	f7ff ffb3 	bl	100002c8 <panic>

10000362 <hw_claim_unused_from_range>:
10000362:	b5f8      	push	{r3, r4, r5, r6, r7, lr}
10000364:	4606      	mov	r6, r0
10000366:	460d      	mov	r5, r1
10000368:	4614      	mov	r4, r2
1000036a:	461f      	mov	r7, r3
1000036c:	f7ff ffc4 	bl	100002f8 <hw_claim_lock>
10000370:	e000      	b.n	10000374 <hw_claim_unused_from_range+0x12>
10000372:	3401      	adds	r4, #1
10000374:	42bc      	cmp	r4, r7
10000376:	d80e      	bhi.n	10000396 <hw_claim_unused_from_range+0x34>
10000378:	ea4f 0cd4 	mov.w	ip, r4, lsr #3
1000037c:	f816 100c 	ldrb.w	r1, [r6, ip]
10000380:	f004 0307 	and.w	r3, r4, #7
10000384:	2201      	movs	r2, #1
10000386:	409a      	lsls	r2, r3
10000388:	4211      	tst	r1, r2
1000038a:	d1f2      	bne.n	10000372 <hw_claim_unused_from_range+0x10>
1000038c:	b2d2      	uxtb	r2, r2
1000038e:	430a      	orrs	r2, r1
10000390:	f806 200c 	strb.w	r2, [r6, ip]
10000394:	e001      	b.n	1000039a <hw_claim_unused_from_range+0x38>
10000396:	f04f 34ff 	mov.w	r4, #4294967295	@ 0xffffffff
1000039a:	f7ff ffbf 	bl	1000031c <hw_claim_unlock>
1000039e:	2c00      	cmp	r4, #0
100003a0:	db01      	blt.n	100003a6 <hw_claim_unused_from_range+0x44>
100003a2:	4620      	mov	r0, r4
100003a4:	bdf8      	pop	{r3, r4, r5, r6, r7, pc}
100003a6:	2d00      	cmp	r5, #0
100003a8:	d0fb      	beq.n	100003a2 <hw_claim_unused_from_range+0x40>
100003aa:	9806      	ldr	r0, [sp, #24]
100003ac:	f7ff ff8c 	bl	100002c8 <panic>

100003b0 <next_striped_spin_lock_num>:
100003b0:	4a05      	ldr	r2, [pc, #20]	@ (100003c8 <next_striped_spin_lock_num+0x18>)
100003b2:	7810      	ldrb	r0, [r2, #0]
100003b4:	1c43      	adds	r3, r0, #1
100003b6:	b2db      	uxtb	r3, r3
100003b8:	7013      	strb	r3, [r2, #0]
100003ba:	2b17      	cmp	r3, #23
100003bc:	d902      	bls.n	100003c4 <next_striped_spin_lock_num+0x14>
100003be:	4613      	mov	r3, r2
100003c0:	2210      	movs	r2, #16
100003c2:	701a      	strb	r2, [r3, #0]
100003c4:	4770      	bx	lr
100003c6:	bf00      	nop
100003c8:	20000e18 	.word	0x20000e18

100003cc <spin_lock_claim_unused>:
100003cc:	b500      	push	{lr}
100003ce:	b083      	sub	sp, #12
100003d0:	4601      	mov	r1, r0
100003d2:	4b05      	ldr	r3, [pc, #20]	@ (100003e8 <spin_lock_claim_unused+0x1c>)
100003d4:	9300      	str	r3, [sp, #0]
100003d6:	231f      	movs	r3, #31
100003d8:	2218      	movs	r2, #24
100003da:	4804      	ldr	r0, [pc, #16]	@ (100003ec <spin_lock_claim_unused+0x20>)
100003dc:	f7ff ffc1 	bl	10000362 <hw_claim_unused_from_range>
100003e0:	b003      	add	sp, #12
100003e2:	f85d fb04 	ldr.w	pc, [sp], #4
100003e6:	bf00      	nop
100003e8:	10006184 	.word	0x10006184
100003ec:	20001608 	.word	0x20001608

100003f0 <spinlock_set_extexclall>:
100003f0:	f04f 22e0 	mov.w	r2, #3758153728	@ 0xe000e000
100003f4:	6893      	ldr	r3, [r2, #8]
100003f6:	f043 5300 	orr.w	r3, r3, #536870912	@ 0x20000000
100003fa:	6093      	str	r3, [r2, #8]
100003fc:	4770      	bx	lr
	...

10000400 <spin_locks_reset>:
10000400:	2300      	movs	r3, #0
10000402:	e005      	b.n	10000410 <spin_locks_reset+0x10>
10000404:	4a04      	ldr	r2, [pc, #16]	@ (10000418 <spin_locks_reset+0x18>)
10000406:	441a      	add	r2, r3
10000408:	2100      	movs	r1, #0
1000040a:	e8c2 1f8f 	stlb	r1, [r2]
1000040e:	3301      	adds	r3, #1
10000410:	2b1f      	cmp	r3, #31
10000412:	d9f7      	bls.n	10000404 <spin_locks_reset+0x4>
10000414:	4770      	bx	lr
10000416:	bf00      	nop
10000418:	200011ec 	.word	0x200011ec

1000041c <set_raw_irq_handler_and_unlock>:
1000041c:	4b06      	ldr	r3, [pc, #24]	@ (10000438 <set_raw_irq_handler_and_unlock+0x1c>)
1000041e:	689b      	ldr	r3, [r3, #8]
10000420:	3010      	adds	r0, #16
10000422:	f843 1020 	str.w	r1, [r3, r0, lsl #2]
10000426:	f3bf 8f5f 	dmb	sy
1000042a:	2300      	movs	r3, #0
1000042c:	4903      	ldr	r1, [pc, #12]	@ (1000043c <set_raw_irq_handler_and_unlock+0x20>)
1000042e:	e8c1 3f8f 	stlb	r3, [r1]
10000432:	f382 8810 	msr	PRIMASK, r2
10000436:	4770      	bx	lr
10000438:	e000ed00 	.word	0xe000ed00
1000043c:	200011f5 	.word	0x200011f5

10000440 <nvic_ipr0>:
10000440:	4800      	ldr	r0, [pc, #0]	@ (10000444 <nvic_ipr0+0x4>)
10000442:	4770      	bx	lr
10000444:	e000e400 	.word	0xe000e400

10000448 <runtime_init_per_core_irq_priorities>:
10000448:	b508      	push	{r3, lr}
1000044a:	f7ff fff9 	bl	10000440 <nvic_ipr0>
1000044e:	2300      	movs	r3, #0
10000450:	e004      	b.n	1000045c <runtime_init_per_core_irq_priorities+0x14>
10000452:	f04f 3280 	mov.w	r2, #2155905152	@ 0x80808080
10000456:	f840 2b04 	str.w	r2, [r0], #4
1000045a:	3301      	adds	r3, #1
1000045c:	2b0c      	cmp	r3, #12
1000045e:	d9f8      	bls.n	10000452 <runtime_init_per_core_irq_priorities+0xa>
10000460:	b662      	cpsie	i
10000462:	bd08      	pop	{r3, pc}

10000464 <resolve_j_16>:
10000464:	b508      	push	{r3, lr}
10000466:	8803      	ldrh	r3, [r0, #0]
10000468:	0ada      	lsrs	r2, r3, #11
1000046a:	2a1c      	cmp	r2, #28
1000046c:	d106      	bne.n	1000047c <resolve_j_16+0x18>
1000046e:	055b      	lsls	r3, r3, #21
10000470:	d40b      	bmi.n	1000048a <resolve_j_16+0x26>
10000472:	155b      	asrs	r3, r3, #21
10000474:	3302      	adds	r3, #2
10000476:	eb00 0043 	add.w	r0, r0, r3, lsl #1
1000047a:	bd08      	pop	{r3, pc}
1000047c:	4b06      	ldr	r3, [pc, #24]	@ (10000498 <resolve_j_16+0x34>)
1000047e:	4a07      	ldr	r2, [pc, #28]	@ (1000049c <resolve_j_16+0x38>)
10000480:	f44f 718e 	mov.w	r1, #284	@ 0x11c
10000484:	4806      	ldr	r0, [pc, #24]	@ (100004a0 <resolve_j_16+0x3c>)
10000486:	f002 fc3f 	bl	10002d08 <__assert_func>
1000048a:	f503 13ff 	add.w	r3, r3, #2088960	@ 0x1fe000
1000048e:	f503 53ff 	add.w	r3, r3, #8160	@ 0x1fe0
10000492:	331f      	adds	r3, #31
10000494:	e7ed      	b.n	10000472 <resolve_j_16+0xe>
10000496:	bf00      	nop
10000498:	100061a0 	.word	0x100061a0
1000049c:	10006a44 	.word	0x10006a44
100004a0:	100061b8 	.word	0x100061b8

100004a4 <make_j_16>:
100004a4:	b508      	push	{r3, lr}
100004a6:	1a09      	subs	r1, r1, r0
100004a8:	f201 72fc 	addw	r2, r1, #2044	@ 0x7fc
100004ac:	f640 73fe 	movw	r3, #4094	@ 0xffe
100004b0:	429a      	cmp	r2, r3
100004b2:	d808      	bhi.n	100004c6 <make_j_16+0x22>
100004b4:	1f08      	subs	r0, r1, #4
100004b6:	f011 0f01 	tst.w	r1, #1
100004ba:	d104      	bne.n	100004c6 <make_j_16+0x22>
100004bc:	f3c0 004a 	ubfx	r0, r0, #1, #11
100004c0:	f440 4060 	orr.w	r0, r0, #57344	@ 0xe000
100004c4:	bd08      	pop	{r3, pc}
100004c6:	4b03      	ldr	r3, [pc, #12]	@ (100004d4 <make_j_16+0x30>)
100004c8:	4a03      	ldr	r2, [pc, #12]	@ (100004d8 <make_j_16+0x34>)
100004ca:	f44f 7187 	mov.w	r1, #270	@ 0x10e
100004ce:	4803      	ldr	r0, [pc, #12]	@ (100004dc <make_j_16+0x38>)
100004d0:	f002 fc1a 	bl	10002d08 <__assert_func>
100004d4:	10006204 	.word	0x10006204
100004d8:	10006a38 	.word	0x10006a38
100004dc:	100061b8 	.word	0x100061b8

100004e0 <irq_is_enabled>:
100004e0:	0942      	lsrs	r2, r0, #5
100004e2:	4b06      	ldr	r3, [pc, #24]	@ (100004fc <irq_is_enabled+0x1c>)
100004e4:	f853 3022 	ldr.w	r3, [r3, r2, lsl #2]
100004e8:	f000 001f 	and.w	r0, r0, #31
100004ec:	2201      	movs	r2, #1
100004ee:	4082      	lsls	r2, r0
100004f0:	ea03 0002 	and.w	r0, r3, r2
100004f4:	3800      	subs	r0, #0
100004f6:	bf18      	it	ne
100004f8:	2001      	movne	r0, #1
100004fa:	4770      	bx	lr
100004fc:	e000e100 	.word	0xe000e100

10000500 <irq_set_mask_n_enabled>:
10000500:	b13a      	cbz	r2, 10000512 <irq_set_mask_n_enabled+0x12>
10000502:	4b06      	ldr	r3, [pc, #24]	@ (1000051c <irq_set_mask_n_enabled+0x1c>)
10000504:	f100 0260 	add.w	r2, r0, #96	@ 0x60
10000508:	f843 1022 	str.w	r1, [r3, r2, lsl #2]
1000050c:	f843 1020 	str.w	r1, [r3, r0, lsl #2]
10000510:	4770      	bx	lr
10000512:	3020      	adds	r0, #32
10000514:	4b01      	ldr	r3, [pc, #4]	@ (1000051c <irq_set_mask_n_enabled+0x1c>)
10000516:	f843 1020 	str.w	r1, [r3, r0, lsl #2]
1000051a:	4770      	bx	lr
1000051c:	e000e100 	.word	0xe000e100

10000520 <irq_set_enabled>:
10000520:	b508      	push	{r3, lr}
10000522:	460a      	mov	r2, r1
10000524:	f000 031f 	and.w	r3, r0, #31
10000528:	2101      	movs	r1, #1
1000052a:	4099      	lsls	r1, r3
1000052c:	0940      	lsrs	r0, r0, #5
1000052e:	f7ff ffe7 	bl	10000500 <irq_set_mask_n_enabled>
10000532:	bd08      	pop	{r3, pc}

10000534 <irq_set_pending>:
10000534:	f000 021f 	and.w	r2, r0, #31
10000538:	0940      	lsrs	r0, r0, #5
1000053a:	2301      	movs	r3, #1
1000053c:	4093      	lsls	r3, r2
1000053e:	3040      	adds	r0, #64	@ 0x40
10000540:	4a01      	ldr	r2, [pc, #4]	@ (10000548 <irq_set_pending+0x14>)
10000542:	f842 3020 	str.w	r3, [r2, r0, lsl #2]
10000546:	4770      	bx	lr
10000548:	e000e100 	.word	0xe000e100

1000054c <irq_get_vtable_handler>:
1000054c:	4b02      	ldr	r3, [pc, #8]	@ (10000558 <irq_get_vtable_handler+0xc>)
1000054e:	689b      	ldr	r3, [r3, #8]
10000550:	3010      	adds	r0, #16
10000552:	f853 0020 	ldr.w	r0, [r3, r0, lsl #2]
10000556:	4770      	bx	lr
10000558:	e000ed00 	.word	0xe000ed00

1000055c <irq_has_shared_handler>:
1000055c:	b508      	push	{r3, lr}
1000055e:	f7ff fff5 	bl	1000054c <irq_get_vtable_handler>
10000562:	4b03      	ldr	r3, [pc, #12]	@ (10000570 <irq_has_shared_handler+0x14>)
10000564:	1ac0      	subs	r0, r0, r3
10000566:	282f      	cmp	r0, #47	@ 0x2f
10000568:	bf8c      	ite	hi
1000056a:	2000      	movhi	r0, #0
1000056c:	2001      	movls	r0, #1
1000056e:	bd08      	pop	{r3, pc}
10000570:	20000e1c 	.word	0x20000e1c

10000574 <irq_set_exclusive_handler>:
10000574:	b570      	push	{r4, r5, r6, lr}
10000576:	4605      	mov	r5, r0
10000578:	460c      	mov	r4, r1
1000057a:	f3ef 8610 	mrs	r6, PRIMASK
1000057e:	b672      	cpsid	i
10000580:	4b0f      	ldr	r3, [pc, #60]	@ (100005c0 <irq_set_exclusive_handler+0x4c>)
10000582:	e8d3 1fcf 	ldaexb	r1, [r3]
10000586:	2201      	movs	r2, #1
10000588:	2900      	cmp	r1, #0
1000058a:	d1fa      	bne.n	10000582 <irq_set_exclusive_handler+0xe>
1000058c:	e8c3 2f41 	strexb	r1, r2, [r3]
10000590:	2900      	cmp	r1, #0
10000592:	d1f6      	bne.n	10000582 <irq_set_exclusive_handler+0xe>
10000594:	f3bf 8f5f 	dmb	sy
10000598:	f7ff ffd8 	bl	1000054c <irq_get_vtable_handler>
1000059c:	4b09      	ldr	r3, [pc, #36]	@ (100005c4 <irq_set_exclusive_handler+0x50>)
1000059e:	4298      	cmp	r0, r3
100005a0:	d001      	beq.n	100005a6 <irq_set_exclusive_handler+0x32>
100005a2:	42a0      	cmp	r0, r4
100005a4:	d105      	bne.n	100005b2 <irq_set_exclusive_handler+0x3e>
100005a6:	4632      	mov	r2, r6
100005a8:	4621      	mov	r1, r4
100005aa:	4628      	mov	r0, r5
100005ac:	f7ff ff36 	bl	1000041c <set_raw_irq_handler_and_unlock>
100005b0:	bd70      	pop	{r4, r5, r6, pc}
100005b2:	4b05      	ldr	r3, [pc, #20]	@ (100005c8 <irq_set_exclusive_handler+0x54>)
100005b4:	4a05      	ldr	r2, [pc, #20]	@ (100005cc <irq_set_exclusive_handler+0x58>)
100005b6:	21ed      	movs	r1, #237	@ 0xed
100005b8:	4805      	ldr	r0, [pc, #20]	@ (100005d0 <irq_set_exclusive_handler+0x5c>)
100005ba:	f002 fba5 	bl	10002d08 <__assert_func>
100005be:	bf00      	nop
100005c0:	200011f5 	.word	0x200011f5
100005c4:	10000111 	.word	0x10000111
100005c8:	10006234 	.word	0x10006234
100005cc:	10006a6c 	.word	0x10006a6c
100005d0:	100061b8 	.word	0x100061b8

100005d4 <irq_add_shared_handler>:
100005d4:	e92d 4ff0 	stmdb	sp!, {r4, r5, r6, r7, r8, r9, sl, fp, lr}
100005d8:	b087      	sub	sp, #28
100005da:	9100      	str	r1, [sp, #0]
100005dc:	4615      	mov	r5, r2
100005de:	f3ef 8a10 	mrs	sl, PRIMASK
100005e2:	b672      	cpsid	i
100005e4:	4b7c      	ldr	r3, [pc, #496]	@ (100007d8 <irq_add_shared_handler+0x204>)
100005e6:	e8d3 1fcf 	ldaexb	r1, [r3]
100005ea:	2201      	movs	r2, #1
100005ec:	2900      	cmp	r1, #0
100005ee:	d1fa      	bne.n	100005e6 <irq_add_shared_handler+0x12>
100005f0:	e8c3 2f41 	strexb	r1, r2, [r3]
100005f4:	2900      	cmp	r1, #0
100005f6:	d1f6      	bne.n	100005e6 <irq_add_shared_handler+0x12>
100005f8:	f3bf 8f5f 	dmb	sy
100005fc:	4b77      	ldr	r3, [pc, #476]	@ (100007dc <irq_add_shared_handler+0x208>)
100005fe:	f993 4000 	ldrsb.w	r4, [r3]
10000602:	2c00      	cmp	r4, #0
10000604:	db44      	blt.n	10000690 <irq_add_shared_handler+0xbc>
10000606:	4680      	mov	r8, r0
10000608:	eb04 0744 	add.w	r7, r4, r4, lsl #1
1000060c:	4b74      	ldr	r3, [pc, #464]	@ (100007e0 <irq_add_shared_handler+0x20c>)
1000060e:	eb03 0787 	add.w	r7, r3, r7, lsl #2
10000612:	f997 1006 	ldrsb.w	r1, [r7, #6]
10000616:	4a71      	ldr	r2, [pc, #452]	@ (100007dc <irq_add_shared_handler+0x208>)
10000618:	7011      	strb	r1, [r2, #0]
1000061a:	4a72      	ldr	r2, [pc, #456]	@ (100007e4 <irq_add_shared_handler+0x210>)
1000061c:	6892      	ldr	r2, [r2, #8]
1000061e:	f100 0110 	add.w	r1, r0, #16
10000622:	f852 9021 	ldr.w	r9, [r2, r1, lsl #2]
10000626:	eba9 0203 	sub.w	r2, r9, r3
1000062a:	2a2f      	cmp	r2, #47	@ 0x2f
1000062c:	d93e      	bls.n	100006ac <irq_add_shared_handler+0xd8>
1000062e:	4b6e      	ldr	r3, [pc, #440]	@ (100007e8 <irq_add_shared_handler+0x214>)
10000630:	4599      	cmp	r9, r3
10000632:	d134      	bne.n	1000069e <irq_add_shared_handler+0xca>
10000634:	f44f 4321 	mov.w	r3, #41216	@ 0xa100
10000638:	f8ad 300c 	strh.w	r3, [sp, #12]
1000063c:	ea4f 0944 	mov.w	r9, r4, lsl #1
10000640:	eb04 0044 	add.w	r0, r4, r4, lsl #1
10000644:	4e66      	ldr	r6, [pc, #408]	@ (100007e0 <irq_add_shared_handler+0x20c>)
10000646:	eb06 0080 	add.w	r0, r6, r0, lsl #2
1000064a:	4968      	ldr	r1, [pc, #416]	@ (100007ec <irq_add_shared_handler+0x218>)
1000064c:	3002      	adds	r0, #2
1000064e:	f7ff ff29 	bl	100004a4 <make_j_16>
10000652:	f8ad 000e 	strh.w	r0, [sp, #14]
10000656:	f64b 5301 	movw	r3, #48385	@ 0xbd01
1000065a:	f8ad 3010 	strh.w	r3, [sp, #16]
1000065e:	23ff      	movs	r3, #255	@ 0xff
10000660:	f88d 3012 	strb.w	r3, [sp, #18]
10000664:	f88d 5013 	strb.w	r5, [sp, #19]
10000668:	9b00      	ldr	r3, [sp, #0]
1000066a:	9305      	str	r3, [sp, #20]
1000066c:	44a1      	add	r9, r4
1000066e:	eb06 0389 	add.w	r3, r6, r9, lsl #2
10000672:	aa06      	add	r2, sp, #24
10000674:	e912 0007 	ldmdb	r2, {r0, r1, r2}
10000678:	e883 0007 	stmia.w	r3, {r0, r1, r2}
1000067c:	f047 0901 	orr.w	r9, r7, #1
10000680:	4652      	mov	r2, sl
10000682:	4649      	mov	r1, r9
10000684:	4640      	mov	r0, r8
10000686:	f7ff fec9 	bl	1000041c <set_raw_irq_handler_and_unlock>
1000068a:	b007      	add	sp, #28
1000068c:	e8bd 8ff0 	ldmia.w	sp!, {r4, r5, r6, r7, r8, r9, sl, fp, pc}
10000690:	4b57      	ldr	r3, [pc, #348]	@ (100007f0 <irq_add_shared_handler+0x21c>)
10000692:	4a58      	ldr	r2, [pc, #352]	@ (100007f4 <irq_add_shared_handler+0x220>)
10000694:	f44f 71be 	mov.w	r1, #380	@ 0x17c
10000698:	4857      	ldr	r0, [pc, #348]	@ (100007f8 <irq_add_shared_handler+0x224>)
1000069a:	f002 fb35 	bl	10002d08 <__assert_func>
1000069e:	4b57      	ldr	r3, [pc, #348]	@ (100007fc <irq_add_shared_handler+0x228>)
100006a0:	4a54      	ldr	r2, [pc, #336]	@ (100007f4 <irq_add_shared_handler+0x220>)
100006a2:	f240 1183 	movw	r1, #387	@ 0x183
100006a6:	4854      	ldr	r0, [pc, #336]	@ (100007f8 <irq_add_shared_handler+0x224>)
100006a8:	f002 fb2e 	bl	10002d08 <__assert_func>
100006ac:	f029 0b01 	bic.w	fp, r9, #1
100006b0:	ebab 0303 	sub.w	r3, fp, r3
100006b4:	4a52      	ldr	r2, [pc, #328]	@ (10000800 <irq_add_shared_handler+0x22c>)
100006b6:	fba2 1203 	umull	r1, r2, r2, r3
100006ba:	08d2      	lsrs	r2, r2, #3
100006bc:	eb02 0242 	add.w	r2, r2, r2, lsl #1
100006c0:	ebb3 0f82 	cmp.w	r3, r2, lsl #2
100006c4:	d10f      	bne.n	100006e6 <irq_add_shared_handler+0x112>
100006c6:	465b      	mov	r3, fp
100006c8:	2600      	movs	r6, #0
100006ca:	79da      	ldrb	r2, [r3, #7]
100006cc:	42aa      	cmp	r2, r5
100006ce:	d912      	bls.n	100006f6 <irq_add_shared_handler+0x122>
100006d0:	f993 2006 	ldrsb.w	r2, [r3, #6]
100006d4:	2a00      	cmp	r2, #0
100006d6:	db0d      	blt.n	100006f4 <irq_add_shared_handler+0x120>
100006d8:	eb02 0242 	add.w	r2, r2, r2, lsl #1
100006dc:	461e      	mov	r6, r3
100006de:	4b40      	ldr	r3, [pc, #256]	@ (100007e0 <irq_add_shared_handler+0x20c>)
100006e0:	eb03 0382 	add.w	r3, r3, r2, lsl #2
100006e4:	e7f1      	b.n	100006ca <irq_add_shared_handler+0xf6>
100006e6:	4b47      	ldr	r3, [pc, #284]	@ (10000804 <irq_add_shared_handler+0x230>)
100006e8:	4a42      	ldr	r2, [pc, #264]	@ (100007f4 <irq_add_shared_handler+0x220>)
100006ea:	f44f 71ca 	mov.w	r1, #404	@ 0x194
100006ee:	4842      	ldr	r0, [pc, #264]	@ (100007f8 <irq_add_shared_handler+0x224>)
100006f0:	f002 fb0a 	bl	10002d08 <__assert_func>
100006f4:	461e      	mov	r6, r3
100006f6:	b3a6      	cbz	r6, 10000762 <irq_add_shared_handler+0x18e>
100006f8:	f644 0301 	movw	r3, #18433	@ 0x4801
100006fc:	f8ad 300c 	strh.w	r3, [sp, #12]
10000700:	f44f 438f 	mov.w	r3, #18304	@ 0x4780
10000704:	f8ad 300e 	strh.w	r3, [sp, #14]
10000708:	f996 b006 	ldrsb.w	fp, [r6, #6]
1000070c:	f1bb 0f00 	cmp.w	fp, #0
10000710:	da1a      	bge.n	10000748 <irq_add_shared_handler+0x174>
10000712:	f64b 5001 	movw	r0, #48385	@ 0xbd01
10000716:	f8ad 0010 	strh.w	r0, [sp, #16]
1000071a:	f88d b012 	strb.w	fp, [sp, #18]
1000071e:	f88d 5013 	strb.w	r5, [sp, #19]
10000722:	9b00      	ldr	r3, [sp, #0]
10000724:	9305      	str	r3, [sp, #20]
10000726:	4639      	mov	r1, r7
10000728:	1d30      	adds	r0, r6, #4
1000072a:	f7ff febb 	bl	100004a4 <make_j_16>
1000072e:	80b0      	strh	r0, [r6, #4]
10000730:	71b4      	strb	r4, [r6, #6]
10000732:	eb04 0444 	add.w	r4, r4, r4, lsl #1
10000736:	4b2a      	ldr	r3, [pc, #168]	@ (100007e0 <irq_add_shared_handler+0x20c>)
10000738:	eb03 0384 	add.w	r3, r3, r4, lsl #2
1000073c:	aa06      	add	r2, sp, #24
1000073e:	e912 0007 	ldmdb	r2, {r0, r1, r2}
10000742:	e883 0007 	stmia.w	r3, {r0, r1, r2}
10000746:	e79b      	b.n	10000680 <irq_add_shared_handler+0xac>
10000748:	1d30      	adds	r0, r6, #4
1000074a:	f7ff fe8b 	bl	10000464 <resolve_j_16>
1000074e:	4601      	mov	r1, r0
10000750:	eb04 0244 	add.w	r2, r4, r4, lsl #1
10000754:	4b22      	ldr	r3, [pc, #136]	@ (100007e0 <irq_add_shared_handler+0x20c>)
10000756:	eb03 0382 	add.w	r3, r3, r2, lsl #2
1000075a:	1d18      	adds	r0, r3, #4
1000075c:	f7ff fea2 	bl	100004a4 <make_j_16>
10000760:	e7d9      	b.n	10000716 <irq_add_shared_handler+0x142>
10000762:	f44f 4321 	mov.w	r3, #41216	@ 0xa100
10000766:	f8ad 300c 	strh.w	r3, [sp, #12]
1000076a:	0063      	lsls	r3, r4, #1
1000076c:	9301      	str	r3, [sp, #4]
1000076e:	eb04 0644 	add.w	r6, r4, r4, lsl #1
10000772:	f8df 906c 	ldr.w	r9, [pc, #108]	@ 100007e0 <irq_add_shared_handler+0x20c>
10000776:	eb09 0686 	add.w	r6, r9, r6, lsl #2
1000077a:	491c      	ldr	r1, [pc, #112]	@ (100007ec <irq_add_shared_handler+0x218>)
1000077c:	1cb0      	adds	r0, r6, #2
1000077e:	f7ff fe91 	bl	100004a4 <make_j_16>
10000782:	f8ad 000e 	strh.w	r0, [sp, #14]
10000786:	4659      	mov	r1, fp
10000788:	1d30      	adds	r0, r6, #4
1000078a:	f7ff fe8b 	bl	100004a4 <make_j_16>
1000078e:	f8ad 0010 	strh.w	r0, [sp, #16]
10000792:	f64a 23aa 	movw	r3, #43690	@ 0xaaaa
10000796:	465a      	mov	r2, fp
10000798:	4649      	mov	r1, r9
1000079a:	1a52      	subs	r2, r2, r1
1000079c:	4152      	adcs	r2, r2
1000079e:	4353      	muls	r3, r2
100007a0:	0d1b      	lsrs	r3, r3, #20
100007a2:	f88d 3012 	strb.w	r3, [sp, #18]
100007a6:	f88d 5013 	strb.w	r5, [sp, #19]
100007aa:	9a00      	ldr	r2, [sp, #0]
100007ac:	9205      	str	r2, [sp, #20]
100007ae:	9b01      	ldr	r3, [sp, #4]
100007b0:	4423      	add	r3, r4
100007b2:	eb09 0983 	add.w	r9, r9, r3, lsl #2
100007b6:	ab06      	add	r3, sp, #24
100007b8:	e913 0007 	ldmdb	r3, {r0, r1, r2}
100007bc:	e889 0007 	stmia.w	r9, {r0, r1, r2}
100007c0:	f644 0301 	movw	r3, #18433	@ 0x4801
100007c4:	f8ab 3000 	strh.w	r3, [fp]
100007c8:	f44f 438f 	mov.w	r3, #18304	@ 0x4780
100007cc:	f8ab 3002 	strh.w	r3, [fp, #2]
100007d0:	f047 0901 	orr.w	r9, r7, #1
100007d4:	e754      	b.n	10000680 <irq_add_shared_handler+0xac>
100007d6:	bf00      	nop
100007d8:	200011f5 	.word	0x200011f5
100007dc:	20001adc 	.word	0x20001adc
100007e0:	20000e1c 	.word	0x20000e1c
100007e4:	e000ed00 	.word	0xe000ed00
100007e8:	10000111 	.word	0x10000111
100007ec:	20000e4c 	.word	0x20000e4c
100007f0:	1000626c 	.word	0x1000626c
100007f4:	10006a54 	.word	0x10006a54
100007f8:	100061b8 	.word	0x100061b8
100007fc:	10006294 	.word	0x10006294
10000800:	aaaaaaab 	.word	0xaaaaaaab
10000804:	100062bc 	.word	0x100062bc

10000808 <irq_add_tail_to_free_list>:
10000808:	b538      	push	{r3, r4, r5, lr}
1000080a:	f040 0401 	orr.w	r4, r0, #1
1000080e:	4b32      	ldr	r3, [pc, #200]	@ (100008d8 <irq_add_tail_to_free_list+0xd0>)
10000810:	1ae3      	subs	r3, r4, r3
10000812:	2b2f      	cmp	r3, #47	@ 0x2f
10000814:	d831      	bhi.n	1000087a <irq_add_tail_to_free_list+0x72>
10000816:	f3ef 8105 	mrs	r1, IPSR
1000081a:	b2c9      	uxtb	r1, r1
1000081c:	2900      	cmp	r1, #0
1000081e:	d033      	beq.n	10000888 <irq_add_tail_to_free_list+0x80>
10000820:	f3ef 8e10 	mrs	lr, PRIMASK
10000824:	b672      	cpsid	i
10000826:	4b2d      	ldr	r3, [pc, #180]	@ (100008dc <irq_add_tail_to_free_list+0xd4>)
10000828:	e8d3 5fcf 	ldaexb	r5, [r3]
1000082c:	2201      	movs	r2, #1
1000082e:	2d00      	cmp	r5, #0
10000830:	d1fa      	bne.n	10000828 <irq_add_tail_to_free_list+0x20>
10000832:	e8c3 2f45 	strexb	r5, r2, [r3]
10000836:	2d00      	cmp	r5, #0
10000838:	d1f6      	bne.n	10000828 <irq_add_tail_to_free_list+0x20>
1000083a:	f3bf 8f5f 	dmb	sy
1000083e:	f64a 23aa 	movw	r3, #43690	@ 0xaaaa
10000842:	4602      	mov	r2, r0
10000844:	4d24      	ldr	r5, [pc, #144]	@ (100008d8 <irq_add_tail_to_free_list+0xd0>)
10000846:	1b52      	subs	r2, r2, r5
10000848:	4152      	adcs	r2, r2
1000084a:	4353      	muls	r3, r2
1000084c:	0d1b      	lsrs	r3, r3, #20
1000084e:	fa4f fc83 	sxtb.w	ip, r3
10000852:	4b23      	ldr	r3, [pc, #140]	@ (100008e0 <irq_add_tail_to_free_list+0xd8>)
10000854:	689b      	ldr	r3, [r3, #8]
10000856:	f853 3021 	ldr.w	r3, [r3, r1, lsl #2]
1000085a:	42a3      	cmp	r3, r4
1000085c:	d01b      	beq.n	10000896 <irq_add_tail_to_free_list+0x8e>
1000085e:	2300      	movs	r3, #0
10000860:	2b03      	cmp	r3, #3
10000862:	d832      	bhi.n	100008ca <irq_add_tail_to_free_list+0xc2>
10000864:	eb03 0143 	add.w	r1, r3, r3, lsl #1
10000868:	4a1b      	ldr	r2, [pc, #108]	@ (100008d8 <irq_add_tail_to_free_list+0xd0>)
1000086a:	eb02 0281 	add.w	r2, r2, r1, lsl #2
1000086e:	f992 2006 	ldrsb.w	r2, [r2, #6]
10000872:	4562      	cmp	r2, ip
10000874:	d020      	beq.n	100008b8 <irq_add_tail_to_free_list+0xb0>
10000876:	3301      	adds	r3, #1
10000878:	e7f2      	b.n	10000860 <irq_add_tail_to_free_list+0x58>
1000087a:	4b1a      	ldr	r3, [pc, #104]	@ (100008e4 <irq_add_tail_to_free_list+0xdc>)
1000087c:	4a1a      	ldr	r2, [pc, #104]	@ (100008e8 <irq_add_tail_to_free_list+0xe0>)
1000087e:	f240 217f 	movw	r1, #639	@ 0x27f
10000882:	481a      	ldr	r0, [pc, #104]	@ (100008ec <irq_add_tail_to_free_list+0xe4>)
10000884:	f002 fa40 	bl	10002d08 <__assert_func>
10000888:	4b19      	ldr	r3, [pc, #100]	@ (100008f0 <irq_add_tail_to_free_list+0xe8>)
1000088a:	4a17      	ldr	r2, [pc, #92]	@ (100008e8 <irq_add_tail_to_free_list+0xe0>)
1000088c:	f240 2182 	movw	r1, #642	@ 0x282
10000890:	4816      	ldr	r0, [pc, #88]	@ (100008ec <irq_add_tail_to_free_list+0xe4>)
10000892:	f002 fa39 	bl	10002d08 <__assert_func>
10000896:	4b12      	ldr	r3, [pc, #72]	@ (100008e0 <irq_add_tail_to_free_list+0xd8>)
10000898:	689b      	ldr	r3, [r3, #8]
1000089a:	4a16      	ldr	r2, [pc, #88]	@ (100008f4 <irq_add_tail_to_free_list+0xec>)
1000089c:	f843 2021 	str.w	r2, [r3, r1, lsl #2]
100008a0:	4b15      	ldr	r3, [pc, #84]	@ (100008f8 <irq_add_tail_to_free_list+0xf0>)
100008a2:	781a      	ldrb	r2, [r3, #0]
100008a4:	7182      	strb	r2, [r0, #6]
100008a6:	f883 c000 	strb.w	ip, [r3]
100008aa:	2300      	movs	r3, #0
100008ac:	4a0b      	ldr	r2, [pc, #44]	@ (100008dc <irq_add_tail_to_free_list+0xd4>)
100008ae:	e8c2 3f8f 	stlb	r3, [r2]
100008b2:	f38e 8810 	msr	PRIMASK, lr
100008b6:	bd38      	pop	{r3, r4, r5, pc}
100008b8:	4a07      	ldr	r2, [pc, #28]	@ (100008d8 <irq_add_tail_to_free_list+0xd0>)
100008ba:	eb02 0181 	add.w	r1, r2, r1, lsl #2
100008be:	24ff      	movs	r4, #255	@ 0xff
100008c0:	718c      	strb	r4, [r1, #6]
100008c2:	f64b 5301 	movw	r3, #48385	@ 0xbd01
100008c6:	808b      	strh	r3, [r1, #4]
100008c8:	e7ea      	b.n	100008a0 <irq_add_tail_to_free_list+0x98>
100008ca:	4b0c      	ldr	r3, [pc, #48]	@ (100008fc <irq_add_tail_to_free_list+0xf4>)
100008cc:	4a06      	ldr	r2, [pc, #24]	@ (100008e8 <irq_add_tail_to_free_list+0xe0>)
100008ce:	f240 2193 	movw	r1, #659	@ 0x293
100008d2:	4806      	ldr	r0, [pc, #24]	@ (100008ec <irq_add_tail_to_free_list+0xe4>)
100008d4:	f002 fa18 	bl	10002d08 <__assert_func>
100008d8:	20000e1c 	.word	0x20000e1c
100008dc:	200011f5 	.word	0x200011f5
100008e0:	e000ed00 	.word	0xe000ed00
100008e4:	10006340 	.word	0x10006340
100008e8:	10006a1c 	.word	0x10006a1c
100008ec:	100061b8 	.word	0x100061b8
100008f0:	10006368 	.word	0x10006368
100008f4:	10000111 	.word	0x10000111
100008f8:	20001adc 	.word	0x20001adc
100008fc:	10006374 	.word	0x10006374

10000900 <user_irq_claim_unused>:
10000900:	b500      	push	{lr}
10000902:	b083      	sub	sp, #12
10000904:	4601      	mov	r1, r0
10000906:	4b07      	ldr	r3, [pc, #28]	@ (10000924 <user_irq_claim_unused+0x24>)
10000908:	9300      	str	r3, [sp, #0]
1000090a:	2305      	movs	r3, #5
1000090c:	2200      	movs	r2, #0
1000090e:	4806      	ldr	r0, [pc, #24]	@ (10000928 <user_irq_claim_unused+0x28>)
10000910:	f7ff fd27 	bl	10000362 <hw_claim_unused_from_range>
10000914:	2800      	cmp	r0, #0
10000916:	db01      	blt.n	1000091c <user_irq_claim_unused+0x1c>
10000918:	f1c0 0033 	rsb	r0, r0, #51	@ 0x33
1000091c:	b003      	add	sp, #12
1000091e:	f85d fb04 	ldr.w	pc, [sp], #4
10000922:	bf00      	nop
10000924:	1000637c 	.word	0x1000637c
10000928:	20001ae0 	.word	0x20001ae0

1000092c <lock_init>:
1000092c:	4b01      	ldr	r3, [pc, #4]	@ (10000934 <lock_init+0x8>)
1000092e:	440b      	add	r3, r1
10000930:	6003      	str	r3, [r0, #0]
10000932:	4770      	bx	lr
10000934:	200011ec 	.word	0x200011ec

10000938 <mutex_init>:
10000938:	b510      	push	{r4, lr}
1000093a:	4604      	mov	r4, r0
1000093c:	f7ff fd38 	bl	100003b0 <next_striped_spin_lock_num>
10000940:	4601      	mov	r1, r0
10000942:	4620      	mov	r0, r4
10000944:	f7ff fff2 	bl	1000092c <lock_init>
10000948:	23ff      	movs	r3, #255	@ 0xff
1000094a:	7123      	strb	r3, [r4, #4]
1000094c:	f3bf 8f5f 	dmb	sy
10000950:	bd10      	pop	{r4, pc}

10000952 <recursive_mutex_init>:
10000952:	b510      	push	{r4, lr}
10000954:	4604      	mov	r4, r0
10000956:	f7ff fd2b 	bl	100003b0 <next_striped_spin_lock_num>
1000095a:	4601      	mov	r1, r0
1000095c:	4620      	mov	r0, r4
1000095e:	f7ff ffe5 	bl	1000092c <lock_init>
10000962:	23ff      	movs	r3, #255	@ 0xff
10000964:	7123      	strb	r3, [r4, #4]
10000966:	2300      	movs	r3, #0
10000968:	7163      	strb	r3, [r4, #5]
1000096a:	f3bf 8f5f 	dmb	sy
1000096e:	bd10      	pop	{r4, pc}

10000970 <runtime_init_mutex>:
10000970:	b510      	push	{r4, lr}
10000972:	4c0d      	ldr	r4, [pc, #52]	@ (100009a8 <runtime_init_mutex+0x38>)
10000974:	e009      	b.n	1000098a <runtime_init_mutex+0x1a>
10000976:	4b0d      	ldr	r3, [pc, #52]	@ (100009ac <runtime_init_mutex+0x3c>)
10000978:	4a0d      	ldr	r2, [pc, #52]	@ (100009b0 <runtime_init_mutex+0x40>)
1000097a:	211a      	movs	r1, #26
1000097c:	480d      	ldr	r0, [pc, #52]	@ (100009b4 <runtime_init_mutex+0x44>)
1000097e:	f002 f9c3 	bl	10002d08 <__assert_func>
10000982:	4620      	mov	r0, r4
10000984:	f7ff ffd8 	bl	10000938 <mutex_init>
10000988:	3408      	adds	r4, #8
1000098a:	4b0b      	ldr	r3, [pc, #44]	@ (100009b8 <runtime_init_mutex+0x48>)
1000098c:	429c      	cmp	r4, r3
1000098e:	d209      	bcs.n	100009a4 <runtime_init_mutex+0x34>
10000990:	6823      	ldr	r3, [r4, #0]
10000992:	2b00      	cmp	r3, #0
10000994:	d0f5      	beq.n	10000982 <runtime_init_mutex+0x12>
10000996:	2b01      	cmp	r3, #1
10000998:	d1ed      	bne.n	10000976 <runtime_init_mutex+0x6>
1000099a:	4620      	mov	r0, r4
1000099c:	f7ff ffd9 	bl	10000952 <recursive_mutex_init>
100009a0:	3408      	adds	r4, #8
100009a2:	e7f2      	b.n	1000098a <runtime_init_mutex+0x1a>
100009a4:	bd10      	pop	{r4, pc}
100009a6:	bf00      	nop
100009a8:	20000eb4 	.word	0x20000eb4
100009ac:	10006398 	.word	0x10006398
100009b0:	10006aac 	.word	0x10006aac
100009b4:	100063b8 	.word	0x100063b8
100009b8:	20000ebc 	.word	0x20000ebc

100009bc <critical_section_init_with_lock_num>:
100009bc:	4b02      	ldr	r3, [pc, #8]	@ (100009c8 <critical_section_init_with_lock_num+0xc>)
100009be:	440b      	add	r3, r1
100009c0:	6003      	str	r3, [r0, #0]
100009c2:	f3bf 8f5f 	dmb	sy
100009c6:	4770      	bx	lr
100009c8:	200011ec 	.word	0x200011ec

100009cc <critical_section_init>:
100009cc:	b510      	push	{r4, lr}
100009ce:	4604      	mov	r4, r0
100009d0:	2001      	movs	r0, #1
100009d2:	f7ff fcfb 	bl	100003cc <spin_lock_claim_unused>
100009d6:	4601      	mov	r1, r0
100009d8:	4620      	mov	r0, r4
100009da:	f7ff ffef 	bl	100009bc <critical_section_init_with_lock_num>
100009de:	bd10      	pop	{r4, pc}

100009e0 <ta_from_current_irq>:
100009e0:	4602      	mov	r2, r0
100009e2:	f3ef 8305 	mrs	r3, IPSR
100009e6:	b2db      	uxtb	r3, r3
100009e8:	3b10      	subs	r3, #16
100009ea:	0899      	lsrs	r1, r3, #2
100009ec:	d004      	beq.n	100009f8 <ta_from_current_irq+0x18>
100009ee:	4803      	ldr	r0, [pc, #12]	@ (100009fc <ta_from_current_irq+0x1c>)
100009f0:	f003 0303 	and.w	r3, r3, #3
100009f4:	6013      	str	r3, [r2, #0]
100009f6:	4770      	bx	lr
100009f8:	4801      	ldr	r0, [pc, #4]	@ (10000a00 <ta_from_current_irq+0x20>)
100009fa:	e7f9      	b.n	100009f0 <ta_from_current_irq+0x10>
100009fc:	400b8000 	.word	0x400b8000
10000a00:	400b0000 	.word	0x400b0000

10000a04 <ta_set_timeout>:
10000a04:	b410      	push	{r4}
10000a06:	6a84      	ldr	r4, [r0, #40]	@ 0x28
10000a08:	eba2 0c04 	sub.w	ip, r2, r4
10000a0c:	1d0b      	adds	r3, r1, #4
10000a0e:	f850 3023 	ldr.w	r3, [r0, r3, lsl #2]
10000a12:	1b1b      	subs	r3, r3, r4
10000a14:	459c      	cmp	ip, r3
10000a16:	d304      	bcc.n	10000a22 <ta_set_timeout+0x1e>
10000a18:	6a04      	ldr	r4, [r0, #32]
10000a1a:	2301      	movs	r3, #1
10000a1c:	408b      	lsls	r3, r1
10000a1e:	421c      	tst	r4, r3
10000a20:	d102      	bne.n	10000a28 <ta_set_timeout+0x24>
10000a22:	3104      	adds	r1, #4
10000a24:	f840 2021 	str.w	r2, [r0, r1, lsl #2]
10000a28:	f85d 4b04 	ldr.w	r4, [sp], #4
10000a2c:	4770      	bx	lr

10000a2e <make_alarm_id>:
10000a2e:	ea41 4000 	orr.w	r0, r1, r0, lsl #16
10000a32:	4770      	bx	lr

10000a34 <sleep_until_callback>:
10000a34:	4b0d      	ldr	r3, [pc, #52]	@ (10000a6c <sleep_until_callback+0x38>)
10000a36:	681a      	ldr	r2, [r3, #0]
10000a38:	f3ef 8110 	mrs	r1, PRIMASK
10000a3c:	b672      	cpsid	i
10000a3e:	e8d2 cfcf 	ldaexb	ip, [r2]
10000a42:	2001      	movs	r0, #1
10000a44:	f1bc 0f00 	cmp.w	ip, #0
10000a48:	d1f9      	bne.n	10000a3e <sleep_until_callback+0xa>
10000a4a:	e8c2 0f4c 	strexb	ip, r0, [r2]
10000a4e:	f1bc 0f00 	cmp.w	ip, #0
10000a52:	d1f4      	bne.n	10000a3e <sleep_until_callback+0xa>
10000a54:	f3bf 8f5f 	dmb	sy
10000a58:	681a      	ldr	r2, [r3, #0]
10000a5a:	2300      	movs	r3, #0
10000a5c:	e8c2 3f8f 	stlb	r3, [r2]
10000a60:	f381 8810 	msr	PRIMASK, r1
10000a64:	bf40      	sev
10000a66:	2000      	movs	r0, #0
10000a68:	2100      	movs	r1, #0
10000a6a:	4770      	bx	lr
10000a6c:	20001abc 	.word	0x20001abc

10000a70 <alarm_pool_irq_handler>:
10000a70:	e92d 4ff0 	stmdb	sp!, {r4, r5, r6, r7, r8, r9, sl, fp, lr}
10000a74:	b085      	sub	sp, #20
10000a76:	a803      	add	r0, sp, #12
10000a78:	f7ff ffb2 	bl	100009e0 <ta_from_current_irq>
10000a7c:	4b95      	ldr	r3, [pc, #596]	@ (10000cd4 <alarm_pool_irq_handler+0x264>)
10000a7e:	4298      	cmp	r0, r3
10000a80:	bf14      	ite	ne
10000a82:	2300      	movne	r3, #0
10000a84:	2301      	moveq	r3, #1
10000a86:	9903      	ldr	r1, [sp, #12]
10000a88:	eb01 0383 	add.w	r3, r1, r3, lsl #2
10000a8c:	4a92      	ldr	r2, [pc, #584]	@ (10000cd8 <alarm_pool_irq_handler+0x268>)
10000a8e:	f852 4023 	ldr.w	r4, [r2, r3, lsl #2]
10000a92:	7823      	ldrb	r3, [r4, #0]
10000a94:	4299      	cmp	r1, r3
10000a96:	d106      	bne.n	10000aa6 <alarm_pool_irq_handler+0x36>
10000a98:	4605      	mov	r5, r0
10000a9a:	2201      	movs	r2, #1
10000a9c:	408a      	lsls	r2, r1
10000a9e:	f500 5341 	add.w	r3, r0, #12352	@ 0x3040
10000aa2:	605a      	str	r2, [r3, #4]
10000aa4:	e12c      	b.n	10000d00 <alarm_pool_irq_handler+0x290>
10000aa6:	4b8d      	ldr	r3, [pc, #564]	@ (10000cdc <alarm_pool_irq_handler+0x26c>)
10000aa8:	4a8d      	ldr	r2, [pc, #564]	@ (10000ce0 <alarm_pool_irq_handler+0x270>)
10000aaa:	2192      	movs	r1, #146	@ 0x92
10000aac:	488d      	ldr	r0, [pc, #564]	@ (10000ce4 <alarm_pool_irq_handler+0x274>)
10000aae:	f002 f92b 	bl	10002d08 <__assert_func>
10000ab2:	f8d4 9014 	ldr.w	r9, [r4, #20]
10000ab6:	eb06 0746 	add.w	r7, r6, r6, lsl #1
10000aba:	ea4f 0ac7 	mov.w	sl, r7, lsl #3
10000abe:	eb09 07c7 	add.w	r7, r9, r7, lsl #3
10000ac2:	f8d7 b008 	ldr.w	fp, [r7, #8]
10000ac6:	f8d7 800c 	ldr.w	r8, [r7, #12]
10000aca:	4628      	mov	r0, r5
10000acc:	f000 fbb4 	bl	10001238 <timer_time_us_64>
10000ad0:	ebb0 000b 	subs.w	r0, r0, fp
10000ad4:	eb61 0308 	sbc.w	r3, r1, r8
10000ad8:	2b00      	cmp	r3, #0
10000ada:	f2c0 811a 	blt.w	10000d12 <alarm_pool_irq_handler+0x2a2>
10000ade:	f1b8 0f00 	cmp.w	r8, #0
10000ae2:	db64      	blt.n	10000bae <alarm_pool_irq_handler+0x13e>
10000ae4:	693b      	ldr	r3, [r7, #16]
10000ae6:	461a      	mov	r2, r3
10000ae8:	9300      	str	r3, [sp, #0]
10000aea:	4b7f      	ldr	r3, [pc, #508]	@ (10000ce8 <alarm_pool_irq_handler+0x278>)
10000aec:	429a      	cmp	r2, r3
10000aee:	d030      	beq.n	10000b52 <alarm_pool_irq_handler+0xe2>
10000af0:	8879      	ldrh	r1, [r7, #2]
10000af2:	b289      	uxth	r1, r1
10000af4:	f9b4 0008 	ldrsh.w	r0, [r4, #8]
10000af8:	f7ff ff99 	bl	10000a2e <make_alarm_id>
10000afc:	6979      	ldr	r1, [r7, #20]
10000afe:	9b00      	ldr	r3, [sp, #0]
10000b00:	4798      	blx	r3
10000b02:	9000      	str	r0, [sp, #0]
10000b04:	9101      	str	r1, [sp, #4]
10000b06:	9900      	ldr	r1, [sp, #0]
10000b08:	9a01      	ldr	r2, [sp, #4]
10000b0a:	ea51 0302 	orrs.w	r3, r1, r2
10000b0e:	d04e      	beq.n	10000bae <alarm_pool_irq_handler+0x13e>
10000b10:	4613      	mov	r3, r2
10000b12:	2a00      	cmp	r2, #0
10000b14:	da29      	bge.n	10000b6a <alarm_pool_irq_handler+0xfa>
10000b16:	ebbb 0201 	subs.w	r2, fp, r1
10000b1a:	eb68 0803 	sbc.w	r8, r8, r3
10000b1e:	60ba      	str	r2, [r7, #8]
10000b20:	f8c7 800c 	str.w	r8, [r7, #12]
10000b24:	f939 700a 	ldrsh.w	r7, [r9, sl]
10000b28:	2f00      	cmp	r7, #0
10000b2a:	f2c0 80f2 	blt.w	10000d12 <alarm_pool_irq_handler+0x2a2>
10000b2e:	f8d4 e014 	ldr.w	lr, [r4, #20]
10000b32:	eb07 0347 	add.w	r3, r7, r7, lsl #1
10000b36:	eb0e 03c3 	add.w	r3, lr, r3, lsl #3
10000b3a:	6899      	ldr	r1, [r3, #8]
10000b3c:	68db      	ldr	r3, [r3, #12]
10000b3e:	1a51      	subs	r1, r2, r1
10000b40:	eb68 0303 	sbc.w	r3, r8, r3
10000b44:	2b00      	cmp	r3, #0
10000b46:	f2c0 80e4 	blt.w	10000d12 <alarm_pool_irq_handler+0x2a2>
10000b4a:	46a4      	mov	ip, r4
10000b4c:	f82c 7f08 	strh.w	r7, [ip, #8]!
10000b50:	e017      	b.n	10000b82 <alarm_pool_irq_handler+0x112>
10000b52:	697a      	ldr	r2, [r7, #20]
10000b54:	6913      	ldr	r3, [r2, #16]
10000b56:	9200      	str	r2, [sp, #0]
10000b58:	4610      	mov	r0, r2
10000b5a:	4798      	blx	r3
10000b5c:	b338      	cbz	r0, 10000bae <alarm_pool_irq_handler+0x13e>
10000b5e:	9a00      	ldr	r2, [sp, #0]
10000b60:	6813      	ldr	r3, [r2, #0]
10000b62:	9300      	str	r3, [sp, #0]
10000b64:	6853      	ldr	r3, [r2, #4]
10000b66:	9301      	str	r3, [sp, #4]
10000b68:	e7cd      	b.n	10000b06 <alarm_pool_irq_handler+0x96>
10000b6a:	4628      	mov	r0, r5
10000b6c:	f000 fb64 	bl	10001238 <timer_time_us_64>
10000b70:	9b00      	ldr	r3, [sp, #0]
10000b72:	181a      	adds	r2, r3, r0
10000b74:	9b01      	ldr	r3, [sp, #4]
10000b76:	eb43 0801 	adc.w	r8, r3, r1
10000b7a:	e7d0      	b.n	10000b1e <alarm_pool_irq_handler+0xae>
10000b7c:	469c      	mov	ip, r3
10000b7e:	f93e 700b 	ldrsh.w	r7, [lr, fp]
10000b82:	2f00      	cmp	r7, #0
10000b84:	db0e      	blt.n	10000ba4 <alarm_pool_irq_handler+0x134>
10000b86:	f9bc 3000 	ldrsh.w	r3, [ip]
10000b8a:	eb03 0343 	add.w	r3, r3, r3, lsl #1
10000b8e:	ea4f 0bc3 	mov.w	fp, r3, lsl #3
10000b92:	eb0e 03c3 	add.w	r3, lr, r3, lsl #3
10000b96:	6898      	ldr	r0, [r3, #8]
10000b98:	68d9      	ldr	r1, [r3, #12]
10000b9a:	1a10      	subs	r0, r2, r0
10000b9c:	eb68 0101 	sbc.w	r1, r8, r1
10000ba0:	2900      	cmp	r1, #0
10000ba2:	daeb      	bge.n	10000b7c <alarm_pool_irq_handler+0x10c>
10000ba4:	f829 700a 	strh.w	r7, [r9, sl]
10000ba8:	f8ac 6000 	strh.w	r6, [ip]
10000bac:	e0b1      	b.n	10000d12 <alarm_pool_irq_handler+0x2a2>
10000bae:	f939 300a 	ldrsh.w	r3, [r9, sl]
10000bb2:	8123      	strh	r3, [r4, #8]
10000bb4:	6923      	ldr	r3, [r4, #16]
10000bb6:	f3ef 8210 	mrs	r2, PRIMASK
10000bba:	b672      	cpsid	i
10000bbc:	e8d3 0fcf 	ldaexb	r0, [r3]
10000bc0:	2101      	movs	r1, #1
10000bc2:	2800      	cmp	r0, #0
10000bc4:	d1fa      	bne.n	10000bbc <alarm_pool_irq_handler+0x14c>
10000bc6:	e8c3 1f40 	strexb	r0, r1, [r3]
10000bca:	2800      	cmp	r0, #0
10000bcc:	d1f6      	bne.n	10000bbc <alarm_pool_irq_handler+0x14c>
10000bce:	f3bf 8f5f 	dmb	sy
10000bd2:	f9b4 3002 	ldrsh.w	r3, [r4, #2]
10000bd6:	f829 300a 	strh.w	r3, [r9, sl]
10000bda:	8066      	strh	r6, [r4, #2]
10000bdc:	6921      	ldr	r1, [r4, #16]
10000bde:	2300      	movs	r3, #0
10000be0:	e8c1 3f8f 	stlb	r3, [r1]
10000be4:	f382 8810 	msr	PRIMASK, r2
10000be8:	e093      	b.n	10000d12 <alarm_pool_irq_handler+0x2a2>
10000bea:	6923      	ldr	r3, [r4, #16]
10000bec:	f3ef 8210 	mrs	r2, PRIMASK
10000bf0:	b672      	cpsid	i
10000bf2:	e8d3 0fcf 	ldaexb	r0, [r3]
10000bf6:	2101      	movs	r1, #1
10000bf8:	2800      	cmp	r0, #0
10000bfa:	d1fa      	bne.n	10000bf2 <alarm_pool_irq_handler+0x182>
10000bfc:	e8c3 1f40 	strexb	r0, r1, [r3]
10000c00:	2800      	cmp	r0, #0
10000c02:	d1f6      	bne.n	10000bf2 <alarm_pool_irq_handler+0x182>
10000c04:	f3bf 8f5f 	dmb	sy
10000c08:	f8b4 8004 	ldrh.w	r8, [r4, #4]
10000c0c:	fa0f f888 	sxth.w	r8, r8
10000c10:	f64f 73ff 	movw	r3, #65535	@ 0xffff
10000c14:	80a3      	strh	r3, [r4, #4]
10000c16:	6921      	ldr	r1, [r4, #16]
10000c18:	2300      	movs	r3, #0
10000c1a:	e8c1 3f8f 	stlb	r3, [r1]
10000c1e:	f382 8810 	msr	PRIMASK, r2
10000c22:	e01a      	b.n	10000c5a <alarm_pool_irq_handler+0x1ea>
10000c24:	461f      	mov	r7, r3
10000c26:	f930 600a 	ldrsh.w	r6, [r0, sl]
10000c2a:	2e00      	cmp	r6, #0
10000c2c:	db0f      	blt.n	10000c4e <alarm_pool_irq_handler+0x1de>
10000c2e:	f9b7 3000 	ldrsh.w	r3, [r7]
10000c32:	eb03 0343 	add.w	r3, r3, r3, lsl #1
10000c36:	ea4f 0ac3 	mov.w	sl, r3, lsl #3
10000c3a:	eb00 03c3 	add.w	r3, r0, r3, lsl #3
10000c3e:	6899      	ldr	r1, [r3, #8]
10000c40:	68da      	ldr	r2, [r3, #12]
10000c42:	ebbc 0101 	subs.w	r1, ip, r1
10000c46:	eb6e 0202 	sbc.w	r2, lr, r2
10000c4a:	2a00      	cmp	r2, #0
10000c4c:	daea      	bge.n	10000c24 <alarm_pool_irq_handler+0x1b4>
10000c4e:	f8a7 8000 	strh.w	r8, [r7]
10000c52:	f930 8009 	ldrsh.w	r8, [r0, r9]
10000c56:	f820 6009 	strh.w	r6, [r0, r9]
10000c5a:	f1b8 0f00 	cmp.w	r8, #0
10000c5e:	db5d      	blt.n	10000d1c <alarm_pool_irq_handler+0x2ac>
10000c60:	6960      	ldr	r0, [r4, #20]
10000c62:	eb08 0348 	add.w	r3, r8, r8, lsl #1
10000c66:	ea4f 09c3 	mov.w	r9, r3, lsl #3
10000c6a:	eb00 03c3 	add.w	r3, r0, r3, lsl #3
10000c6e:	f8d3 c008 	ldr.w	ip, [r3, #8]
10000c72:	f8d3 e00c 	ldr.w	lr, [r3, #12]
10000c76:	f104 0708 	add.w	r7, r4, #8
10000c7a:	f9b4 6008 	ldrsh.w	r6, [r4, #8]
10000c7e:	e7d4      	b.n	10000c2a <alarm_pool_irq_handler+0x1ba>
10000c80:	2300      	movs	r3, #0
10000c82:	71a3      	strb	r3, [r4, #6]
10000c84:	f104 0c08 	add.w	ip, r4, #8
10000c88:	f9b4 3008 	ldrsh.w	r3, [r4, #8]
10000c8c:	e010      	b.n	10000cb0 <alarm_pool_irq_handler+0x240>
10000c8e:	f04f 38ff 	mov.w	r8, #4294967295	@ 0xffffffff
10000c92:	f04f 39ff 	mov.w	r9, #4294967295	@ 0xffffffff
10000c96:	e9c0 8902 	strd	r8, r9, [r0, #8]
10000c9a:	f9b4 0008 	ldrsh.w	r0, [r4, #8]
10000c9e:	4298      	cmp	r0, r3
10000ca0:	d005      	beq.n	10000cae <alarm_pool_irq_handler+0x23e>
10000ca2:	f8ac 2000 	strh.w	r2, [ip]
10000ca6:	f9b4 0008 	ldrsh.w	r0, [r4, #8]
10000caa:	53c8      	strh	r0, [r1, r7]
10000cac:	8123      	strh	r3, [r4, #8]
10000cae:	4613      	mov	r3, r2
10000cb0:	f1b3 3fff 	cmp.w	r3, #4294967295	@ 0xffffffff
10000cb4:	d035      	beq.n	10000d22 <alarm_pool_irq_handler+0x2b2>
10000cb6:	6961      	ldr	r1, [r4, #20]
10000cb8:	eb03 0243 	add.w	r2, r3, r3, lsl #1
10000cbc:	00d7      	lsls	r7, r2, #3
10000cbe:	eb01 00c2 	add.w	r0, r1, r2, lsl #3
10000cc2:	f931 2032 	ldrsh.w	r2, [r1, r2, lsl #3]
10000cc6:	8846      	ldrh	r6, [r0, #2]
10000cc8:	f416 4f00 	tst.w	r6, #32768	@ 0x8000
10000ccc:	d1df      	bne.n	10000c8e <alarm_pool_irq_handler+0x21e>
10000cce:	4684      	mov	ip, r0
10000cd0:	e7ed      	b.n	10000cae <alarm_pool_irq_handler+0x23e>
10000cd2:	bf00      	nop
10000cd4:	400b8000 	.word	0x400b8000
10000cd8:	20001a94 	.word	0x20001a94
10000cdc:	10006454 	.word	0x10006454
10000ce0:	10006ad8 	.word	0x10006ad8
10000ce4:	10006480 	.word	0x10006480
10000ce8:	10000a71 	.word	0x10000a71
10000cec:	4628      	mov	r0, r5
10000cee:	f000 faa3 	bl	10001238 <timer_time_us_64>
10000cf2:	1a3f      	subs	r7, r7, r0
10000cf4:	eb66 0601 	sbc.w	r6, r6, r1
10000cf8:	2f01      	cmp	r7, #1
10000cfa:	f176 0600 	sbcs.w	r6, r6, #0
10000cfe:	da28      	bge.n	10000d52 <alarm_pool_irq_handler+0x2e2>
10000d00:	9a03      	ldr	r2, [sp, #12]
10000d02:	2301      	movs	r3, #1
10000d04:	4093      	lsls	r3, r2
10000d06:	63eb      	str	r3, [r5, #60]	@ 0x3c
10000d08:	f9b4 6008 	ldrsh.w	r6, [r4, #8]
10000d0c:	2e00      	cmp	r6, #0
10000d0e:	f6bf aed0 	bge.w	10000ab2 <alarm_pool_irq_handler+0x42>
10000d12:	88a3      	ldrh	r3, [r4, #4]
10000d14:	f413 4f00 	tst.w	r3, #32768	@ 0x8000
10000d18:	f43f af67 	beq.w	10000bea <alarm_pool_irq_handler+0x17a>
10000d1c:	79a3      	ldrb	r3, [r4, #6]
10000d1e:	2b00      	cmp	r3, #0
10000d20:	d1ae      	bne.n	10000c80 <alarm_pool_irq_handler+0x210>
10000d22:	f9b4 3008 	ldrsh.w	r3, [r4, #8]
10000d26:	2b00      	cmp	r3, #0
10000d28:	db13      	blt.n	10000d52 <alarm_pool_irq_handler+0x2e2>
10000d2a:	6962      	ldr	r2, [r4, #20]
10000d2c:	eb03 0343 	add.w	r3, r3, r3, lsl #1
10000d30:	eb02 03c3 	add.w	r3, r2, r3, lsl #3
10000d34:	689f      	ldr	r7, [r3, #8]
10000d36:	68de      	ldr	r6, [r3, #12]
10000d38:	f1b6 3fff 	cmp.w	r6, #4294967295	@ 0xffffffff
10000d3c:	bf08      	it	eq
10000d3e:	f1b7 3fff 	cmpeq.w	r7, #4294967295	@ 0xffffffff
10000d42:	d0d3      	beq.n	10000cec <alarm_pool_irq_handler+0x27c>
10000d44:	463a      	mov	r2, r7
10000d46:	4633      	mov	r3, r6
10000d48:	9903      	ldr	r1, [sp, #12]
10000d4a:	4628      	mov	r0, r5
10000d4c:	f7ff fe5a 	bl	10000a04 <ta_set_timeout>
10000d50:	e7cc      	b.n	10000cec <alarm_pool_irq_handler+0x27c>
10000d52:	bf40      	sev
10000d54:	b005      	add	sp, #20
10000d56:	e8bd 8ff0 	ldmia.w	sp!, {r4, r5, r6, r7, r8, r9, sl, fp, pc}
10000d5a:	bf00      	nop

10000d5c <ta_enable_irq_handler>:
10000d5c:	b5f8      	push	{r3, r4, r5, r6, r7, lr}
10000d5e:	4604      	mov	r4, r0
10000d60:	460d      	mov	r5, r1
10000d62:	4611      	mov	r1, r2
10000d64:	4b0a      	ldr	r3, [pc, #40]	@ (10000d90 <ta_enable_irq_handler+0x34>)
10000d66:	4298      	cmp	r0, r3
10000d68:	d010      	beq.n	10000d8c <ta_enable_irq_handler+0x30>
10000d6a:	2600      	movs	r6, #0
10000d6c:	442e      	add	r6, r5
10000d6e:	2701      	movs	r7, #1
10000d70:	fa07 f505 	lsl.w	r5, r7, r5
10000d74:	6225      	str	r5, [r4, #32]
10000d76:	4630      	mov	r0, r6
10000d78:	f7ff fbfc 	bl	10000574 <irq_set_exclusive_handler>
10000d7c:	4639      	mov	r1, r7
10000d7e:	4630      	mov	r0, r6
10000d80:	f7ff fbce 	bl	10000520 <irq_set_enabled>
10000d84:	f504 5401 	add.w	r4, r4, #8256	@ 0x2040
10000d88:	6025      	str	r5, [r4, #0]
10000d8a:	bdf8      	pop	{r3, r4, r5, r6, r7, pc}
10000d8c:	2604      	movs	r6, #4
10000d8e:	e7ed      	b.n	10000d6c <ta_enable_irq_handler+0x10>
10000d90:	400b8000 	.word	0x400b8000

10000d94 <alarm_pool_post_alloc_init>:
10000d94:	b5f8      	push	{r3, r4, r5, r6, r7, lr}
10000d96:	4604      	mov	r4, r0
10000d98:	460e      	mov	r6, r1
10000d9a:	4617      	mov	r7, r2
10000d9c:	461d      	mov	r5, r3
10000d9e:	60c1      	str	r1, [r0, #12]
10000da0:	f7ff fb06 	bl	100003b0 <next_striped_spin_lock_num>
10000da4:	4b16      	ldr	r3, [pc, #88]	@ (10000e00 <alarm_pool_post_alloc_init+0x6c>)
10000da6:	4403      	add	r3, r0
10000da8:	6123      	str	r3, [r4, #16]
10000daa:	7027      	strb	r7, [r4, #0]
10000dac:	b2ab      	uxth	r3, r5
10000dae:	8163      	strh	r3, [r4, #10]
10000db0:	f04f 4250 	mov.w	r2, #3489660928	@ 0xd0000000
10000db4:	7812      	ldrb	r2, [r2, #0]
10000db6:	7062      	strb	r2, [r4, #1]
10000db8:	f64f 72ff 	movw	r2, #65535	@ 0xffff
10000dbc:	8122      	strh	r2, [r4, #8]
10000dbe:	80a2      	strh	r2, [r4, #4]
10000dc0:	3b01      	subs	r3, #1
10000dc2:	8063      	strh	r3, [r4, #2]
10000dc4:	f04f 0c00 	mov.w	ip, #0
10000dc8:	e008      	b.n	10000ddc <alarm_pool_post_alloc_init+0x48>
10000dca:	f10c 30ff 	add.w	r0, ip, #4294967295	@ 0xffffffff
10000dce:	eb0c 0e4c 	add.w	lr, ip, ip, lsl #1
10000dd2:	6963      	ldr	r3, [r4, #20]
10000dd4:	f823 003e 	strh.w	r0, [r3, lr, lsl #3]
10000dd8:	f10c 0c01 	add.w	ip, ip, #1
10000ddc:	45ac      	cmp	ip, r5
10000dde:	d3f4      	bcc.n	10000dca <alarm_pool_post_alloc_init+0x36>
10000de0:	4b08      	ldr	r3, [pc, #32]	@ (10000e04 <alarm_pool_post_alloc_init+0x70>)
10000de2:	429e      	cmp	r6, r3
10000de4:	bf14      	ite	ne
10000de6:	2300      	movne	r3, #0
10000de8:	2301      	moveq	r3, #1
10000dea:	eb07 0383 	add.w	r3, r7, r3, lsl #2
10000dee:	4a06      	ldr	r2, [pc, #24]	@ (10000e08 <alarm_pool_post_alloc_init+0x74>)
10000df0:	f842 4023 	str.w	r4, [r2, r3, lsl #2]
10000df4:	4a05      	ldr	r2, [pc, #20]	@ (10000e0c <alarm_pool_post_alloc_init+0x78>)
10000df6:	4639      	mov	r1, r7
10000df8:	4630      	mov	r0, r6
10000dfa:	f7ff ffaf 	bl	10000d5c <ta_enable_irq_handler>
10000dfe:	bdf8      	pop	{r3, r4, r5, r6, r7, pc}
10000e00:	200011ec 	.word	0x200011ec
10000e04:	400b8000 	.word	0x400b8000
10000e08:	20001a94 	.word	0x20001a94
10000e0c:	10000a71 	.word	0x10000a71

10000e10 <alarm_pool_get_default>:
10000e10:	b508      	push	{r3, lr}
10000e12:	4b05      	ldr	r3, [pc, #20]	@ (10000e28 <alarm_pool_get_default+0x18>)
10000e14:	691b      	ldr	r3, [r3, #16]
10000e16:	b10b      	cbz	r3, 10000e1c <alarm_pool_get_default+0xc>
10000e18:	4803      	ldr	r0, [pc, #12]	@ (10000e28 <alarm_pool_get_default+0x18>)
10000e1a:	bd08      	pop	{r3, pc}
10000e1c:	4b03      	ldr	r3, [pc, #12]	@ (10000e2c <alarm_pool_get_default+0x1c>)
10000e1e:	4a04      	ldr	r2, [pc, #16]	@ (10000e30 <alarm_pool_get_default+0x20>)
10000e20:	2165      	movs	r1, #101	@ 0x65
10000e22:	4804      	ldr	r0, [pc, #16]	@ (10000e34 <alarm_pool_get_default+0x24>)
10000e24:	f001 ff70 	bl	10002d08 <__assert_func>
10000e28:	20000e64 	.word	0x20000e64
10000e2c:	100064c8 	.word	0x100064c8
10000e30:	10006ac0 	.word	0x10006ac0
10000e34:	10006480 	.word	0x10006480

10000e38 <alarm_pool_add_alarm_at_force_in_context>:
10000e38:	b5f8      	push	{r3, r4, r5, r6, r7, lr}
10000e3a:	4604      	mov	r4, r0
10000e3c:	469e      	mov	lr, r3
10000e3e:	6900      	ldr	r0, [r0, #16]
10000e40:	f3ef 8110 	mrs	r1, PRIMASK
10000e44:	b672      	cpsid	i
10000e46:	e8d0 6fcf 	ldaexb	r6, [r0]
10000e4a:	2501      	movs	r5, #1
10000e4c:	2e00      	cmp	r6, #0
10000e4e:	d1fa      	bne.n	10000e46 <alarm_pool_add_alarm_at_force_in_context+0xe>
10000e50:	e8c0 5f46 	strexb	r6, r5, [r0]
10000e54:	2e00      	cmp	r6, #0
10000e56:	d1f6      	bne.n	10000e46 <alarm_pool_add_alarm_at_force_in_context+0xe>
10000e58:	f3bf 8f5f 	dmb	sy
10000e5c:	f9b4 5002 	ldrsh.w	r5, [r4, #2]
10000e60:	6966      	ldr	r6, [r4, #20]
10000e62:	eb05 0045 	add.w	r0, r5, r5, lsl #1
10000e66:	00c7      	lsls	r7, r0, #3
10000e68:	eb06 00c0 	add.w	r0, r6, r0, lsl #3
10000e6c:	2d00      	cmp	r5, #0
10000e6e:	db03      	blt.n	10000e78 <alarm_pool_add_alarm_at_force_in_context+0x40>
10000e70:	f936 c007 	ldrsh.w	ip, [r6, r7]
10000e74:	f8a4 c002 	strh.w	ip, [r4, #2]
10000e78:	f04f 0c00 	mov.w	ip, #0
10000e7c:	6923      	ldr	r3, [r4, #16]
10000e7e:	e8c3 cf8f 	stlb	ip, [r3]
10000e82:	f381 8810 	msr	PRIMASK, r1
10000e86:	4565      	cmp	r5, ip
10000e88:	db33      	blt.n	10000ef2 <alarm_pool_add_alarm_at_force_in_context+0xba>
10000e8a:	9906      	ldr	r1, [sp, #24]
10000e8c:	6101      	str	r1, [r0, #16]
10000e8e:	9907      	ldr	r1, [sp, #28]
10000e90:	6141      	str	r1, [r0, #20]
10000e92:	6082      	str	r2, [r0, #8]
10000e94:	f8c0 e00c 	str.w	lr, [r0, #12]
10000e98:	8841      	ldrh	r1, [r0, #2]
10000e9a:	b289      	uxth	r1, r1
10000e9c:	3101      	adds	r1, #1
10000e9e:	f3c1 010e 	ubfx	r1, r1, #0, #15
10000ea2:	b901      	cbnz	r1, 10000ea6 <alarm_pool_add_alarm_at_force_in_context+0x6e>
10000ea4:	2101      	movs	r1, #1
10000ea6:	8041      	strh	r1, [r0, #2]
10000ea8:	4628      	mov	r0, r5
10000eaa:	f7ff fdc0 	bl	10000a2e <make_alarm_id>
10000eae:	6923      	ldr	r3, [r4, #16]
10000eb0:	f3ef 8210 	mrs	r2, PRIMASK
10000eb4:	b672      	cpsid	i
10000eb6:	e8d3 cfcf 	ldaexb	ip, [r3]
10000eba:	2101      	movs	r1, #1
10000ebc:	f1bc 0f00 	cmp.w	ip, #0
10000ec0:	d1f9      	bne.n	10000eb6 <alarm_pool_add_alarm_at_force_in_context+0x7e>
10000ec2:	e8c3 1f4c 	strexb	ip, r1, [r3]
10000ec6:	f1bc 0f00 	cmp.w	ip, #0
10000eca:	d1f4      	bne.n	10000eb6 <alarm_pool_add_alarm_at_force_in_context+0x7e>
10000ecc:	f3bf 8f5f 	dmb	sy
10000ed0:	88a3      	ldrh	r3, [r4, #4]
10000ed2:	53f3      	strh	r3, [r6, r7]
10000ed4:	80a5      	strh	r5, [r4, #4]
10000ed6:	6921      	ldr	r1, [r4, #16]
10000ed8:	2300      	movs	r3, #0
10000eda:	e8c1 3f8f 	stlb	r3, [r1]
10000ede:	f382 8810 	msr	PRIMASK, r2
10000ee2:	68e3      	ldr	r3, [r4, #12]
10000ee4:	7821      	ldrb	r1, [r4, #0]
10000ee6:	2201      	movs	r2, #1
10000ee8:	408a      	lsls	r2, r1
10000eea:	f503 5301 	add.w	r3, r3, #8256	@ 0x2040
10000eee:	605a      	str	r2, [r3, #4]
10000ef0:	bdf8      	pop	{r3, r4, r5, r6, r7, pc}
10000ef2:	f04f 30ff 	mov.w	r0, #4294967295	@ 0xffffffff
10000ef6:	e7fb      	b.n	10000ef0 <alarm_pool_add_alarm_at_force_in_context+0xb8>

10000ef8 <alarm_pool_add_alarm_at>:
10000ef8:	b570      	push	{r4, r5, r6, lr}
10000efa:	b082      	sub	sp, #8
10000efc:	4606      	mov	r6, r0
10000efe:	4615      	mov	r5, r2
10000f00:	461c      	mov	r4, r3
10000f02:	f89d 3020 	ldrb.w	r3, [sp, #32]
10000f06:	b933      	cbnz	r3, 10000f16 <alarm_pool_add_alarm_at+0x1e>
10000f08:	f000 f9ac 	bl	10001264 <time_us_64>
10000f0c:	4285      	cmp	r5, r0
10000f0e:	eb64 0101 	sbc.w	r1, r4, r1
10000f12:	2900      	cmp	r1, #0
10000f14:	db0a      	blt.n	10000f2c <alarm_pool_add_alarm_at+0x34>
10000f16:	9b07      	ldr	r3, [sp, #28]
10000f18:	9301      	str	r3, [sp, #4]
10000f1a:	9b06      	ldr	r3, [sp, #24]
10000f1c:	9300      	str	r3, [sp, #0]
10000f1e:	462a      	mov	r2, r5
10000f20:	4623      	mov	r3, r4
10000f22:	4630      	mov	r0, r6
10000f24:	f7ff ff88 	bl	10000e38 <alarm_pool_add_alarm_at_force_in_context>
10000f28:	b002      	add	sp, #8
10000f2a:	bd70      	pop	{r4, r5, r6, pc}
10000f2c:	2000      	movs	r0, #0
10000f2e:	e7fb      	b.n	10000f28 <alarm_pool_add_alarm_at+0x30>

10000f30 <add_alarm_at>:
10000f30:	b5f0      	push	{r4, r5, r6, r7, lr}
10000f32:	b085      	sub	sp, #20
10000f34:	4605      	mov	r5, r0
10000f36:	460c      	mov	r4, r1
10000f38:	4616      	mov	r6, r2
10000f3a:	461f      	mov	r7, r3
10000f3c:	f7ff ff68 	bl	10000e10 <alarm_pool_get_default>
10000f40:	f89d 3028 	ldrb.w	r3, [sp, #40]	@ 0x28
10000f44:	9302      	str	r3, [sp, #8]
10000f46:	9701      	str	r7, [sp, #4]
10000f48:	9600      	str	r6, [sp, #0]
10000f4a:	462a      	mov	r2, r5
10000f4c:	4623      	mov	r3, r4
10000f4e:	f7ff ffd3 	bl	10000ef8 <alarm_pool_add_alarm_at>
10000f52:	b005      	add	sp, #20
10000f54:	bdf0      	pop	{r4, r5, r6, r7, pc}

10000f56 <alarm_pool_cancel_alarm>:
10000f56:	4603      	mov	r3, r0
10000f58:	8940      	ldrh	r0, [r0, #10]
10000f5a:	ebb0 4f21 	cmp.w	r0, r1, asr #16
10000f5e:	dd31      	ble.n	10000fc4 <alarm_pool_cancel_alarm+0x6e>
10000f60:	b510      	push	{r4, lr}
10000f62:	140a      	asrs	r2, r1, #16
10000f64:	6958      	ldr	r0, [r3, #20]
10000f66:	eb02 0242 	add.w	r2, r2, r2, lsl #1
10000f6a:	eb00 00c2 	add.w	r0, r0, r2, lsl #3
10000f6e:	691a      	ldr	r2, [r3, #16]
10000f70:	f3ef 8c10 	mrs	ip, PRIMASK
10000f74:	b672      	cpsid	i
10000f76:	e8d2 4fcf 	ldaexb	r4, [r2]
10000f7a:	f05f 0e01 	movs.w	lr, #1
10000f7e:	2c00      	cmp	r4, #0
10000f80:	d1f9      	bne.n	10000f76 <alarm_pool_cancel_alarm+0x20>
10000f82:	e8c2 ef44 	strexb	r4, lr, [r2]
10000f86:	2c00      	cmp	r4, #0
10000f88:	d1f5      	bne.n	10000f76 <alarm_pool_cancel_alarm+0x20>
10000f8a:	f3bf 8f5f 	dmb	sy
10000f8e:	8842      	ldrh	r2, [r0, #2]
10000f90:	b292      	uxth	r2, r2
10000f92:	b289      	uxth	r1, r1
10000f94:	428a      	cmp	r2, r1
10000f96:	d00f      	beq.n	10000fb8 <alarm_pool_cancel_alarm+0x62>
10000f98:	2000      	movs	r0, #0
10000f9a:	6919      	ldr	r1, [r3, #16]
10000f9c:	2200      	movs	r2, #0
10000f9e:	e8c1 2f8f 	stlb	r2, [r1]
10000fa2:	f38c 8810 	msr	PRIMASK, ip
10000fa6:	b130      	cbz	r0, 10000fb6 <alarm_pool_cancel_alarm+0x60>
10000fa8:	68da      	ldr	r2, [r3, #12]
10000faa:	781b      	ldrb	r3, [r3, #0]
10000fac:	2101      	movs	r1, #1
10000fae:	4099      	lsls	r1, r3
10000fb0:	f502 5301 	add.w	r3, r2, #8256	@ 0x2040
10000fb4:	6059      	str	r1, [r3, #4]
10000fb6:	bd10      	pop	{r4, pc}
10000fb8:	f442 4200 	orr.w	r2, r2, #32768	@ 0x8000
10000fbc:	8042      	strh	r2, [r0, #2]
10000fbe:	2001      	movs	r0, #1
10000fc0:	7198      	strb	r0, [r3, #6]
10000fc2:	e7ea      	b.n	10000f9a <alarm_pool_cancel_alarm+0x44>
10000fc4:	2000      	movs	r0, #0
10000fc6:	4770      	bx	lr

10000fc8 <cancel_alarm>:
10000fc8:	b510      	push	{r4, lr}
10000fca:	4604      	mov	r4, r0
10000fcc:	f7ff ff20 	bl	10000e10 <alarm_pool_get_default>
10000fd0:	4621      	mov	r1, r4
10000fd2:	f7ff ffc0 	bl	10000f56 <alarm_pool_cancel_alarm>
10000fd6:	bd10      	pop	{r4, pc}

10000fd8 <alarm_pool_core_num>:
10000fd8:	7840      	ldrb	r0, [r0, #1]
10000fda:	4770      	bx	lr

10000fdc <sleep_until>:
10000fdc:	b5f0      	push	{r4, r5, r6, r7, lr}
10000fde:	b083      	sub	sp, #12
10000fe0:	f3ef 8305 	mrs	r3, IPSR
10000fe4:	b2db      	uxtb	r3, r3
10000fe6:	b9cb      	cbnz	r3, 1000101c <sleep_until+0x40>
10000fe8:	4604      	mov	r4, r0
10000fea:	460d      	mov	r5, r1
10000fec:	1f86      	subs	r6, r0, #6
10000fee:	f141 37ff 	adc.w	r7, r1, #4294967295	@ 0xffffffff
10000ff2:	42b0      	cmp	r0, r6
10000ff4:	eb71 0307 	sbcs.w	r3, r1, r7
10000ff8:	d201      	bcs.n	10000ffe <sleep_until+0x22>
10000ffa:	2600      	movs	r6, #0
10000ffc:	4637      	mov	r7, r6
10000ffe:	f000 f931 	bl	10001264 <time_us_64>
10001002:	1a30      	subs	r0, r6, r0
10001004:	eb67 0301 	sbc.w	r3, r7, r1
10001008:	2801      	cmp	r0, #1
1000100a:	f173 0300 	sbcs.w	r3, r3, #0
1000100e:	da08      	bge.n	10001022 <sleep_until+0x46>
10001010:	4620      	mov	r0, r4
10001012:	4629      	mov	r1, r5
10001014:	f000 f92e 	bl	10001274 <busy_wait_until>
10001018:	b003      	add	sp, #12
1000101a:	bdf0      	pop	{r4, r5, r6, r7, pc}
1000101c:	4818      	ldr	r0, [pc, #96]	@ (10001080 <sleep_until+0xa4>)
1000101e:	f7ff f953 	bl	100002c8 <panic>
10001022:	2300      	movs	r3, #0
10001024:	9300      	str	r3, [sp, #0]
10001026:	4a17      	ldr	r2, [pc, #92]	@ (10001084 <sleep_until+0xa8>)
10001028:	4630      	mov	r0, r6
1000102a:	4639      	mov	r1, r7
1000102c:	f7ff ff80 	bl	10000f30 <add_alarm_at>
10001030:	2800      	cmp	r0, #0
10001032:	da19      	bge.n	10001068 <sleep_until+0x8c>
10001034:	e7ec      	b.n	10001010 <sleep_until+0x34>
10001036:	4b14      	ldr	r3, [pc, #80]	@ (10001088 <sleep_until+0xac>)
10001038:	681a      	ldr	r2, [r3, #0]
1000103a:	f3ef 8110 	mrs	r1, PRIMASK
1000103e:	b672      	cpsid	i
10001040:	e8d2 cfcf 	ldaexb	ip, [r2]
10001044:	2001      	movs	r0, #1
10001046:	f1bc 0f00 	cmp.w	ip, #0
1000104a:	d1f9      	bne.n	10001040 <sleep_until+0x64>
1000104c:	e8c2 0f4c 	strexb	ip, r0, [r2]
10001050:	f1bc 0f00 	cmp.w	ip, #0
10001054:	d1f4      	bne.n	10001040 <sleep_until+0x64>
10001056:	f3bf 8f5f 	dmb	sy
1000105a:	681a      	ldr	r2, [r3, #0]
1000105c:	2300      	movs	r3, #0
1000105e:	e8c2 3f8f 	stlb	r3, [r2]
10001062:	f381 8810 	msr	PRIMASK, r1
10001066:	bf20      	wfe
10001068:	4b08      	ldr	r3, [pc, #32]	@ (1000108c <sleep_until+0xb0>)
1000106a:	6a5b      	ldr	r3, [r3, #36]	@ 0x24
1000106c:	429f      	cmp	r7, r3
1000106e:	d8e2      	bhi.n	10001036 <sleep_until+0x5a>
10001070:	4a06      	ldr	r2, [pc, #24]	@ (1000108c <sleep_until+0xb0>)
10001072:	6a92      	ldr	r2, [r2, #40]	@ 0x28
10001074:	42b2      	cmp	r2, r6
10001076:	d2cb      	bcs.n	10001010 <sleep_until+0x34>
10001078:	429f      	cmp	r7, r3
1000107a:	d1c9      	bne.n	10001010 <sleep_until+0x34>
1000107c:	e7db      	b.n	10001036 <sleep_until+0x5a>
1000107e:	bf00      	nop
10001080:	100064ec 	.word	0x100064ec
10001084:	10000a35 	.word	0x10000a35
10001088:	20001abc 	.word	0x20001abc
1000108c:	400b0000 	.word	0x400b0000

10001090 <sleep_us>:
10001090:	b538      	push	{r3, r4, r5, lr}
10001092:	4604      	mov	r4, r0
10001094:	460d      	mov	r5, r1
10001096:	f000 f8e5 	bl	10001264 <time_us_64>
1000109a:	1820      	adds	r0, r4, r0
1000109c:	eb45 0101 	adc.w	r1, r5, r1
100010a0:	2900      	cmp	r1, #0
100010a2:	db02      	blt.n	100010aa <sleep_us+0x1a>
100010a4:	f7ff ff9a 	bl	10000fdc <sleep_until>
100010a8:	bd38      	pop	{r3, r4, r5, pc}
100010aa:	f04f 30ff 	mov.w	r0, #4294967295	@ 0xffffffff
100010ae:	f06f 4100 	mvn.w	r1, #2147483648	@ 0x80000000
100010b2:	e7f7      	b.n	100010a4 <sleep_us+0x14>

100010b4 <sleep_ms>:
100010b4:	b508      	push	{r3, lr}
100010b6:	0ec3      	lsrs	r3, r0, #27
100010b8:	0141      	lsls	r1, r0, #5
100010ba:	1a09      	subs	r1, r1, r0
100010bc:	f163 0300 	sbc.w	r3, r3, #0
100010c0:	009b      	lsls	r3, r3, #2
100010c2:	ea43 7391 	orr.w	r3, r3, r1, lsr #30
100010c6:	0089      	lsls	r1, r1, #2
100010c8:	1809      	adds	r1, r1, r0
100010ca:	f143 0300 	adc.w	r3, r3, #0
100010ce:	00db      	lsls	r3, r3, #3
100010d0:	00c8      	lsls	r0, r1, #3
100010d2:	ea43 7151 	orr.w	r1, r3, r1, lsr #29
100010d6:	f7ff ffdb 	bl	10001090 <sleep_us>
100010da:	bd08      	pop	{r3, pc}

100010dc <best_effort_wfe_or_timeout>:
100010dc:	b5f0      	push	{r4, r5, r6, r7, lr}
100010de:	b083      	sub	sp, #12
100010e0:	4605      	mov	r5, r0
100010e2:	460c      	mov	r4, r1
100010e4:	f3ef 8305 	mrs	r3, IPSR
100010e8:	b2db      	uxtb	r3, r3
100010ea:	b193      	cbz	r3, 10001112 <best_effort_wfe_or_timeout+0x36>
100010ec:	4b38      	ldr	r3, [pc, #224]	@ (100011d0 <best_effort_wfe_or_timeout+0xf4>)
100010ee:	6a5b      	ldr	r3, [r3, #36]	@ 0x24
100010f0:	428b      	cmp	r3, r1
100010f2:	d309      	bcc.n	10001108 <best_effort_wfe_or_timeout+0x2c>
100010f4:	4a36      	ldr	r2, [pc, #216]	@ (100011d0 <best_effort_wfe_or_timeout+0xf4>)
100010f6:	6a92      	ldr	r2, [r2, #40]	@ 0x28
100010f8:	4282      	cmp	r2, r0
100010fa:	d208      	bcs.n	1000110e <best_effort_wfe_or_timeout+0x32>
100010fc:	428b      	cmp	r3, r1
100010fe:	d001      	beq.n	10001104 <best_effort_wfe_or_timeout+0x28>
10001100:	2001      	movs	r0, #1
10001102:	e002      	b.n	1000110a <best_effort_wfe_or_timeout+0x2e>
10001104:	2000      	movs	r0, #0
10001106:	e000      	b.n	1000110a <best_effort_wfe_or_timeout+0x2e>
10001108:	2000      	movs	r0, #0
1000110a:	b003      	add	sp, #12
1000110c:	bdf0      	pop	{r4, r5, r6, r7, pc}
1000110e:	2001      	movs	r0, #1
10001110:	e7fb      	b.n	1000110a <best_effort_wfe_or_timeout+0x2e>
10001112:	f7ff fe7d 	bl	10000e10 <alarm_pool_get_default>
10001116:	68c7      	ldr	r7, [r0, #12]
10001118:	7806      	ldrb	r6, [r0, #0]
1000111a:	4638      	mov	r0, r7
1000111c:	f000 f88c 	bl	10001238 <timer_time_us_64>
10001120:	1a2a      	subs	r2, r5, r0
10001122:	eb64 0101 	sbc.w	r1, r4, r1
10001126:	3604      	adds	r6, #4
10001128:	f857 3026 	ldr.w	r3, [r7, r6, lsl #2]
1000112c:	1a1b      	subs	r3, r3, r0
1000112e:	429a      	cmp	r2, r3
10001130:	f171 0100 	sbcs.w	r1, r1, #0
10001134:	db12      	blt.n	1000115c <best_effort_wfe_or_timeout+0x80>
10001136:	bf20      	wfe
10001138:	4b25      	ldr	r3, [pc, #148]	@ (100011d0 <best_effort_wfe_or_timeout+0xf4>)
1000113a:	6a5b      	ldr	r3, [r3, #36]	@ 0x24
1000113c:	429c      	cmp	r4, r3
1000113e:	d809      	bhi.n	10001154 <best_effort_wfe_or_timeout+0x78>
10001140:	4a23      	ldr	r2, [pc, #140]	@ (100011d0 <best_effort_wfe_or_timeout+0xf4>)
10001142:	6a92      	ldr	r2, [r2, #40]	@ 0x28
10001144:	42aa      	cmp	r2, r5
10001146:	d207      	bcs.n	10001158 <best_effort_wfe_or_timeout+0x7c>
10001148:	429c      	cmp	r4, r3
1000114a:	d001      	beq.n	10001150 <best_effort_wfe_or_timeout+0x74>
1000114c:	2001      	movs	r0, #1
1000114e:	e7dc      	b.n	1000110a <best_effort_wfe_or_timeout+0x2e>
10001150:	2000      	movs	r0, #0
10001152:	e7da      	b.n	1000110a <best_effort_wfe_or_timeout+0x2e>
10001154:	2000      	movs	r0, #0
10001156:	e7d8      	b.n	1000110a <best_effort_wfe_or_timeout+0x2e>
10001158:	2001      	movs	r0, #1
1000115a:	e7d6      	b.n	1000110a <best_effort_wfe_or_timeout+0x2e>
1000115c:	2300      	movs	r3, #0
1000115e:	9300      	str	r3, [sp, #0]
10001160:	4a1c      	ldr	r2, [pc, #112]	@ (100011d4 <best_effort_wfe_or_timeout+0xf8>)
10001162:	4628      	mov	r0, r5
10001164:	4621      	mov	r1, r4
10001166:	f7ff fee3 	bl	10000f30 <add_alarm_at>
1000116a:	2800      	cmp	r0, #0
1000116c:	dd18      	ble.n	100011a0 <best_effort_wfe_or_timeout+0xc4>
1000116e:	4b18      	ldr	r3, [pc, #96]	@ (100011d0 <best_effort_wfe_or_timeout+0xf4>)
10001170:	6a5b      	ldr	r3, [r3, #36]	@ 0x24
10001172:	429c      	cmp	r4, r3
10001174:	d805      	bhi.n	10001182 <best_effort_wfe_or_timeout+0xa6>
10001176:	4a16      	ldr	r2, [pc, #88]	@ (100011d0 <best_effort_wfe_or_timeout+0xf4>)
10001178:	6a92      	ldr	r2, [r2, #40]	@ 0x28
1000117a:	42aa      	cmp	r2, r5
1000117c:	d202      	bcs.n	10001184 <best_effort_wfe_or_timeout+0xa8>
1000117e:	429c      	cmp	r4, r3
10001180:	d100      	bne.n	10001184 <best_effort_wfe_or_timeout+0xa8>
10001182:	bf20      	wfe
10001184:	f7ff ff20 	bl	10000fc8 <cancel_alarm>
10001188:	4b11      	ldr	r3, [pc, #68]	@ (100011d0 <best_effort_wfe_or_timeout+0xf4>)
1000118a:	6a5b      	ldr	r3, [r3, #36]	@ 0x24
1000118c:	429c      	cmp	r4, r3
1000118e:	d81b      	bhi.n	100011c8 <best_effort_wfe_or_timeout+0xec>
10001190:	4a0f      	ldr	r2, [pc, #60]	@ (100011d0 <best_effort_wfe_or_timeout+0xf4>)
10001192:	6a92      	ldr	r2, [r2, #40]	@ 0x28
10001194:	42aa      	cmp	r2, r5
10001196:	d219      	bcs.n	100011cc <best_effort_wfe_or_timeout+0xf0>
10001198:	429c      	cmp	r4, r3
1000119a:	d013      	beq.n	100011c4 <best_effort_wfe_or_timeout+0xe8>
1000119c:	2001      	movs	r0, #1
1000119e:	e7b4      	b.n	1000110a <best_effort_wfe_or_timeout+0x2e>
100011a0:	4b0b      	ldr	r3, [pc, #44]	@ (100011d0 <best_effort_wfe_or_timeout+0xf4>)
100011a2:	6a5b      	ldr	r3, [r3, #36]	@ 0x24
100011a4:	429c      	cmp	r4, r3
100011a6:	d809      	bhi.n	100011bc <best_effort_wfe_or_timeout+0xe0>
100011a8:	4a09      	ldr	r2, [pc, #36]	@ (100011d0 <best_effort_wfe_or_timeout+0xf4>)
100011aa:	6a92      	ldr	r2, [r2, #40]	@ 0x28
100011ac:	42aa      	cmp	r2, r5
100011ae:	d207      	bcs.n	100011c0 <best_effort_wfe_or_timeout+0xe4>
100011b0:	429c      	cmp	r4, r3
100011b2:	d001      	beq.n	100011b8 <best_effort_wfe_or_timeout+0xdc>
100011b4:	2001      	movs	r0, #1
100011b6:	e7a8      	b.n	1000110a <best_effort_wfe_or_timeout+0x2e>
100011b8:	2000      	movs	r0, #0
100011ba:	e7a6      	b.n	1000110a <best_effort_wfe_or_timeout+0x2e>
100011bc:	2000      	movs	r0, #0
100011be:	e7a4      	b.n	1000110a <best_effort_wfe_or_timeout+0x2e>
100011c0:	2001      	movs	r0, #1
100011c2:	e7a2      	b.n	1000110a <best_effort_wfe_or_timeout+0x2e>
100011c4:	2000      	movs	r0, #0
100011c6:	e7a0      	b.n	1000110a <best_effort_wfe_or_timeout+0x2e>
100011c8:	2000      	movs	r0, #0
100011ca:	e79e      	b.n	1000110a <best_effort_wfe_or_timeout+0x2e>
100011cc:	2001      	movs	r0, #1
100011ce:	e79c      	b.n	1000110a <best_effort_wfe_or_timeout+0x2e>
100011d0:	400b0000 	.word	0x400b0000
100011d4:	10000a35 	.word	0x10000a35

100011d8 <alarm_pool_get_default_timer>:
100011d8:	4800      	ldr	r0, [pc, #0]	@ (100011dc <alarm_pool_get_default_timer+0x4>)
100011da:	4770      	bx	lr
100011dc:	400b0000 	.word	0x400b0000

100011e0 <runtime_init_default_alarm_pool>:
100011e0:	b510      	push	{r4, lr}
100011e2:	4b0a      	ldr	r3, [pc, #40]	@ (1000120c <runtime_init_default_alarm_pool+0x2c>)
100011e4:	691b      	ldr	r3, [r3, #16]
100011e6:	b123      	cbz	r3, 100011f2 <runtime_init_default_alarm_pool+0x12>
100011e8:	210a      	movs	r1, #10
100011ea:	4809      	ldr	r0, [pc, #36]	@ (10001210 <runtime_init_default_alarm_pool+0x30>)
100011ec:	f7ff fb9e 	bl	1000092c <lock_init>
100011f0:	bd10      	pop	{r4, pc}
100011f2:	f7ff fff1 	bl	100011d8 <alarm_pool_get_default_timer>
100011f6:	4604      	mov	r4, r0
100011f8:	2103      	movs	r1, #3
100011fa:	f000 f80b 	bl	10001214 <timer_hardware_alarm_claim>
100011fe:	2310      	movs	r3, #16
10001200:	2203      	movs	r2, #3
10001202:	4621      	mov	r1, r4
10001204:	4801      	ldr	r0, [pc, #4]	@ (1000120c <runtime_init_default_alarm_pool+0x2c>)
10001206:	f7ff fdc5 	bl	10000d94 <alarm_pool_post_alloc_init>
1000120a:	e7ed      	b.n	100011e8 <runtime_init_default_alarm_pool+0x8>
1000120c:	20000e64 	.word	0x20000e64
10001210:	20001abc 	.word	0x20001abc

10001214 <timer_hardware_alarm_claim>:
10001214:	b510      	push	{r4, lr}
10001216:	4a05      	ldr	r2, [pc, #20]	@ (1000122c <timer_hardware_alarm_claim+0x18>)
10001218:	4c05      	ldr	r4, [pc, #20]	@ (10001230 <timer_hardware_alarm_claim+0x1c>)
1000121a:	4b06      	ldr	r3, [pc, #24]	@ (10001234 <timer_hardware_alarm_claim+0x20>)
1000121c:	42a0      	cmp	r0, r4
1000121e:	bf14      	ite	ne
10001220:	4618      	movne	r0, r3
10001222:	1c58      	addeq	r0, r3, #1
10001224:	f7ff f884 	bl	10000330 <hw_claim_or_assert>
10001228:	bd10      	pop	{r4, pc}
1000122a:	bf00      	nop
1000122c:	1000653c 	.word	0x1000653c
10001230:	400b8000 	.word	0x400b8000
10001234:	2000160c 	.word	0x2000160c

10001238 <timer_time_us_64>:
10001238:	4602      	mov	r2, r0
1000123a:	6a43      	ldr	r3, [r0, #36]	@ 0x24
1000123c:	6a90      	ldr	r0, [r2, #40]	@ 0x28
1000123e:	4619      	mov	r1, r3
10001240:	6a53      	ldr	r3, [r2, #36]	@ 0x24
10001242:	4299      	cmp	r1, r3
10001244:	d1fa      	bne.n	1000123c <timer_time_us_64+0x4>
10001246:	4770      	bx	lr

10001248 <timer_busy_wait_until>:
10001248:	6a41      	ldr	r1, [r0, #36]	@ 0x24
1000124a:	e000      	b.n	1000124e <timer_busy_wait_until+0x6>
1000124c:	6a41      	ldr	r1, [r0, #36]	@ 0x24
1000124e:	4299      	cmp	r1, r3
10001250:	d3fc      	bcc.n	1000124c <timer_busy_wait_until+0x4>
10001252:	e000      	b.n	10001256 <timer_busy_wait_until+0xe>
10001254:	6a41      	ldr	r1, [r0, #36]	@ 0x24
10001256:	4299      	cmp	r1, r3
10001258:	d102      	bne.n	10001260 <timer_busy_wait_until+0x18>
1000125a:	6a81      	ldr	r1, [r0, #40]	@ 0x28
1000125c:	4291      	cmp	r1, r2
1000125e:	d3f9      	bcc.n	10001254 <timer_busy_wait_until+0xc>
10001260:	4770      	bx	lr
	...

10001264 <time_us_64>:
10001264:	b508      	push	{r3, lr}
10001266:	4802      	ldr	r0, [pc, #8]	@ (10001270 <time_us_64+0xc>)
10001268:	f7ff ffe6 	bl	10001238 <timer_time_us_64>
1000126c:	bd08      	pop	{r3, pc}
1000126e:	bf00      	nop
10001270:	400b0000 	.word	0x400b0000

10001274 <busy_wait_until>:
10001274:	b508      	push	{r3, lr}
10001276:	4602      	mov	r2, r0
10001278:	460b      	mov	r3, r1
1000127a:	4802      	ldr	r0, [pc, #8]	@ (10001284 <busy_wait_until+0x10>)
1000127c:	f7ff ffe4 	bl	10001248 <timer_busy_wait_until>
10001280:	bd08      	pop	{r3, pc}
10001282:	bf00      	nop
10001284:	400b0000 	.word	0x400b0000

10001288 <clock_configure_internal>:
10001288:	b570      	push	{r4, r5, r6, lr}
1000128a:	4616      	mov	r6, r2
1000128c:	9d04      	ldr	r5, [sp, #16]
1000128e:	eb00 0c40 	add.w	ip, r0, r0, lsl #1
10001292:	ea4f 0c8c 	mov.w	ip, ip, lsl #2
10001296:	f10c 4c80 	add.w	ip, ip, #1073741824	@ 0x40000000
1000129a:	f50c 3c80 	add.w	ip, ip, #65536	@ 0x10000
1000129e:	f8dc 2004 	ldr.w	r2, [ip, #4]
100012a2:	42aa      	cmp	r2, r5
100012a4:	d201      	bcs.n	100012aa <clock_configure_internal+0x22>
100012a6:	f8cc 5004 	str.w	r5, [ip, #4]
100012aa:	f1a0 0e04 	sub.w	lr, r0, #4
100012ae:	fa5f fe8e 	uxtb.w	lr, lr
100012b2:	f1be 0f01 	cmp.w	lr, #1
100012b6:	d928      	bls.n	1000130a <clock_configure_internal+0x82>
100012b8:	f50c 5240 	add.w	r2, ip, #12288	@ 0x3000
100012bc:	f44f 6400 	mov.w	r4, #2048	@ 0x800
100012c0:	6014      	str	r4, [r2, #0]
100012c2:	4a1e      	ldr	r2, [pc, #120]	@ (1000133c <clock_configure_internal+0xb4>)
100012c4:	f852 2020 	ldr.w	r2, [r2, r0, lsl #2]
100012c8:	b142      	cbz	r2, 100012dc <clock_configure_internal+0x54>
100012ca:	4c1c      	ldr	r4, [pc, #112]	@ (1000133c <clock_configure_internal+0xb4>)
100012cc:	6964      	ldr	r4, [r4, #20]
100012ce:	fbb4 f4f2 	udiv	r4, r4, r2
100012d2:	3401      	adds	r4, #1
100012d4:	eb04 0444 	add.w	r4, r4, r4, lsl #1
100012d8:	3c03      	subs	r4, #3
100012da:	d2fd      	bcs.n	100012d8 <clock_configure_internal+0x50>
100012dc:	f8dc 2000 	ldr.w	r2, [ip]
100012e0:	ea82 1246 	eor.w	r2, r2, r6, lsl #5
100012e4:	f002 02e0 	and.w	r2, r2, #224	@ 0xe0
100012e8:	f50c 5480 	add.w	r4, ip, #4096	@ 0x1000
100012ec:	6022      	str	r2, [r4, #0]
100012ee:	f1be 0f01 	cmp.w	lr, #1
100012f2:	d916      	bls.n	10001322 <clock_configure_internal+0x9a>
100012f4:	f50c 5200 	add.w	r2, ip, #8192	@ 0x2000
100012f8:	f44f 6100 	mov.w	r1, #2048	@ 0x800
100012fc:	6011      	str	r1, [r2, #0]
100012fe:	f8cc 5004 	str.w	r5, [ip, #4]
10001302:	4a0e      	ldr	r2, [pc, #56]	@ (1000133c <clock_configure_internal+0xb4>)
10001304:	f842 3020 	str.w	r3, [r2, r0, lsl #2]
10001308:	bd70      	pop	{r4, r5, r6, pc}
1000130a:	2901      	cmp	r1, #1
1000130c:	d1d4      	bne.n	100012b8 <clock_configure_internal+0x30>
1000130e:	f50c 5240 	add.w	r2, ip, #12288	@ 0x3000
10001312:	2403      	movs	r4, #3
10001314:	6014      	str	r4, [r2, #0]
10001316:	f8dc 2008 	ldr.w	r2, [ip, #8]
1000131a:	f012 0f01 	tst.w	r2, #1
1000131e:	d0fa      	beq.n	10001316 <clock_configure_internal+0x8e>
10001320:	e7dc      	b.n	100012dc <clock_configure_internal+0x54>
10001322:	f8dc 2000 	ldr.w	r2, [ip]
10001326:	404a      	eors	r2, r1
10001328:	f002 0203 	and.w	r2, r2, #3
1000132c:	6022      	str	r2, [r4, #0]
1000132e:	f8dc 4008 	ldr.w	r4, [ip, #8]
10001332:	2201      	movs	r2, #1
10001334:	408a      	lsls	r2, r1
10001336:	4214      	tst	r4, r2
10001338:	d0f9      	beq.n	1000132e <clock_configure_internal+0xa6>
1000133a:	e7db      	b.n	100012f4 <clock_configure_internal+0x6c>
1000133c:	20001610 	.word	0x20001610

10001340 <clock_configure_undivided>:
10001340:	b510      	push	{r4, lr}
10001342:	b082      	sub	sp, #8
10001344:	f44f 3480 	mov.w	r4, #65536	@ 0x10000
10001348:	9400      	str	r4, [sp, #0]
1000134a:	f7ff ff9d 	bl	10001288 <clock_configure_internal>
1000134e:	b002      	add	sp, #8
10001350:	bd10      	pop	{r4, pc}
	...

10001354 <clock_get_hz>:
10001354:	4b01      	ldr	r3, [pc, #4]	@ (1000135c <clock_get_hz+0x8>)
10001356:	f853 0020 	ldr.w	r0, [r3, r0, lsl #2]
1000135a:	4770      	bx	lr
1000135c:	20001610 	.word	0x20001610

10001360 <pll_init>:
10001360:	b570      	push	{r4, r5, r6, lr}
10001362:	9c04      	ldr	r4, [sp, #16]
10001364:	4d34      	ldr	r5, [pc, #208]	@ (10001438 <pll_init+0xd8>)
10001366:	fbb5 fcf1 	udiv	ip, r5, r1
1000136a:	4d34      	ldr	r5, [pc, #208]	@ (1000143c <pll_init+0xdc>)
1000136c:	4415      	add	r5, r2
1000136e:	4e34      	ldr	r6, [pc, #208]	@ (10001440 <pll_init+0xe0>)
10001370:	42b5      	cmp	r5, r6
10001372:	d837      	bhi.n	100013e4 <pll_init+0x84>
10001374:	fbb2 f5fc 	udiv	r5, r2, ip
10001378:	f1a5 0e10 	sub.w	lr, r5, #16
1000137c:	f5be 7f98 	cmp.w	lr, #304	@ 0x130
10001380:	d836      	bhi.n	100013f0 <pll_init+0x90>
10001382:	f103 3eff 	add.w	lr, r3, #4294967295	@ 0xffffffff
10001386:	f1be 0f06 	cmp.w	lr, #6
1000138a:	d837      	bhi.n	100013fc <pll_init+0x9c>
1000138c:	f104 3eff 	add.w	lr, r4, #4294967295	@ 0xffffffff
10001390:	f1be 0f06 	cmp.w	lr, #6
10001394:	d832      	bhi.n	100013fc <pll_init+0x9c>
10001396:	ebbc 1f12 	cmp.w	ip, r2, lsr #4
1000139a:	d835      	bhi.n	10001408 <pll_init+0xa8>
1000139c:	0324      	lsls	r4, r4, #12
1000139e:	ea44 4403 	orr.w	r4, r4, r3, lsl #16
100013a2:	6803      	ldr	r3, [r0, #0]
100013a4:	2b00      	cmp	r3, #0
100013a6:	db35      	blt.n	10001414 <pll_init+0xb4>
100013a8:	4b26      	ldr	r3, [pc, #152]	@ (10001444 <pll_init+0xe4>)
100013aa:	4298      	cmp	r0, r3
100013ac:	d042      	beq.n	10001434 <pll_init+0xd4>
100013ae:	230e      	movs	r3, #14
100013b0:	2201      	movs	r2, #1
100013b2:	409a      	lsls	r2, r3
100013b4:	4b24      	ldr	r3, [pc, #144]	@ (10001448 <pll_init+0xe8>)
100013b6:	601a      	str	r2, [r3, #0]
100013b8:	f503 5380 	add.w	r3, r3, #4096	@ 0x1000
100013bc:	601a      	str	r2, [r3, #0]
100013be:	4b23      	ldr	r3, [pc, #140]	@ (1000144c <pll_init+0xec>)
100013c0:	689b      	ldr	r3, [r3, #8]
100013c2:	ea32 0303 	bics.w	r3, r2, r3
100013c6:	d1fa      	bne.n	100013be <pll_init+0x5e>
100013c8:	6001      	str	r1, [r0, #0]
100013ca:	6085      	str	r5, [r0, #8]
100013cc:	f500 5240 	add.w	r2, r0, #12288	@ 0x3000
100013d0:	3204      	adds	r2, #4
100013d2:	2321      	movs	r3, #33	@ 0x21
100013d4:	6013      	str	r3, [r2, #0]
100013d6:	6803      	ldr	r3, [r0, #0]
100013d8:	2b00      	cmp	r3, #0
100013da:	dafc      	bge.n	100013d6 <pll_init+0x76>
100013dc:	60c4      	str	r4, [r0, #12]
100013de:	2308      	movs	r3, #8
100013e0:	6013      	str	r3, [r2, #0]
100013e2:	bd70      	pop	{r4, r5, r6, pc}
100013e4:	4b1a      	ldr	r3, [pc, #104]	@ (10001450 <pll_init+0xf0>)
100013e6:	4a1b      	ldr	r2, [pc, #108]	@ (10001454 <pll_init+0xf4>)
100013e8:	2111      	movs	r1, #17
100013ea:	481b      	ldr	r0, [pc, #108]	@ (10001458 <pll_init+0xf8>)
100013ec:	f001 fc8c 	bl	10002d08 <__assert_func>
100013f0:	4b1a      	ldr	r3, [pc, #104]	@ (1000145c <pll_init+0xfc>)
100013f2:	4a18      	ldr	r2, [pc, #96]	@ (10001454 <pll_init+0xf4>)
100013f4:	2119      	movs	r1, #25
100013f6:	4818      	ldr	r0, [pc, #96]	@ (10001458 <pll_init+0xf8>)
100013f8:	f001 fc86 	bl	10002d08 <__assert_func>
100013fc:	4b18      	ldr	r3, [pc, #96]	@ (10001460 <pll_init+0x100>)
100013fe:	4a15      	ldr	r2, [pc, #84]	@ (10001454 <pll_init+0xf4>)
10001400:	211c      	movs	r1, #28
10001402:	4815      	ldr	r0, [pc, #84]	@ (10001458 <pll_init+0xf8>)
10001404:	f001 fc80 	bl	10002d08 <__assert_func>
10001408:	4b16      	ldr	r3, [pc, #88]	@ (10001464 <pll_init+0x104>)
1000140a:	4a12      	ldr	r2, [pc, #72]	@ (10001454 <pll_init+0xf4>)
1000140c:	2123      	movs	r1, #35	@ 0x23
1000140e:	4812      	ldr	r0, [pc, #72]	@ (10001458 <pll_init+0xf8>)
10001410:	f001 fc7a 	bl	10002d08 <__assert_func>
10001414:	6803      	ldr	r3, [r0, #0]
10001416:	f003 033f 	and.w	r3, r3, #63	@ 0x3f
1000141a:	428b      	cmp	r3, r1
1000141c:	d1c4      	bne.n	100013a8 <pll_init+0x48>
1000141e:	6883      	ldr	r3, [r0, #8]
10001420:	f3c3 030b 	ubfx	r3, r3, #0, #12
10001424:	42ab      	cmp	r3, r5
10001426:	d1bf      	bne.n	100013a8 <pll_init+0x48>
10001428:	68c3      	ldr	r3, [r0, #12]
1000142a:	f403 23ee 	and.w	r3, r3, #487424	@ 0x77000
1000142e:	42a3      	cmp	r3, r4
10001430:	d1ba      	bne.n	100013a8 <pll_init+0x48>
10001432:	e7d6      	b.n	100013e2 <pll_init+0x82>
10001434:	230f      	movs	r3, #15
10001436:	e7bb      	b.n	100013b0 <pll_init+0x50>
10001438:	00b71b00 	.word	0x00b71b00
1000143c:	d34be880 	.word	0xd34be880
10001440:	32a9f880 	.word	0x32a9f880
10001444:	40058000 	.word	0x40058000
10001448:	40022000 	.word	0x40022000
1000144c:	40020000 	.word	0x40020000
10001450:	10006560 	.word	0x10006560
10001454:	10006af0 	.word	0x10006af0
10001458:	100065b0 	.word	0x100065b0
1000145c:	100065fc 	.word	0x100065fc
10001460:	10006618 	.word	0x10006618
10001464:	10006664 	.word	0x10006664

10001468 <watchdog_update>:
10001468:	4b02      	ldr	r3, [pc, #8]	@ (10001474 <watchdog_update+0xc>)
1000146a:	681a      	ldr	r2, [r3, #0]
1000146c:	4b02      	ldr	r3, [pc, #8]	@ (10001478 <watchdog_update+0x10>)
1000146e:	605a      	str	r2, [r3, #4]
10001470:	4770      	bx	lr
10001472:	bf00      	nop
10001474:	20001a6c 	.word	0x20001a6c
10001478:	400d8000 	.word	0x400d8000

1000147c <_watchdog_enable>:
1000147c:	b508      	push	{r3, lr}
1000147e:	4b16      	ldr	r3, [pc, #88]	@ (100014d8 <_watchdog_enable+0x5c>)
10001480:	f04f 4280 	mov.w	r2, #1073741824	@ 0x40000000
10001484:	601a      	str	r2, [r3, #0]
10001486:	f5a3 2341 	sub.w	r3, r3, #790528	@ 0xc1000
1000148a:	4a14      	ldr	r2, [pc, #80]	@ (100014dc <_watchdog_enable+0x60>)
1000148c:	609a      	str	r2, [r3, #8]
1000148e:	b151      	cbz	r1, 100014a6 <_watchdog_enable+0x2a>
10001490:	f503 2340 	add.w	r3, r3, #786432	@ 0xc0000
10001494:	f04f 62e0 	mov.w	r2, #117440512	@ 0x7000000
10001498:	601a      	str	r2, [r3, #0]
1000149a:	b948      	cbnz	r0, 100014b0 <_watchdog_enable+0x34>
1000149c:	4b10      	ldr	r3, [pc, #64]	@ (100014e0 <_watchdog_enable+0x64>)
1000149e:	f04f 4200 	mov.w	r2, #2147483648	@ 0x80000000
100014a2:	601a      	str	r2, [r3, #0]
100014a4:	bd08      	pop	{r3, pc}
100014a6:	4b0c      	ldr	r3, [pc, #48]	@ (100014d8 <_watchdog_enable+0x5c>)
100014a8:	f04f 62e0 	mov.w	r2, #117440512	@ 0x7000000
100014ac:	601a      	str	r2, [r3, #0]
100014ae:	e7f4      	b.n	1000149a <_watchdog_enable+0x1e>
100014b0:	f44f 737a 	mov.w	r3, #1000	@ 0x3e8
100014b4:	fb03 f000 	mul.w	r0, r3, r0
100014b8:	4b0a      	ldr	r3, [pc, #40]	@ (100014e4 <_watchdog_enable+0x68>)
100014ba:	6018      	str	r0, [r3, #0]
100014bc:	f1b0 7f80 	cmp.w	r0, #16777216	@ 0x1000000
100014c0:	d302      	bcc.n	100014c8 <_watchdog_enable+0x4c>
100014c2:	f06f 427f 	mvn.w	r2, #4278190080	@ 0xff000000
100014c6:	601a      	str	r2, [r3, #0]
100014c8:	f7ff ffce 	bl	10001468 <watchdog_update>
100014cc:	4b04      	ldr	r3, [pc, #16]	@ (100014e0 <_watchdog_enable+0x64>)
100014ce:	f04f 4280 	mov.w	r2, #1073741824	@ 0x40000000
100014d2:	601a      	str	r2, [r3, #0]
100014d4:	e7e6      	b.n	100014a4 <_watchdog_enable+0x28>
100014d6:	bf00      	nop
100014d8:	400db000 	.word	0x400db000
100014dc:	01fffff3 	.word	0x01fffff3
100014e0:	400da000 	.word	0x400da000
100014e4:	20001a6c 	.word	0x20001a6c

100014e8 <watchdog_reboot>:
100014e8:	b510      	push	{r4, lr}
100014ea:	4b0c      	ldr	r3, [pc, #48]	@ (1000151c <watchdog_reboot+0x34>)
100014ec:	f04f 4480 	mov.w	r4, #1073741824	@ 0x40000000
100014f0:	601c      	str	r4, [r3, #0]
100014f2:	b170      	cbz	r0, 10001512 <watchdog_reboot+0x2a>
100014f4:	f040 0301 	orr.w	r3, r0, #1
100014f8:	4809      	ldr	r0, [pc, #36]	@ (10001520 <watchdog_reboot+0x38>)
100014fa:	4c0a      	ldr	r4, [pc, #40]	@ (10001524 <watchdog_reboot+0x3c>)
100014fc:	61c4      	str	r4, [r0, #28]
100014fe:	4c0a      	ldr	r4, [pc, #40]	@ (10001528 <watchdog_reboot+0x40>)
10001500:	405c      	eors	r4, r3
10001502:	6204      	str	r4, [r0, #32]
10001504:	6241      	str	r1, [r0, #36]	@ 0x24
10001506:	6283      	str	r3, [r0, #40]	@ 0x28
10001508:	2100      	movs	r1, #0
1000150a:	4610      	mov	r0, r2
1000150c:	f7ff ffb6 	bl	1000147c <_watchdog_enable>
10001510:	bd10      	pop	{r4, pc}
10001512:	4b03      	ldr	r3, [pc, #12]	@ (10001520 <watchdog_reboot+0x38>)
10001514:	2100      	movs	r1, #0
10001516:	61d9      	str	r1, [r3, #28]
10001518:	e7f6      	b.n	10001508 <watchdog_reboot+0x20>
1000151a:	bf00      	nop
1000151c:	400db000 	.word	0x400db000
10001520:	400d8000 	.word	0x400d8000
10001524:	b007c0d3 	.word	0xb007c0d3
10001528:	4ff83f2d 	.word	0x4ff83f2d

1000152c <tick_start>:
1000152c:	4a05      	ldr	r2, [pc, #20]	@ (10001544 <tick_start+0x18>)
1000152e:	eb00 0340 	add.w	r3, r0, r0, lsl #1
10001532:	eb02 0383 	add.w	r3, r2, r3, lsl #2
10001536:	6059      	str	r1, [r3, #4]
10001538:	eb00 0040 	add.w	r0, r0, r0, lsl #1
1000153c:	0080      	lsls	r0, r0, #2
1000153e:	2301      	movs	r3, #1
10001540:	5013      	str	r3, [r2, r0]
10001542:	4770      	bx	lr
10001544:	40108000 	.word	0x40108000

10001548 <rom_reboot>:
10001548:	e92d 41f0 	stmdb	sp!, {r4, r5, r6, r7, r8, lr}
1000154c:	4605      	mov	r5, r0
1000154e:	460e      	mov	r6, r1
10001550:	4617      	mov	r7, r2
10001552:	4698      	mov	r8, r3
10001554:	2300      	movs	r3, #0
10001556:	8adb      	ldrh	r3, [r3, #22]
10001558:	2200      	movs	r2, #0
1000155a:	e842 f200 	tt	r2, r2
1000155e:	f412 0f80 	tst.w	r2, #4194304	@ 0x400000
10001562:	d10b      	bne.n	1000157c <rom_reboot+0x34>
10001564:	2110      	movs	r1, #16
10001566:	f244 2052 	movw	r0, #16978	@ 0x4252
1000156a:	4798      	blx	r3
1000156c:	4604      	mov	r4, r0
1000156e:	4643      	mov	r3, r8
10001570:	463a      	mov	r2, r7
10001572:	4631      	mov	r1, r6
10001574:	4628      	mov	r0, r5
10001576:	47a0      	blx	r4
10001578:	e8bd 81f0 	ldmia.w	sp!, {r4, r5, r6, r7, r8, pc}
1000157c:	2104      	movs	r1, #4
1000157e:	f244 2052 	movw	r0, #16978	@ 0x4252
10001582:	4798      	blx	r3
10001584:	4604      	mov	r4, r0
10001586:	e7f2      	b.n	1000156e <rom_reboot+0x26>

10001588 <rom_func_lookup>:
10001588:	b508      	push	{r3, lr}
1000158a:	2300      	movs	r3, #0
1000158c:	8adb      	ldrh	r3, [r3, #22]
1000158e:	2200      	movs	r2, #0
10001590:	e842 f200 	tt	r2, r2
10001594:	f412 0f80 	tst.w	r2, #4194304	@ 0x400000
10001598:	d102      	bne.n	100015a0 <rom_func_lookup+0x18>
1000159a:	2110      	movs	r1, #16
1000159c:	4798      	blx	r3
1000159e:	bd08      	pop	{r3, pc}
100015a0:	2104      	movs	r1, #4
100015a2:	4798      	blx	r3
100015a4:	e7fb      	b.n	1000159e <rom_func_lookup+0x16>

100015a6 <rom_reset_usb_boot_extra>:
100015a6:	b508      	push	{r3, lr}
100015a8:	1e03      	subs	r3, r0, #0
100015aa:	db04      	blt.n	100015b6 <rom_reset_usb_boot_extra+0x10>
100015ac:	f041 0020 	orr.w	r0, r1, #32
100015b0:	b13a      	cbz	r2, 100015c2 <rom_reset_usb_boot_extra+0x1c>
100015b2:	f041 0130 	orr.w	r1, r1, #48	@ 0x30
100015b6:	460a      	mov	r2, r1
100015b8:	210a      	movs	r1, #10
100015ba:	f44f 7081 	mov.w	r0, #258	@ 0x102
100015be:	f7ff ffc3 	bl	10001548 <rom_reboot>
100015c2:	4601      	mov	r1, r0
100015c4:	e7f7      	b.n	100015b6 <rom_reset_usb_boot_extra+0x10>
	...

100015c8 <runtime_init_bootrom_locking_enable>:
100015c8:	4b03      	ldr	r3, [pc, #12]	@ (100015d8 <runtime_init_bootrom_locking_enable+0x10>)
100015ca:	f8d3 3828 	ldr.w	r3, [r3, #2088]	@ 0x828
100015ce:	2b00      	cmp	r3, #0
100015d0:	d0fa      	beq.n	100015c8 <runtime_init_bootrom_locking_enable>
100015d2:	f3bf 8f5f 	dmb	sy
100015d6:	4770      	bx	lr
100015d8:	400e0000 	.word	0x400e0000

100015dc <boot_locks_reset>:
100015dc:	2200      	movs	r2, #0
100015de:	e007      	b.n	100015f0 <boot_locks_reset+0x14>
100015e0:	4b05      	ldr	r3, [pc, #20]	@ (100015f8 <boot_locks_reset+0x1c>)
100015e2:	4413      	add	r3, r2
100015e4:	009b      	lsls	r3, r3, #2
100015e6:	f3bf 8f5f 	dmb	sy
100015ea:	2100      	movs	r1, #0
100015ec:	6019      	str	r1, [r3, #0]
100015ee:	3201      	adds	r2, #1
100015f0:	2a07      	cmp	r2, #7
100015f2:	d9f5      	bls.n	100015e0 <boot_locks_reset+0x4>
100015f4:	4770      	bx	lr
100015f6:	bf00      	nop
100015f8:	10038203 	.word	0x10038203

100015fc <runtime_init_boot_locks_reset>:
100015fc:	b508      	push	{r3, lr}
100015fe:	f7ff ffed 	bl	100015dc <boot_locks_reset>
10001602:	bd08      	pop	{r3, pc}

10001604 <xosc_init>:
10001604:	4b07      	ldr	r3, [pc, #28]	@ (10001624 <xosc_init+0x20>)
10001606:	f44f 622a 	mov.w	r2, #2720	@ 0xaa0
1000160a:	601a      	str	r2, [r3, #0]
1000160c:	f44f 728d 	mov.w	r2, #282	@ 0x11a
10001610:	60da      	str	r2, [r3, #12]
10001612:	f503 5300 	add.w	r3, r3, #8192	@ 0x2000
10001616:	4a04      	ldr	r2, [pc, #16]	@ (10001628 <xosc_init+0x24>)
10001618:	601a      	str	r2, [r3, #0]
1000161a:	4b02      	ldr	r3, [pc, #8]	@ (10001624 <xosc_init+0x20>)
1000161c:	685b      	ldr	r3, [r3, #4]
1000161e:	2b00      	cmp	r3, #0
10001620:	dafb      	bge.n	1000161a <xosc_init+0x16>
10001622:	4770      	bx	lr
10001624:	40048000 	.word	0x40048000
10001628:	00fab000 	.word	0x00fab000

1000162c <runtime_run_initializers_from>:
1000162c:	b510      	push	{r4, lr}
1000162e:	4604      	mov	r4, r0
10001630:	e002      	b.n	10001638 <runtime_run_initializers_from+0xc>
10001632:	f854 3b04 	ldr.w	r3, [r4], #4
10001636:	4798      	blx	r3
10001638:	4b01      	ldr	r3, [pc, #4]	@ (10001640 <runtime_run_initializers_from+0x14>)
1000163a:	429c      	cmp	r4, r3
1000163c:	d3f9      	bcc.n	10001632 <runtime_run_initializers_from+0x6>
1000163e:	bd10      	pop	{r4, pc}
10001640:	10006158 	.word	0x10006158

10001644 <first_per_core_initializer>:
10001644:	4770      	bx	lr
	...

10001648 <runtime_run_initializers>:
10001648:	b508      	push	{r3, lr}
1000164a:	4802      	ldr	r0, [pc, #8]	@ (10001654 <runtime_run_initializers+0xc>)
1000164c:	f7ff ffee 	bl	1000162c <runtime_run_initializers_from>
10001650:	bd08      	pop	{r3, pc}
10001652:	bf00      	nop
10001654:	10006118 	.word	0x10006118

10001658 <runtime_init_early_resets>:
10001658:	4b06      	ldr	r3, [pc, #24]	@ (10001674 <runtime_init_early_resets+0x1c>)
1000165a:	4a07      	ldr	r2, [pc, #28]	@ (10001678 <runtime_init_early_resets+0x20>)
1000165c:	601a      	str	r2, [r3, #0]
1000165e:	f503 5380 	add.w	r3, r3, #4096	@ 0x1000
10001662:	4a06      	ldr	r2, [pc, #24]	@ (1000167c <runtime_init_early_resets+0x24>)
10001664:	601a      	str	r2, [r3, #0]
10001666:	4b06      	ldr	r3, [pc, #24]	@ (10001680 <runtime_init_early_resets+0x28>)
10001668:	689a      	ldr	r2, [r3, #8]
1000166a:	4b04      	ldr	r3, [pc, #16]	@ (1000167c <runtime_init_early_resets+0x24>)
1000166c:	4393      	bics	r3, r2
1000166e:	d1fa      	bne.n	10001666 <runtime_init_early_resets+0xe>
10001670:	4770      	bx	lr
10001672:	bf00      	nop
10001674:	40022000 	.word	0x40022000
10001678:	efef3b7f 	.word	0xefef3b7f
1000167c:	03f3fff6 	.word	0x03f3fff6
10001680:	40020000 	.word	0x40020000

10001684 <runtime_init_usb_power_down>:
10001684:	4b05      	ldr	r3, [pc, #20]	@ (1000169c <runtime_init_usb_power_down+0x18>)
10001686:	6cdb      	ldr	r3, [r3, #76]	@ 0x4c
10001688:	f5b3 4f00 	cmp.w	r3, #32768	@ 0x8000
1000168c:	d000      	beq.n	10001690 <runtime_init_usb_power_down+0xc>
1000168e:	4770      	bx	lr
10001690:	4b03      	ldr	r3, [pc, #12]	@ (100016a0 <runtime_init_usb_power_down+0x1c>)
10001692:	f44f 2280 	mov.w	r2, #262144	@ 0x40000
10001696:	64da      	str	r2, [r3, #76]	@ 0x4c
10001698:	e7f9      	b.n	1000168e <runtime_init_usb_power_down+0xa>
1000169a:	bf00      	nop
1000169c:	50110000 	.word	0x50110000
100016a0:	50112000 	.word	0x50112000

100016a4 <runtime_init_per_core_enable_coprocessors>:
100016a4:	f04f 22e0 	mov.w	r2, #3758153728	@ 0xe000e000
100016a8:	f8d2 1d88 	ldr.w	r1, [r2, #3464]	@ 0xd88
100016ac:	4b03      	ldr	r3, [pc, #12]	@ (100016bc <runtime_init_per_core_enable_coprocessors+0x18>)
100016ae:	430b      	orrs	r3, r1
100016b0:	f8c2 3d88 	str.w	r3, [r2, #3464]	@ 0xd88
100016b4:	ee10 0430 			dcp_rcmp r0
100016b8:	4770      	bx	lr
100016ba:	bf00      	nop
100016bc:	00300303 	.word	0x00300303

100016c0 <runtime_init_post_clock_resets>:
100016c0:	4b05      	ldr	r3, [pc, #20]	@ (100016d8 <runtime_init_post_clock_resets+0x18>)
100016c2:	f06f 4260 	mvn.w	r2, #3758096384	@ 0xe0000000
100016c6:	601a      	str	r2, [r3, #0]
100016c8:	4b04      	ldr	r3, [pc, #16]	@ (100016dc <runtime_init_post_clock_resets+0x1c>)
100016ca:	689b      	ldr	r3, [r3, #8]
100016cc:	43db      	mvns	r3, r3
100016ce:	f033 4360 	bics.w	r3, r3, #3758096384	@ 0xe0000000
100016d2:	d1f9      	bne.n	100016c8 <runtime_init_post_clock_resets+0x8>
100016d4:	4770      	bx	lr
100016d6:	bf00      	nop
100016d8:	40023000 	.word	0x40023000
100016dc:	40020000 	.word	0x40020000

100016e0 <runtime_init_bootrom_reset>:
100016e0:	b508      	push	{r3, lr}
100016e2:	f245 2053 	movw	r0, #21075	@ 0x5253
100016e6:	f7ff ff4f 	bl	10001588 <rom_func_lookup>
100016ea:	4603      	mov	r3, r0
100016ec:	2004      	movs	r0, #4
100016ee:	4798      	blx	r3
100016f0:	bd08      	pop	{r3, pc}

100016f2 <runtime_init_per_core_bootrom_reset>:
100016f2:	b508      	push	{r3, lr}
100016f4:	f245 2053 	movw	r0, #21075	@ 0x5253
100016f8:	f7ff ff46 	bl	10001588 <rom_func_lookup>
100016fc:	4603      	mov	r3, r0
100016fe:	2001      	movs	r0, #1
10001700:	4798      	blx	r3
10001702:	bd08      	pop	{r3, pc}

10001704 <runtime_init_spin_locks_reset>:
10001704:	b508      	push	{r3, lr}
10001706:	f7fe fe7b 	bl	10000400 <spin_locks_reset>
1000170a:	bd08      	pop	{r3, pc}

1000170c <runtime_init_install_ram_vector_table>:
1000170c:	b510      	push	{r4, lr}
1000170e:	490c      	ldr	r1, [pc, #48]	@ (10001740 <runtime_init_install_ram_vector_table+0x34>)
10001710:	4a0c      	ldr	r2, [pc, #48]	@ (10001744 <runtime_init_install_ram_vector_table+0x38>)
10001712:	1a52      	subs	r2, r2, r1
10001714:	1092      	asrs	r2, r2, #2
10001716:	4614      	mov	r4, r2
10001718:	2a44      	cmp	r2, #68	@ 0x44
1000171a:	bf28      	it	cs
1000171c:	2244      	movcs	r2, #68	@ 0x44
1000171e:	0092      	lsls	r2, r2, #2
10001720:	4809      	ldr	r0, [pc, #36]	@ (10001748 <runtime_init_install_ram_vector_table+0x3c>)
10001722:	f004 fc27 	bl	10005f74 <memcpy>
10001726:	e004      	b.n	10001732 <runtime_init_install_ram_vector_table+0x26>
10001728:	4a08      	ldr	r2, [pc, #32]	@ (1000174c <runtime_init_install_ram_vector_table+0x40>)
1000172a:	4b07      	ldr	r3, [pc, #28]	@ (10001748 <runtime_init_install_ram_vector_table+0x3c>)
1000172c:	f843 2024 	str.w	r2, [r3, r4, lsl #2]
10001730:	3401      	adds	r4, #1
10001732:	2c43      	cmp	r4, #67	@ 0x43
10001734:	d9f8      	bls.n	10001728 <runtime_init_install_ram_vector_table+0x1c>
10001736:	4a04      	ldr	r2, [pc, #16]	@ (10001748 <runtime_init_install_ram_vector_table+0x3c>)
10001738:	4b05      	ldr	r3, [pc, #20]	@ (10001750 <runtime_init_install_ram_vector_table+0x44>)
1000173a:	609a      	str	r2, [r3, #8]
1000173c:	bd10      	pop	{r4, pc}
1000173e:	bf00      	nop
10001740:	10000000 	.word	0x10000000
10001744:	10000110 	.word	0x10000110
10001748:	20000000 	.word	0x20000000
1000174c:	10000111 	.word	0x10000111
10001750:	e000ed00 	.word	0xe000ed00

10001754 <start_all_ticks>:
10001754:	b538      	push	{r3, r4, r5, lr}
10001756:	2004      	movs	r0, #4
10001758:	f7ff fdfc 	bl	10001354 <clock_get_hz>
1000175c:	4b06      	ldr	r3, [pc, #24]	@ (10001778 <start_all_ticks+0x24>)
1000175e:	fba3 3500 	umull	r3, r5, r3, r0
10001762:	0cad      	lsrs	r5, r5, #18
10001764:	2400      	movs	r4, #0
10001766:	e004      	b.n	10001772 <start_all_ticks+0x1e>
10001768:	4629      	mov	r1, r5
1000176a:	b2e0      	uxtb	r0, r4
1000176c:	f7ff fede 	bl	1000152c <tick_start>
10001770:	3401      	adds	r4, #1
10001772:	2c05      	cmp	r4, #5
10001774:	ddf8      	ble.n	10001768 <start_all_ticks+0x14>
10001776:	bd38      	pop	{r3, r4, r5, pc}
10001778:	431bde83 	.word	0x431bde83

1000177c <runtime_init_clocks>:
1000177c:	b530      	push	{r4, r5, lr}
1000177e:	b083      	sub	sp, #12
10001780:	4b26      	ldr	r3, [pc, #152]	@ (1000181c <runtime_init_clocks+0xa0>)
10001782:	2200      	movs	r2, #0
10001784:	f8c3 2084 	str.w	r2, [r3, #132]	@ 0x84
10001788:	f7ff ff3c 	bl	10001604 <xosc_init>
1000178c:	4b24      	ldr	r3, [pc, #144]	@ (10001820 <runtime_init_clocks+0xa4>)
1000178e:	2201      	movs	r2, #1
10001790:	63da      	str	r2, [r3, #60]	@ 0x3c
10001792:	4b22      	ldr	r3, [pc, #136]	@ (1000181c <runtime_init_clocks+0xa0>)
10001794:	6c5b      	ldr	r3, [r3, #68]	@ 0x44
10001796:	2b01      	cmp	r3, #1
10001798:	d1fb      	bne.n	10001792 <runtime_init_clocks+0x16>
1000179a:	4b21      	ldr	r3, [pc, #132]	@ (10001820 <runtime_init_clocks+0xa4>)
1000179c:	2203      	movs	r2, #3
1000179e:	631a      	str	r2, [r3, #48]	@ 0x30
100017a0:	4b1e      	ldr	r3, [pc, #120]	@ (1000181c <runtime_init_clocks+0xa0>)
100017a2:	6b9b      	ldr	r3, [r3, #56]	@ 0x38
100017a4:	2b01      	cmp	r3, #1
100017a6:	d1fb      	bne.n	100017a0 <runtime_init_clocks+0x24>
100017a8:	2402      	movs	r4, #2
100017aa:	9400      	str	r4, [sp, #0]
100017ac:	2305      	movs	r3, #5
100017ae:	4a1d      	ldr	r2, [pc, #116]	@ (10001824 <runtime_init_clocks+0xa8>)
100017b0:	2101      	movs	r1, #1
100017b2:	481d      	ldr	r0, [pc, #116]	@ (10001828 <runtime_init_clocks+0xac>)
100017b4:	f7ff fdd4 	bl	10001360 <pll_init>
100017b8:	2505      	movs	r5, #5
100017ba:	9500      	str	r5, [sp, #0]
100017bc:	462b      	mov	r3, r5
100017be:	4a1b      	ldr	r2, [pc, #108]	@ (1000182c <runtime_init_clocks+0xb0>)
100017c0:	2101      	movs	r1, #1
100017c2:	481b      	ldr	r0, [pc, #108]	@ (10001830 <runtime_init_clocks+0xb4>)
100017c4:	f7ff fdcc 	bl	10001360 <pll_init>
100017c8:	4b1a      	ldr	r3, [pc, #104]	@ (10001834 <runtime_init_clocks+0xb8>)
100017ca:	2200      	movs	r2, #0
100017cc:	4621      	mov	r1, r4
100017ce:	2004      	movs	r0, #4
100017d0:	f7ff fdb6 	bl	10001340 <clock_configure_undivided>
100017d4:	4c18      	ldr	r4, [pc, #96]	@ (10001838 <runtime_init_clocks+0xbc>)
100017d6:	4623      	mov	r3, r4
100017d8:	2200      	movs	r2, #0
100017da:	2101      	movs	r1, #1
100017dc:	4628      	mov	r0, r5
100017de:	f7ff fdaf 	bl	10001340 <clock_configure_undivided>
100017e2:	4d16      	ldr	r5, [pc, #88]	@ (1000183c <runtime_init_clocks+0xc0>)
100017e4:	462b      	mov	r3, r5
100017e6:	2200      	movs	r2, #0
100017e8:	4611      	mov	r1, r2
100017ea:	2008      	movs	r0, #8
100017ec:	f7ff fda8 	bl	10001340 <clock_configure_undivided>
100017f0:	462b      	mov	r3, r5
100017f2:	2200      	movs	r2, #0
100017f4:	4611      	mov	r1, r2
100017f6:	2009      	movs	r0, #9
100017f8:	f7ff fda2 	bl	10001340 <clock_configure_undivided>
100017fc:	4623      	mov	r3, r4
100017fe:	2200      	movs	r2, #0
10001800:	4611      	mov	r1, r2
10001802:	2006      	movs	r0, #6
10001804:	f7ff fd9c 	bl	10001340 <clock_configure_undivided>
10001808:	4623      	mov	r3, r4
1000180a:	2200      	movs	r2, #0
1000180c:	4611      	mov	r1, r2
1000180e:	2007      	movs	r0, #7
10001810:	f7ff fd96 	bl	10001340 <clock_configure_undivided>
10001814:	f7ff ff9e 	bl	10001754 <start_all_ticks>
10001818:	b003      	add	sp, #12
1000181a:	bd30      	pop	{r4, r5, pc}
1000181c:	40010000 	.word	0x40010000
10001820:	40013000 	.word	0x40013000
10001824:	59682f00 	.word	0x59682f00
10001828:	40050000 	.word	0x40050000
1000182c:	47868c00 	.word	0x47868c00
10001830:	40058000 	.word	0x40058000
10001834:	00b71b00 	.word	0x00b71b00
10001838:	08f0d180 	.word	0x08f0d180
1000183c:	02dc6c00 	.word	0x02dc6c00

10001840 <generic_save_state>:
10001840:	b086      	sub	sp, #24
10001842:	b403      	push	{r0, r1}
10001844:	fc51 0408 	dcp_pxmd r0, r1
10001848:	e9cd 0102 	strd	r0, r1, [sp, #8]
1000184c:	fc51 0409 	dcp_pymd r0, r1
10001850:	e9cd 0104 	strd	r0, r1, [sp, #16]
10001854:	ec51 040a 	dcp_refd r0, r1
10001858:	e9cd 0106 	strd	r0, r1, [sp, #24]
1000185c:	bc03      	pop	{r0, r1}
1000185e:	47f0      	blx	lr

10001860 <generic_restore_state>:
10001860:	e8bd 5000 	ldmia.w	sp!, {ip, lr}
10001864:	ec4e c400 	dcp_wxmd ip, lr
10001868:	e8bd 5000 	ldmia.w	sp!, {ip, lr}
1000186c:	ec4e c401 	dcp_wymd ip, lr
10001870:	e8bd 5000 	ldmia.w	sp!, {ip, lr}
10001874:	ec4e c402 	dcp_wefd ip, lr
10001878:	bd00      	pop	{pc}
1000187a:	0000      	movs	r0, r0
1000187c:	b500      	push	{lr}
1000187e:	f7ff ffdf 	bl	10001840 <generic_save_state>
10001882:	e002      	b.n	1000188a <__wrap___aeabi_dadd+0x6>

10001884 <__wrap___aeabi_dadd>:
10001884:	fe10 f430 	dcp_pcmp APSR_nzcv
10001888:	d4f8      	bmi.n	1000187c <generic_restore_state+0x1c>
1000188a:	ec41 0410 	dcp_wxup r0, r1
1000188e:	ec43 2411 	dcp_wyup r2, r3
10001892:	ee00 0401 			dcp_add0
10001896:	ee10 0401 			dcp_add1
1000189a:	ee80 0420 			dcp_nrdd
1000189e:	ec51 0410 	dcp_rdda r0, r1
100018a2:	4770      	bx	lr
100018a4:	b500      	push	{lr}
100018a6:	f7ff ffcb 	bl	10001840 <generic_save_state>
100018aa:	e002      	b.n	100018b2 <__wrap___aeabi_dsub+0x6>

100018ac <__wrap___aeabi_dsub>:
100018ac:	fe10 f430 	dcp_pcmp APSR_nzcv
100018b0:	d4f8      	bmi.n	100018a4 <__wrap___aeabi_dadd+0x20>
100018b2:	ec41 0410 	dcp_wxup r0, r1
100018b6:	ec43 2411 	dcp_wyup r2, r3
100018ba:	ee00 0401 			dcp_add0
100018be:	ee10 0421 			dcp_sub1
100018c2:	ee80 0420 			dcp_nrdd
100018c6:	ec51 0430 	dcp_rdds r0, r1
100018ca:	4770      	bx	lr
100018cc:	b500      	push	{lr}
100018ce:	f7ff ffb7 	bl	10001840 <generic_save_state>
100018d2:	e002      	b.n	100018da <__wrap___aeabi_dmul+0x6>

100018d4 <__wrap___aeabi_dmul>:
100018d4:	fe10 f430 	dcp_pcmp APSR_nzcv
100018d8:	d4f8      	bmi.n	100018cc <__wrap___aeabi_dsub+0x20>
100018da:	b510      	push	{r4, lr}
100018dc:	ec41 0410 	dcp_wxup r0, r1
100018e0:	ec43 2411 	dcp_wyup r2, r3
100018e4:	ec51 0404 	dcp_rxms r0, r1, #0x0
100018e8:	ec53 2405 	dcp_ryms r2, r3, #0x0
100018ec:	fba0 4c02 	umull	r4, ip, r0, r2
100018f0:	f05f 0e00 	movs.w	lr, #0
100018f4:	fbe0 ce03 	umlal	ip, lr, r0, r3
100018f8:	fbe1 ce02 	umlal	ip, lr, r1, r2
100018fc:	ec4c 4420 	dcp_wxms r4, ip
10001900:	2400      	movs	r4, #0
10001902:	fbe1 e403 	umlal	lr, r4, r1, r3
10001906:	ec44 e430 	dcp_wxmo lr, r4
1000190a:	ee80 0420 			dcp_nrdd
1000190e:	ec51 0450 	dcp_rddm r0, r1
10001912:	e8bd 4010 	ldmia.w	sp!, {r4, lr}
10001916:	4770      	bx	lr
10001918:	b500      	push	{lr}
1000191a:	f7ff ff91 	bl	10001840 <generic_save_state>
1000191e:	e002      	b.n	10001926 <__wrap___aeabi_ddiv+0x6>

10001920 <__wrap___aeabi_ddiv>:
10001920:	fe10 f430 	dcp_pcmp APSR_nzcv
10001924:	d4f8      	bmi.n	10001918 <__wrap___aeabi_dmul+0x44>
10001926:	ec41 0410 	dcp_wxup r0, r1
1000192a:	ec43 2411 	dcp_wyup r2, r3
1000192e:	ec51 0421 	dcp_rymr r0, r1
10001932:	fba0 1201 	umull	r1, r2, r0, r1
10001936:	ea6f 0282 	mvn.w	r2, r2, lsl #2
1000193a:	fb52 0010 	smmlar	r0, r2, r0, r0
1000193e:	fb52 f212 	smmulr	r2, r2, r2
10001942:	fb52 0010 	smmlar	r0, r2, r0, r0
10001946:	eba0 7cd0 	sub.w	ip, r0, r0, lsr #31
1000194a:	ec53 2404 	dcp_rxms r2, r3, #0x0
1000194e:	fb5c f113 	smmulr	r1, ip, r3
10001952:	ec53 2415 	dcp_ryms r2, r3, #0x1
10001956:	fba1 2002 	umull	r2, r0, r1, r2
1000195a:	fb01 0003 	mla	r0, r1, r3, r0
1000195e:	ec53 2444 	dcp_rxms r2, r3, #0x4
10001962:	eba2 0000 	sub.w	r0, r2, r0
10001966:	fb50 f21c 	smmulr	r2, r0, ip
1000196a:	ea4f 1311 	mov.w	r3, r1, lsr #4
1000196e:	eb12 7001 	adds.w	r0, r2, r1, lsl #28
10001972:	eb43 71e2 	adc.w	r1, r3, r2, asr #31
10001976:	ea40 5051 	orr.w	r0, r0, r1, lsr #21
1000197a:	ea20 5091 	bic.w	r0, r0, r1, lsr #22
1000197e:	f020 0007 	bic.w	r0, r0, #7
10001982:	ec53 2475 	dcp_ryms r2, r3, #0x7
10001986:	fba0 3c02 	umull	r3, ip, r0, r2
1000198a:	ec53 2475 	dcp_ryms r2, r3, #0x7
1000198e:	fb00 cc03 	mla	ip, r0, r3, ip
10001992:	fb01 cc02 	mla	ip, r1, r2, ip
10001996:	ec53 2404 	dcp_rxms r2, r3, #0x0
1000199a:	ebac 4c82 	sub.w	ip, ip, r2, lsl #18
1000199e:	ea40 705c 	orr.w	r0, r0, ip, lsr #29
100019a2:	f1a0 0001 	sub.w	r0, r0, #1
100019a6:	ec41 0440 	dcp_wxdd r0, r1
100019aa:	ee80 0420 			dcp_nrdd
100019ae:	ec51 0470 	dcp_rddd r0, r1
100019b2:	4770      	bx	lr
100019b4:	b500      	push	{lr}
100019b6:	f7ff ff43 	bl	10001840 <generic_save_state>
100019ba:	e002      	b.n	100019c2 <__wrap___aeabi_i2d+0x6>

100019bc <__wrap___aeabi_i2d>:
100019bc:	fe10 f430 	dcp_pcmp APSR_nzcv
100019c0:	d4f8      	bmi.n	100019b4 <__wrap___aeabi_ddiv+0x94>
100019c2:	ec40 0470 	dcp_wxic r0, r0
100019c6:	ee00 0401 			dcp_add0
100019ca:	ee10 0421 			dcp_sub1
100019ce:	ee80 0420 			dcp_nrdd
100019d2:	ec51 0430 	dcp_rdds r0, r1
100019d6:	4770      	bx	lr
100019d8:	b500      	push	{lr}
100019da:	f7ff ff31 	bl	10001840 <generic_save_state>
100019de:	e002      	b.n	100019e6 <__wrap___aeabi_ui2d+0x6>

100019e0 <__wrap___aeabi_ui2d>:
100019e0:	fe10 f430 	dcp_pcmp APSR_nzcv
100019e4:	d4f8      	bmi.n	100019d8 <__wrap___aeabi_i2d+0x1c>
100019e6:	ec40 0460 	dcp_wxuc r0, r0
100019ea:	ee00 0401 			dcp_add0
100019ee:	ee10 0421 			dcp_sub1
100019f2:	ee80 0420 			dcp_nrdd
100019f6:	ec51 0430 	dcp_rdds r0, r1
100019fa:	4770      	bx	lr
100019fc:	b500      	push	{lr}
100019fe:	f7ff ff1f 	bl	10001840 <generic_save_state>
10001a02:	e002      	b.n	10001a0a <double2int_z_entry>

10001a04 <__wrap___aeabi_d2iz>:
10001a04:	fe10 f430 	dcp_pcmp APSR_nzcv
10001a08:	d4f8      	bmi.n	100019fc <__wrap___aeabi_ui2d+0x1c>

10001a0a <double2int_z_entry>:
10001a0a:	ec41 0480 	dcp_wxdc r0, r1
10001a0e:	ee00 0401 			dcp_add0
10001a12:	ee10 0401 			dcp_add1
10001a16:	ee80 0440 			dcp_ntdc
10001a1a:	ee10 0413 			dcp_rdic r0
10001a1e:	4770      	bx	lr
10001a20:	b500      	push	{lr}
10001a22:	f7ff ff0d 	bl	10001840 <generic_save_state>
10001a26:	e002      	b.n	10001a2e <double2uint_z_entry>

10001a28 <__wrap___aeabi_d2uiz>:
10001a28:	fe10 f430 	dcp_pcmp APSR_nzcv
10001a2c:	d4f8      	bmi.n	10001a20 <double2int_z_entry+0x16>

10001a2e <double2uint_z_entry>:
10001a2e:	ec41 0480 	dcp_wxdc r0, r1
10001a32:	ee00 0401 			dcp_add0
10001a36:	ee10 0401 			dcp_add1
10001a3a:	ee80 0440 			dcp_ntdc
10001a3e:	ee10 0433 			dcp_rduc r0
10001a42:	4770      	bx	lr
10001a44:	b500      	push	{lr}
10001a46:	f7ff fefb 	bl	10001840 <generic_save_state>
10001a4a:	e002      	b.n	10001a52 <__wrap___aeabi_dcmpun+0x6>

10001a4c <__wrap___aeabi_dcmpun>:
10001a4c:	fe10 f430 	dcp_pcmp APSR_nzcv
10001a50:	d4f8      	bmi.n	10001a44 <double2uint_z_entry+0x16>
10001a52:	ec41 0410 	dcp_wxup r0, r1
10001a56:	ec43 2411 	dcp_wyup r2, r3
10001a5a:	ee00 0401 			dcp_add0
10001a5e:	ee10 0430 			dcp_rcmp r0
10001a62:	f3c0 7000 	ubfx	r0, r0, #28, #1
10001a66:	4770      	bx	lr
10001a68:	b500      	push	{lr}
10001a6a:	f7ff fee9 	bl	10001840 <generic_save_state>
10001a6e:	e002      	b.n	10001a76 <__wrap___aeabi_dcmplt+0x6>

10001a70 <__wrap___aeabi_dcmplt>:
10001a70:	fe10 f430 	dcp_pcmp APSR_nzcv
10001a74:	d4f8      	bmi.n	10001a68 <__wrap___aeabi_dcmpun+0x1c>
10001a76:	ec43 2410 	dcp_wxup r2, r3
10001a7a:	ec41 0411 	dcp_wyup r0, r1
10001a7e:	ee00 0401 			dcp_add0
10001a82:	ee10 f430 			dcp_rcmp APSR_nzcv
10001a86:	bf8c      	ite	hi
10001a88:	2001      	movhi	r0, #1
10001a8a:	2000      	movls	r0, #0
10001a8c:	4770      	bx	lr
10001a8e:	bf00      	nop
10001a90:	b500      	push	{lr}
10001a92:	f7ff fed5 	bl	10001840 <generic_save_state>
10001a96:	e002      	b.n	10001a9e <__wrap___aeabi_dcmple+0x6>

10001a98 <__wrap___aeabi_dcmple>:
10001a98:	fe10 f430 	dcp_pcmp APSR_nzcv
10001a9c:	d4f8      	bmi.n	10001a90 <__wrap___aeabi_dcmplt+0x20>
10001a9e:	ec43 2410 	dcp_wxup r2, r3
10001aa2:	ec41 0411 	dcp_wyup r0, r1
10001aa6:	ee00 0401 			dcp_add0
10001aaa:	ee10 f430 			dcp_rcmp APSR_nzcv
10001aae:	bf2c      	ite	cs
10001ab0:	2001      	movcs	r0, #1
10001ab2:	2000      	movcc	r0, #0
10001ab4:	4770      	bx	lr
10001ab6:	bf00      	nop
10001ab8:	b500      	push	{lr}
10001aba:	f7ff fec1 	bl	10001840 <generic_save_state>
10001abe:	e002      	b.n	10001ac6 <__wrap___aeabi_dcmpge+0x6>

10001ac0 <__wrap___aeabi_dcmpge>:
10001ac0:	fe10 f430 	dcp_pcmp APSR_nzcv
10001ac4:	d4f8      	bmi.n	10001ab8 <__wrap___aeabi_dcmple+0x20>
10001ac6:	ec41 0410 	dcp_wxup r0, r1
10001aca:	ec43 2411 	dcp_wyup r2, r3
10001ace:	ee00 0401 			dcp_add0
10001ad2:	ee10 f430 			dcp_rcmp APSR_nzcv
10001ad6:	bf2c      	ite	cs
10001ad8:	2001      	movcs	r0, #1
10001ada:	2000      	movcc	r0, #0
10001adc:	4770      	bx	lr
10001ade:	bf00      	nop
10001ae0:	b500      	push	{lr}
10001ae2:	f7ff fead 	bl	10001840 <generic_save_state>
10001ae6:	e002      	b.n	10001aee <__wrap___aeabi_dcmpgt+0x6>

10001ae8 <__wrap___aeabi_dcmpgt>:
10001ae8:	fe10 f430 	dcp_pcmp APSR_nzcv
10001aec:	d4f8      	bmi.n	10001ae0 <__wrap___aeabi_dcmpge+0x20>
10001aee:	ec41 0410 	dcp_wxup r0, r1
10001af2:	ec43 2411 	dcp_wyup r2, r3
10001af6:	ee00 0401 			dcp_add0
10001afa:	ee10 f430 			dcp_rcmp APSR_nzcv
10001afe:	bf8c      	ite	hi
10001b00:	2001      	movhi	r0, #1
10001b02:	2000      	movls	r0, #0
10001b04:	4770      	bx	lr
10001b06:	bf00      	nop

10001b08 <_out_null>:
10001b08:	4770      	bx	lr

10001b0a <_out_fct>:
10001b0a:	b120      	cbz	r0, 10001b16 <_out_fct+0xc>
10001b0c:	b508      	push	{r3, lr}
10001b0e:	680a      	ldr	r2, [r1, #0]
10001b10:	6849      	ldr	r1, [r1, #4]
10001b12:	4790      	blx	r2
10001b14:	bd08      	pop	{r3, pc}
10001b16:	4770      	bx	lr

10001b18 <_atoi>:
10001b18:	4601      	mov	r1, r0
10001b1a:	2000      	movs	r0, #0
10001b1c:	e008      	b.n	10001b30 <_atoi+0x18>
10001b1e:	eb00 0080 	add.w	r0, r0, r0, lsl #2
10001b22:	1c53      	adds	r3, r2, #1
10001b24:	600b      	str	r3, [r1, #0]
10001b26:	7813      	ldrb	r3, [r2, #0]
10001b28:	eb03 0340 	add.w	r3, r3, r0, lsl #1
10001b2c:	f1a3 0030 	sub.w	r0, r3, #48	@ 0x30
10001b30:	680a      	ldr	r2, [r1, #0]
10001b32:	7813      	ldrb	r3, [r2, #0]
10001b34:	3b30      	subs	r3, #48	@ 0x30
10001b36:	b2db      	uxtb	r3, r3
10001b38:	2b09      	cmp	r3, #9
10001b3a:	d9f0      	bls.n	10001b1e <_atoi+0x6>
10001b3c:	4770      	bx	lr

10001b3e <_out_rev>:
10001b3e:	e92d 4ff0 	stmdb	sp!, {r4, r5, r6, r7, r8, r9, sl, fp, lr}
10001b42:	b083      	sub	sp, #12
10001b44:	4605      	mov	r5, r0
10001b46:	460e      	mov	r6, r1
10001b48:	4693      	mov	fp, r2
10001b4a:	461f      	mov	r7, r3
10001b4c:	f8dd a030 	ldr.w	sl, [sp, #48]	@ 0x30
10001b50:	9c0d      	ldr	r4, [sp, #52]	@ 0x34
10001b52:	f8dd 9038 	ldr.w	r9, [sp, #56]	@ 0x38
10001b56:	9b0f      	ldr	r3, [sp, #60]	@ 0x3c
10001b58:	f013 0f03 	tst.w	r3, #3
10001b5c:	d119      	bne.n	10001b92 <_out_rev+0x54>
10001b5e:	46a0      	mov	r8, r4
10001b60:	9201      	str	r2, [sp, #4]
10001b62:	e008      	b.n	10001b76 <_out_rev+0x38>
10001b64:	f102 0b01 	add.w	fp, r2, #1
10001b68:	463b      	mov	r3, r7
10001b6a:	4631      	mov	r1, r6
10001b6c:	2020      	movs	r0, #32
10001b6e:	47a8      	blx	r5
10001b70:	f108 0801 	add.w	r8, r8, #1
10001b74:	465a      	mov	r2, fp
10001b76:	45c8      	cmp	r8, r9
10001b78:	d3f4      	bcc.n	10001b64 <_out_rev+0x26>
10001b7a:	f8dd b004 	ldr.w	fp, [sp, #4]
10001b7e:	e008      	b.n	10001b92 <_out_rev+0x54>
10001b80:	3c01      	subs	r4, #1
10001b82:	f102 0801 	add.w	r8, r2, #1
10001b86:	463b      	mov	r3, r7
10001b88:	4631      	mov	r1, r6
10001b8a:	f81a 0004 	ldrb.w	r0, [sl, r4]
10001b8e:	47a8      	blx	r5
10001b90:	4642      	mov	r2, r8
10001b92:	2c00      	cmp	r4, #0
10001b94:	d1f4      	bne.n	10001b80 <_out_rev+0x42>
10001b96:	9b0f      	ldr	r3, [sp, #60]	@ 0x3c
10001b98:	f013 0f02 	tst.w	r3, #2
10001b9c:	d109      	bne.n	10001bb2 <_out_rev+0x74>
10001b9e:	4610      	mov	r0, r2
10001ba0:	b003      	add	sp, #12
10001ba2:	e8bd 8ff0 	ldmia.w	sp!, {r4, r5, r6, r7, r8, r9, sl, fp, pc}
10001ba6:	1c54      	adds	r4, r2, #1
10001ba8:	463b      	mov	r3, r7
10001baa:	4631      	mov	r1, r6
10001bac:	2020      	movs	r0, #32
10001bae:	47a8      	blx	r5
10001bb0:	4622      	mov	r2, r4
10001bb2:	eba2 030b 	sub.w	r3, r2, fp
10001bb6:	454b      	cmp	r3, r9
10001bb8:	d3f5      	bcc.n	10001ba6 <_out_rev+0x68>
10001bba:	e7f0      	b.n	10001b9e <_out_rev+0x60>

10001bbc <_ntoa_format>:
10001bbc:	e92d 43f0 	stmdb	sp!, {r4, r5, r6, r7, r8, r9, lr}
10001bc0:	b085      	sub	sp, #20
10001bc2:	4699      	mov	r9, r3
10001bc4:	9d0c      	ldr	r5, [sp, #48]	@ 0x30
10001bc6:	9c0d      	ldr	r4, [sp, #52]	@ 0x34
10001bc8:	f89d 8038 	ldrb.w	r8, [sp, #56]	@ 0x38
10001bcc:	f8dd e040 	ldr.w	lr, [sp, #64]	@ 0x40
10001bd0:	9f11      	ldr	r7, [sp, #68]	@ 0x44
10001bd2:	9e12      	ldr	r6, [sp, #72]	@ 0x48
10001bd4:	f016 0f02 	tst.w	r6, #2
10001bd8:	d121      	bne.n	10001c1e <_ntoa_format+0x62>
10001bda:	b17f      	cbz	r7, 10001bfc <_ntoa_format+0x40>
10001bdc:	f016 0f01 	tst.w	r6, #1
10001be0:	d00c      	beq.n	10001bfc <_ntoa_format+0x40>
10001be2:	f1b8 0f00 	cmp.w	r8, #0
10001be6:	d102      	bne.n	10001bee <_ntoa_format+0x32>
10001be8:	f016 0f0c 	tst.w	r6, #12
10001bec:	d006      	beq.n	10001bfc <_ntoa_format+0x40>
10001bee:	3f01      	subs	r7, #1
10001bf0:	e004      	b.n	10001bfc <_ntoa_format+0x40>
10001bf2:	f04f 0c30 	mov.w	ip, #48	@ 0x30
10001bf6:	f805 c004 	strb.w	ip, [r5, r4]
10001bfa:	3401      	adds	r4, #1
10001bfc:	4574      	cmp	r4, lr
10001bfe:	d201      	bcs.n	10001c04 <_ntoa_format+0x48>
10001c00:	2c1f      	cmp	r4, #31
10001c02:	d9f6      	bls.n	10001bf2 <_ntoa_format+0x36>
10001c04:	f016 0f01 	tst.w	r6, #1
10001c08:	d009      	beq.n	10001c1e <_ntoa_format+0x62>
10001c0a:	42bc      	cmp	r4, r7
10001c0c:	d207      	bcs.n	10001c1e <_ntoa_format+0x62>
10001c0e:	2c1f      	cmp	r4, #31
10001c10:	d805      	bhi.n	10001c1e <_ntoa_format+0x62>
10001c12:	f04f 0c30 	mov.w	ip, #48	@ 0x30
10001c16:	f805 c004 	strb.w	ip, [r5, r4]
10001c1a:	3401      	adds	r4, #1
10001c1c:	e7f2      	b.n	10001c04 <_ntoa_format+0x48>
10001c1e:	f016 0f10 	tst.w	r6, #16
10001c22:	d014      	beq.n	10001c4e <_ntoa_format+0x92>
10001c24:	f416 6f80 	tst.w	r6, #1024	@ 0x400
10001c28:	d104      	bne.n	10001c34 <_ntoa_format+0x78>
10001c2a:	b11c      	cbz	r4, 10001c34 <_ntoa_format+0x78>
10001c2c:	4574      	cmp	r4, lr
10001c2e:	d022      	beq.n	10001c76 <_ntoa_format+0xba>
10001c30:	42bc      	cmp	r4, r7
10001c32:	d020      	beq.n	10001c76 <_ntoa_format+0xba>
10001c34:	9b0f      	ldr	r3, [sp, #60]	@ 0x3c
10001c36:	2b10      	cmp	r3, #16
10001c38:	d033      	beq.n	10001ca2 <_ntoa_format+0xe6>
10001c3a:	9b0f      	ldr	r3, [sp, #60]	@ 0x3c
10001c3c:	2b02      	cmp	r3, #2
10001c3e:	d03d      	beq.n	10001cbc <_ntoa_format+0x100>
10001c40:	2c1f      	cmp	r4, #31
10001c42:	d80e      	bhi.n	10001c62 <_ntoa_format+0xa6>
10001c44:	f04f 0c30 	mov.w	ip, #48	@ 0x30
10001c48:	f805 c004 	strb.w	ip, [r5, r4]
10001c4c:	3401      	adds	r4, #1
10001c4e:	2c1f      	cmp	r4, #31
10001c50:	d807      	bhi.n	10001c62 <_ntoa_format+0xa6>
10001c52:	f1b8 0f00 	cmp.w	r8, #0
10001c56:	d039      	beq.n	10001ccc <_ntoa_format+0x110>
10001c58:	f04f 0c2d 	mov.w	ip, #45	@ 0x2d
10001c5c:	f805 c004 	strb.w	ip, [r5, r4]
10001c60:	3401      	adds	r4, #1
10001c62:	9603      	str	r6, [sp, #12]
10001c64:	9702      	str	r7, [sp, #8]
10001c66:	9401      	str	r4, [sp, #4]
10001c68:	9500      	str	r5, [sp, #0]
10001c6a:	464b      	mov	r3, r9
10001c6c:	f7ff ff67 	bl	10001b3e <_out_rev>
10001c70:	b005      	add	sp, #20
10001c72:	e8bd 83f0 	ldmia.w	sp!, {r4, r5, r6, r7, r8, r9, pc}
10001c76:	f1b4 0c01 	subs.w	ip, r4, #1
10001c7a:	d01d      	beq.n	10001cb8 <_ntoa_format+0xfc>
10001c7c:	9b0f      	ldr	r3, [sp, #60]	@ 0x3c
10001c7e:	2b10      	cmp	r3, #16
10001c80:	d00e      	beq.n	10001ca0 <_ntoa_format+0xe4>
10001c82:	4664      	mov	r4, ip
10001c84:	9b0f      	ldr	r3, [sp, #60]	@ 0x3c
10001c86:	2b10      	cmp	r3, #16
10001c88:	d1d7      	bne.n	10001c3a <_ntoa_format+0x7e>
10001c8a:	f016 0f20 	tst.w	r6, #32
10001c8e:	d0d4      	beq.n	10001c3a <_ntoa_format+0x7e>
10001c90:	2c1f      	cmp	r4, #31
10001c92:	d8d2      	bhi.n	10001c3a <_ntoa_format+0x7e>
10001c94:	f04f 0c58 	mov.w	ip, #88	@ 0x58
10001c98:	f805 c004 	strb.w	ip, [r5, r4]
10001c9c:	3401      	adds	r4, #1
10001c9e:	e7cf      	b.n	10001c40 <_ntoa_format+0x84>
10001ca0:	3c02      	subs	r4, #2
10001ca2:	f016 0f20 	tst.w	r6, #32
10001ca6:	d1ed      	bne.n	10001c84 <_ntoa_format+0xc8>
10001ca8:	2c1f      	cmp	r4, #31
10001caa:	d8eb      	bhi.n	10001c84 <_ntoa_format+0xc8>
10001cac:	f04f 0c78 	mov.w	ip, #120	@ 0x78
10001cb0:	f805 c004 	strb.w	ip, [r5, r4]
10001cb4:	3401      	adds	r4, #1
10001cb6:	e7c3      	b.n	10001c40 <_ntoa_format+0x84>
10001cb8:	4664      	mov	r4, ip
10001cba:	e7bb      	b.n	10001c34 <_ntoa_format+0x78>
10001cbc:	2c1f      	cmp	r4, #31
10001cbe:	d8d0      	bhi.n	10001c62 <_ntoa_format+0xa6>
10001cc0:	f04f 0c62 	mov.w	ip, #98	@ 0x62
10001cc4:	f805 c004 	strb.w	ip, [r5, r4]
10001cc8:	3401      	adds	r4, #1
10001cca:	e7b9      	b.n	10001c40 <_ntoa_format+0x84>
10001ccc:	f016 0f04 	tst.w	r6, #4
10001cd0:	d005      	beq.n	10001cde <_ntoa_format+0x122>
10001cd2:	f04f 0c2b 	mov.w	ip, #43	@ 0x2b
10001cd6:	f805 c004 	strb.w	ip, [r5, r4]
10001cda:	3401      	adds	r4, #1
10001cdc:	e7c1      	b.n	10001c62 <_ntoa_format+0xa6>
10001cde:	f016 0f08 	tst.w	r6, #8
10001ce2:	d0be      	beq.n	10001c62 <_ntoa_format+0xa6>
10001ce4:	f04f 0c20 	mov.w	ip, #32
10001ce8:	f805 c004 	strb.w	ip, [r5, r4]
10001cec:	3401      	adds	r4, #1
10001cee:	e7b8      	b.n	10001c62 <_ntoa_format+0xa6>

10001cf0 <_ntoa_long>:
10001cf0:	b5f0      	push	{r4, r5, r6, r7, lr}
10001cf2:	b091      	sub	sp, #68	@ 0x44
10001cf4:	9c16      	ldr	r4, [sp, #88]	@ 0x58
10001cf6:	9d18      	ldr	r5, [sp, #96]	@ 0x60
10001cf8:	9e1b      	ldr	r6, [sp, #108]	@ 0x6c
10001cfa:	b90c      	cbnz	r4, 10001d00 <_ntoa_long+0x10>
10001cfc:	f026 0610 	bic.w	r6, r6, #16
10001d00:	f416 6e80 	ands.w	lr, r6, #1024	@ 0x400
10001d04:	d01d      	beq.n	10001d42 <_ntoa_long+0x52>
10001d06:	b364      	cbz	r4, 10001d62 <_ntoa_long+0x72>
10001d08:	f04f 0e00 	mov.w	lr, #0
10001d0c:	e019      	b.n	10001d42 <_ntoa_long+0x52>
10001d0e:	f016 0f20 	tst.w	r6, #32
10001d12:	d024      	beq.n	10001d5e <_ntoa_long+0x6e>
10001d14:	2741      	movs	r7, #65	@ 0x41
10001d16:	44bc      	add	ip, r7
10001d18:	fa5f fc8c 	uxtb.w	ip, ip
10001d1c:	f1ac 0c0a 	sub.w	ip, ip, #10
10001d20:	fa5f fc8c 	uxtb.w	ip, ip
10001d24:	f10e 0701 	add.w	r7, lr, #1
10001d28:	f10e 0e40 	add.w	lr, lr, #64	@ 0x40
10001d2c:	44ee      	add	lr, sp
10001d2e:	f80e cc20 	strb.w	ip, [lr, #-32]
10001d32:	fbb4 fcf5 	udiv	ip, r4, r5
10001d36:	42ac      	cmp	r4, r5
10001d38:	d314      	bcc.n	10001d64 <_ntoa_long+0x74>
10001d3a:	2f1f      	cmp	r7, #31
10001d3c:	d812      	bhi.n	10001d64 <_ntoa_long+0x74>
10001d3e:	46be      	mov	lr, r7
10001d40:	4664      	mov	r4, ip
10001d42:	fbb4 fcf5 	udiv	ip, r4, r5
10001d46:	fb05 4c1c 	mls	ip, r5, ip, r4
10001d4a:	fa5f fc8c 	uxtb.w	ip, ip
10001d4e:	f1bc 0f09 	cmp.w	ip, #9
10001d52:	d8dc      	bhi.n	10001d0e <_ntoa_long+0x1e>
10001d54:	f10c 0c30 	add.w	ip, ip, #48	@ 0x30
10001d58:	fa5f fc8c 	uxtb.w	ip, ip
10001d5c:	e7e2      	b.n	10001d24 <_ntoa_long+0x34>
10001d5e:	2761      	movs	r7, #97	@ 0x61
10001d60:	e7d9      	b.n	10001d16 <_ntoa_long+0x26>
10001d62:	4627      	mov	r7, r4
10001d64:	9606      	str	r6, [sp, #24]
10001d66:	9c1a      	ldr	r4, [sp, #104]	@ 0x68
10001d68:	9405      	str	r4, [sp, #20]
10001d6a:	9c19      	ldr	r4, [sp, #100]	@ 0x64
10001d6c:	9404      	str	r4, [sp, #16]
10001d6e:	9503      	str	r5, [sp, #12]
10001d70:	f89d 405c 	ldrb.w	r4, [sp, #92]	@ 0x5c
10001d74:	9402      	str	r4, [sp, #8]
10001d76:	9701      	str	r7, [sp, #4]
10001d78:	ac08      	add	r4, sp, #32
10001d7a:	9400      	str	r4, [sp, #0]
10001d7c:	f7ff ff1e 	bl	10001bbc <_ntoa_format>
10001d80:	b011      	add	sp, #68	@ 0x44
10001d82:	bdf0      	pop	{r4, r5, r6, r7, pc}

10001d84 <_ntoa_long_long>:
10001d84:	e92d 4ff0 	stmdb	sp!, {r4, r5, r6, r7, r8, r9, sl, fp, lr}
10001d88:	b095      	sub	sp, #84	@ 0x54
10001d8a:	9009      	str	r0, [sp, #36]	@ 0x24
10001d8c:	910a      	str	r1, [sp, #40]	@ 0x28
10001d8e:	920b      	str	r2, [sp, #44]	@ 0x2c
10001d90:	4698      	mov	r8, r3
10001d92:	f8dd b078 	ldr.w	fp, [sp, #120]	@ 0x78
10001d96:	f8dd 907c 	ldr.w	r9, [sp, #124]	@ 0x7c
10001d9a:	9d22      	ldr	r5, [sp, #136]	@ 0x88
10001d9c:	9f23      	ldr	r7, [sp, #140]	@ 0x8c
10001d9e:	9e26      	ldr	r6, [sp, #152]	@ 0x98
10001da0:	ea5b 0209 	orrs.w	r2, fp, r9
10001da4:	d101      	bne.n	10001daa <_ntoa_long_long+0x26>
10001da6:	f026 0610 	bic.w	r6, r6, #16
10001daa:	f416 6480 	ands.w	r4, r6, #1024	@ 0x400
10001dae:	d024      	beq.n	10001dfa <_ntoa_long_long+0x76>
10001db0:	ea5b 0209 	orrs.w	r2, fp, r9
10001db4:	d02f      	beq.n	10001e16 <_ntoa_long_long+0x92>
10001db6:	2400      	movs	r4, #0
10001db8:	e01f      	b.n	10001dfa <_ntoa_long_long+0x76>
10001dba:	f016 0f20 	tst.w	r6, #32
10001dbe:	d028      	beq.n	10001e12 <_ntoa_long_long+0x8e>
10001dc0:	2341      	movs	r3, #65	@ 0x41
10001dc2:	4413      	add	r3, r2
10001dc4:	b2db      	uxtb	r3, r3
10001dc6:	3b0a      	subs	r3, #10
10001dc8:	b2db      	uxtb	r3, r3
10001dca:	f104 0a01 	add.w	sl, r4, #1
10001dce:	f104 0250 	add.w	r2, r4, #80	@ 0x50
10001dd2:	eb0d 0402 	add.w	r4, sp, r2
10001dd6:	f804 3c20 	strb.w	r3, [r4, #-32]
10001dda:	462a      	mov	r2, r5
10001ddc:	463b      	mov	r3, r7
10001dde:	4658      	mov	r0, fp
10001de0:	4649      	mov	r1, r9
10001de2:	f004 f97d 	bl	100060e0 <____aeabi_uldivmod_veneer>
10001de6:	45ab      	cmp	fp, r5
10001de8:	eb79 0907 	sbcs.w	r9, r9, r7
10001dec:	d315      	bcc.n	10001e1a <_ntoa_long_long+0x96>
10001dee:	f1ba 0f1f 	cmp.w	sl, #31
10001df2:	d812      	bhi.n	10001e1a <_ntoa_long_long+0x96>
10001df4:	4654      	mov	r4, sl
10001df6:	4683      	mov	fp, r0
10001df8:	4689      	mov	r9, r1
10001dfa:	462a      	mov	r2, r5
10001dfc:	463b      	mov	r3, r7
10001dfe:	4658      	mov	r0, fp
10001e00:	4649      	mov	r1, r9
10001e02:	f004 f96d 	bl	100060e0 <____aeabi_uldivmod_veneer>
10001e06:	b2d2      	uxtb	r2, r2
10001e08:	2a09      	cmp	r2, #9
10001e0a:	d8d6      	bhi.n	10001dba <_ntoa_long_long+0x36>
10001e0c:	3230      	adds	r2, #48	@ 0x30
10001e0e:	b2d3      	uxtb	r3, r2
10001e10:	e7db      	b.n	10001dca <_ntoa_long_long+0x46>
10001e12:	2361      	movs	r3, #97	@ 0x61
10001e14:	e7d5      	b.n	10001dc2 <_ntoa_long_long+0x3e>
10001e16:	f04f 0a00 	mov.w	sl, #0
10001e1a:	9606      	str	r6, [sp, #24]
10001e1c:	9b25      	ldr	r3, [sp, #148]	@ 0x94
10001e1e:	9305      	str	r3, [sp, #20]
10001e20:	9b24      	ldr	r3, [sp, #144]	@ 0x90
10001e22:	9304      	str	r3, [sp, #16]
10001e24:	9503      	str	r5, [sp, #12]
10001e26:	f89d 3080 	ldrb.w	r3, [sp, #128]	@ 0x80
10001e2a:	9302      	str	r3, [sp, #8]
10001e2c:	f8cd a004 	str.w	sl, [sp, #4]
10001e30:	ab0c      	add	r3, sp, #48	@ 0x30
10001e32:	9300      	str	r3, [sp, #0]
10001e34:	4643      	mov	r3, r8
10001e36:	9a0b      	ldr	r2, [sp, #44]	@ 0x2c
10001e38:	990a      	ldr	r1, [sp, #40]	@ 0x28
10001e3a:	9809      	ldr	r0, [sp, #36]	@ 0x24
10001e3c:	f7ff febe 	bl	10001bbc <_ntoa_format>
10001e40:	b015      	add	sp, #84	@ 0x54
10001e42:	e8bd 8ff0 	ldmia.w	sp!, {r4, r5, r6, r7, r8, r9, sl, fp, pc}
	...

10001e48 <_etoa>:
10001e48:	e92d 4ff0 	stmdb	sp!, {r4, r5, r6, r7, r8, r9, sl, fp, lr}
10001e4c:	b093      	sub	sp, #76	@ 0x4c
10001e4e:	4604      	mov	r4, r0
10001e50:	460d      	mov	r5, r1
10001e52:	4617      	mov	r7, r2
10001e54:	461e      	mov	r6, r3
10001e56:	e9dd ab1c 	ldrd	sl, fp, [sp, #112]	@ 0x70
10001e5a:	4652      	mov	r2, sl
10001e5c:	465b      	mov	r3, fp
10001e5e:	4650      	mov	r0, sl
10001e60:	4659      	mov	r1, fp
10001e62:	f7ff fdf3 	bl	10001a4c <__wrap___aeabi_dcmpun>
10001e66:	2800      	cmp	r0, #0
10001e68:	f040 80f3 	bne.w	10002052 <_etoa+0x20a>
10001e6c:	f04f 32ff 	mov.w	r2, #4294967295	@ 0xffffffff
10001e70:	4bad      	ldr	r3, [pc, #692]	@ (10002128 <_etoa+0x2e0>)
10001e72:	4650      	mov	r0, sl
10001e74:	4659      	mov	r1, fp
10001e76:	f7ff fe37 	bl	10001ae8 <__wrap___aeabi_dcmpgt>
10001e7a:	2800      	cmp	r0, #0
10001e7c:	f040 80e9 	bne.w	10002052 <_etoa+0x20a>
10001e80:	f04f 32ff 	mov.w	r2, #4294967295	@ 0xffffffff
10001e84:	f46f 1380 	mvn.w	r3, #1048576	@ 0x100000
10001e88:	4650      	mov	r0, sl
10001e8a:	4659      	mov	r1, fp
10001e8c:	f7ff fdf0 	bl	10001a70 <__wrap___aeabi_dcmplt>
10001e90:	2800      	cmp	r0, #0
10001e92:	f040 80de 	bne.w	10002052 <_etoa+0x20a>
10001e96:	2200      	movs	r2, #0
10001e98:	2300      	movs	r3, #0
10001e9a:	4650      	mov	r0, sl
10001e9c:	4659      	mov	r1, fp
10001e9e:	f7ff fde7 	bl	10001a70 <__wrap___aeabi_dcmplt>
10001ea2:	2800      	cmp	r0, #0
10001ea4:	f040 80e6 	bne.w	10002074 <_etoa+0x22c>
10001ea8:	e9cd ab06 	strd	sl, fp, [sp, #24]
10001eac:	9b20      	ldr	r3, [sp, #128]	@ 0x80
10001eae:	f413 6380 	ands.w	r3, r3, #1024	@ 0x400
10001eb2:	930f      	str	r3, [sp, #60]	@ 0x3c
10001eb4:	d101      	bne.n	10001eba <_etoa+0x72>
10001eb6:	2306      	movs	r3, #6
10001eb8:	931e      	str	r3, [sp, #120]	@ 0x78
10001eba:	e9dd 2306 	ldrd	r2, r3, [sp, #24]
10001ebe:	4610      	mov	r0, r2
10001ec0:	4619      	mov	r1, r3
10001ec2:	e9cd 010a 	strd	r0, r1, [sp, #40]	@ 0x28
10001ec6:	9b07      	ldr	r3, [sp, #28]
10001ec8:	ea52 0103 	orrs.w	r1, r2, r3
10001ecc:	f000 80dc 	beq.w	10002088 <_etoa+0x240>
10001ed0:	f3c3 500a 	ubfx	r0, r3, #20, #11
10001ed4:	f3c3 0313 	ubfx	r3, r3, #0, #20
10001ed8:	4690      	mov	r8, r2
10001eda:	f043 597f 	orr.w	r9, r3, #1069547520	@ 0x3fc00000
10001ede:	f449 1940 	orr.w	r9, r9, #3145728	@ 0x300000
10001ee2:	f2a0 30ff 	subw	r0, r0, #1023	@ 0x3ff
10001ee6:	f7ff fd69 	bl	100019bc <__wrap___aeabi_i2d>
10001eea:	a37d      	add	r3, pc, #500	@ (adr r3, 100020e0 <_etoa+0x298>)
10001eec:	e9d3 2300 	ldrd	r2, r3, [r3]
10001ef0:	f7ff fcf0 	bl	100018d4 <__wrap___aeabi_dmul>
10001ef4:	a37c      	add	r3, pc, #496	@ (adr r3, 100020e8 <_etoa+0x2a0>)
10001ef6:	e9d3 2300 	ldrd	r2, r3, [r3]
10001efa:	f7ff fcc3 	bl	10001884 <__wrap___aeabi_dadd>
10001efe:	e9cd 0108 	strd	r0, r1, [sp, #32]
10001f02:	2200      	movs	r2, #0
10001f04:	4b89      	ldr	r3, [pc, #548]	@ (1000212c <_etoa+0x2e4>)
10001f06:	4640      	mov	r0, r8
10001f08:	4649      	mov	r1, r9
10001f0a:	f7ff fccf 	bl	100018ac <__wrap___aeabi_dsub>
10001f0e:	a378      	add	r3, pc, #480	@ (adr r3, 100020f0 <_etoa+0x2a8>)
10001f10:	e9d3 2300 	ldrd	r2, r3, [r3]
10001f14:	f7ff fcde 	bl	100018d4 <__wrap___aeabi_dmul>
10001f18:	4602      	mov	r2, r0
10001f1a:	460b      	mov	r3, r1
10001f1c:	e9dd 0108 	ldrd	r0, r1, [sp, #32]
10001f20:	f7ff fcb0 	bl	10001884 <__wrap___aeabi_dadd>
10001f24:	f7ff fd6e 	bl	10001a04 <__wrap___aeabi_d2iz>
10001f28:	9008      	str	r0, [sp, #32]
10001f2a:	f7ff fd47 	bl	100019bc <__wrap___aeabi_i2d>
10001f2e:	4680      	mov	r8, r0
10001f30:	4689      	mov	r9, r1
10001f32:	a371      	add	r3, pc, #452	@ (adr r3, 100020f8 <_etoa+0x2b0>)
10001f34:	e9d3 2300 	ldrd	r2, r3, [r3]
10001f38:	f7ff fccc 	bl	100018d4 <__wrap___aeabi_dmul>
10001f3c:	2200      	movs	r2, #0
10001f3e:	4b7c      	ldr	r3, [pc, #496]	@ (10002130 <_etoa+0x2e8>)
10001f40:	f7ff fca0 	bl	10001884 <__wrap___aeabi_dadd>
10001f44:	f7ff fd5e 	bl	10001a04 <__wrap___aeabi_d2iz>
10001f48:	900a      	str	r0, [sp, #40]	@ 0x28
10001f4a:	a36d      	add	r3, pc, #436	@ (adr r3, 10002100 <_etoa+0x2b8>)
10001f4c:	e9d3 2300 	ldrd	r2, r3, [r3]
10001f50:	4640      	mov	r0, r8
10001f52:	4649      	mov	r1, r9
10001f54:	f7ff fcbe 	bl	100018d4 <__wrap___aeabi_dmul>
10001f58:	4680      	mov	r8, r0
10001f5a:	4689      	mov	r9, r1
10001f5c:	980a      	ldr	r0, [sp, #40]	@ 0x28
10001f5e:	f7ff fd2d 	bl	100019bc <__wrap___aeabi_i2d>
10001f62:	a369      	add	r3, pc, #420	@ (adr r3, 10002108 <_etoa+0x2c0>)
10001f64:	e9d3 2300 	ldrd	r2, r3, [r3]
10001f68:	f7ff fcb4 	bl	100018d4 <__wrap___aeabi_dmul>
10001f6c:	4602      	mov	r2, r0
10001f6e:	460b      	mov	r3, r1
10001f70:	4640      	mov	r0, r8
10001f72:	4649      	mov	r1, r9
10001f74:	f7ff fc9a 	bl	100018ac <__wrap___aeabi_dsub>
10001f78:	4680      	mov	r8, r0
10001f7a:	4689      	mov	r9, r1
10001f7c:	4602      	mov	r2, r0
10001f7e:	460b      	mov	r3, r1
10001f80:	f7ff fca8 	bl	100018d4 <__wrap___aeabi_dmul>
10001f84:	e9cd 010c 	strd	r0, r1, [sp, #48]	@ 0x30
10001f88:	9b0a      	ldr	r3, [sp, #40]	@ 0x28
10001f8a:	f203 33ff 	addw	r3, r3, #1023	@ 0x3ff
10001f8e:	2100      	movs	r1, #0
10001f90:	2200      	movs	r2, #0
10001f92:	e9cd 120a 	strd	r1, r2, [sp, #40]	@ 0x28
10001f96:	051b      	lsls	r3, r3, #20
10001f98:	930b      	str	r3, [sp, #44]	@ 0x2c
10001f9a:	2300      	movs	r3, #0
10001f9c:	930a      	str	r3, [sp, #40]	@ 0x28
10001f9e:	4642      	mov	r2, r8
10001fa0:	464b      	mov	r3, r9
10001fa2:	4640      	mov	r0, r8
10001fa4:	4649      	mov	r1, r9
10001fa6:	f7ff fc6d 	bl	10001884 <__wrap___aeabi_dadd>
10001faa:	e9cd 0110 	strd	r0, r1, [sp, #64]	@ 0x40
10001fae:	4642      	mov	r2, r8
10001fb0:	464b      	mov	r3, r9
10001fb2:	2000      	movs	r0, #0
10001fb4:	f04f 4180 	mov.w	r1, #1073741824	@ 0x40000000
10001fb8:	f7ff fc78 	bl	100018ac <__wrap___aeabi_dsub>
10001fbc:	4680      	mov	r8, r0
10001fbe:	4689      	mov	r9, r1
10001fc0:	2200      	movs	r2, #0
10001fc2:	4b5c      	ldr	r3, [pc, #368]	@ (10002134 <_etoa+0x2ec>)
10001fc4:	e9dd 010c 	ldrd	r0, r1, [sp, #48]	@ 0x30
10001fc8:	f7ff fcaa 	bl	10001920 <__wrap___aeabi_ddiv>
10001fcc:	2200      	movs	r2, #0
10001fce:	4b5a      	ldr	r3, [pc, #360]	@ (10002138 <_etoa+0x2f0>)
10001fd0:	f7ff fc58 	bl	10001884 <__wrap___aeabi_dadd>
10001fd4:	4602      	mov	r2, r0
10001fd6:	460b      	mov	r3, r1
10001fd8:	e9dd 010c 	ldrd	r0, r1, [sp, #48]	@ 0x30
10001fdc:	f7ff fca0 	bl	10001920 <__wrap___aeabi_ddiv>
10001fe0:	2200      	movs	r2, #0
10001fe2:	4b56      	ldr	r3, [pc, #344]	@ (1000213c <_etoa+0x2f4>)
10001fe4:	f7ff fc4e 	bl	10001884 <__wrap___aeabi_dadd>
10001fe8:	4602      	mov	r2, r0
10001fea:	460b      	mov	r3, r1
10001fec:	e9dd 010c 	ldrd	r0, r1, [sp, #48]	@ 0x30
10001ff0:	f7ff fc96 	bl	10001920 <__wrap___aeabi_ddiv>
10001ff4:	4602      	mov	r2, r0
10001ff6:	460b      	mov	r3, r1
10001ff8:	4640      	mov	r0, r8
10001ffa:	4649      	mov	r1, r9
10001ffc:	f7ff fc42 	bl	10001884 <__wrap___aeabi_dadd>
10002000:	4602      	mov	r2, r0
10002002:	460b      	mov	r3, r1
10002004:	e9dd 0110 	ldrd	r0, r1, [sp, #64]	@ 0x40
10002008:	f7ff fc8a 	bl	10001920 <__wrap___aeabi_ddiv>
1000200c:	2200      	movs	r2, #0
1000200e:	4b4c      	ldr	r3, [pc, #304]	@ (10002140 <_etoa+0x2f8>)
10002010:	f7ff fc38 	bl	10001884 <__wrap___aeabi_dadd>
10002014:	e9dd 230a 	ldrd	r2, r3, [sp, #40]	@ 0x28
10002018:	f7ff fc5c 	bl	100018d4 <__wrap___aeabi_dmul>
1000201c:	4680      	mov	r8, r0
1000201e:	4689      	mov	r9, r1
10002020:	e9cd 890a 	strd	r8, r9, [sp, #40]	@ 0x28
10002024:	e9dd 2306 	ldrd	r2, r3, [sp, #24]
10002028:	f7ff fd5e 	bl	10001ae8 <__wrap___aeabi_dcmpgt>
1000202c:	b150      	cbz	r0, 10002044 <_etoa+0x1fc>
1000202e:	9b08      	ldr	r3, [sp, #32]
10002030:	3b01      	subs	r3, #1
10002032:	9308      	str	r3, [sp, #32]
10002034:	2200      	movs	r2, #0
10002036:	4b40      	ldr	r3, [pc, #256]	@ (10002138 <_etoa+0x2f0>)
10002038:	4640      	mov	r0, r8
1000203a:	4649      	mov	r1, r9
1000203c:	f7ff fc70 	bl	10001920 <__wrap___aeabi_ddiv>
10002040:	e9cd 010a 	strd	r0, r1, [sp, #40]	@ 0x28
10002044:	9b08      	ldr	r3, [sp, #32]
10002046:	3363      	adds	r3, #99	@ 0x63
10002048:	2bc6      	cmp	r3, #198	@ 0xc6
1000204a:	d846      	bhi.n	100020da <_etoa+0x292>
1000204c:	f04f 0804 	mov.w	r8, #4
10002050:	e01e      	b.n	10002090 <_etoa+0x248>
10002052:	9b20      	ldr	r3, [sp, #128]	@ 0x80
10002054:	9304      	str	r3, [sp, #16]
10002056:	9b1f      	ldr	r3, [sp, #124]	@ 0x7c
10002058:	9303      	str	r3, [sp, #12]
1000205a:	9b1e      	ldr	r3, [sp, #120]	@ 0x78
1000205c:	9302      	str	r3, [sp, #8]
1000205e:	e9cd ab00 	strd	sl, fp, [sp]
10002062:	4633      	mov	r3, r6
10002064:	463a      	mov	r2, r7
10002066:	4629      	mov	r1, r5
10002068:	4620      	mov	r0, r4
1000206a:	f000 f8fd 	bl	10002268 <_ftoa>
1000206e:	b013      	add	sp, #76	@ 0x4c
10002070:	e8bd 8ff0 	ldmia.w	sp!, {r4, r5, r6, r7, r8, r9, sl, fp, pc}
10002074:	ed9f 7b26 	vldr	d7, [pc, #152]	@ 10002110 <_etoa+0x2c8>
10002078:	ed8d 7b06 	vstr	d7, [sp, #24]
1000207c:	f8cd a018 	str.w	sl, [sp, #24]
10002080:	f10b 4300 	add.w	r3, fp, #2147483648	@ 0x80000000
10002084:	9307      	str	r3, [sp, #28]
10002086:	e711      	b.n	10001eac <_etoa+0x64>
10002088:	2300      	movs	r3, #0
1000208a:	9308      	str	r3, [sp, #32]
1000208c:	f04f 0804 	mov.w	r8, #4
10002090:	9b20      	ldr	r3, [sp, #128]	@ 0x80
10002092:	f413 6f00 	tst.w	r3, #2048	@ 0x800
10002096:	d05f      	beq.n	10002158 <_etoa+0x310>
10002098:	e9dd 120a 	ldrd	r1, r2, [sp, #40]	@ 0x28
1000209c:	4613      	mov	r3, r2
1000209e:	430b      	orrs	r3, r1
100020a0:	d013      	beq.n	100020ca <_etoa+0x282>
100020a2:	a31d      	add	r3, pc, #116	@ (adr r3, 10002118 <_etoa+0x2d0>)
100020a4:	e9d3 2300 	ldrd	r2, r3, [r3]
100020a8:	e9dd 0106 	ldrd	r0, r1, [sp, #24]
100020ac:	f7ff fd08 	bl	10001ac0 <__wrap___aeabi_dcmpge>
100020b0:	2800      	cmp	r0, #0
100020b2:	f000 80b4 	beq.w	1000221e <_etoa+0x3d6>
100020b6:	a31a      	add	r3, pc, #104	@ (adr r3, 10002120 <_etoa+0x2d8>)
100020b8:	e9d3 2300 	ldrd	r2, r3, [r3]
100020bc:	e9dd 0106 	ldrd	r0, r1, [sp, #24]
100020c0:	f7ff fcd6 	bl	10001a70 <__wrap___aeabi_dcmplt>
100020c4:	2800      	cmp	r0, #0
100020c6:	f000 80aa 	beq.w	1000221e <_etoa+0x3d6>
100020ca:	9a1e      	ldr	r2, [sp, #120]	@ 0x78
100020cc:	9b08      	ldr	r3, [sp, #32]
100020ce:	429a      	cmp	r2, r3
100020d0:	dd38      	ble.n	10002144 <_etoa+0x2fc>
100020d2:	1ad3      	subs	r3, r2, r3
100020d4:	3b01      	subs	r3, #1
100020d6:	931e      	str	r3, [sp, #120]	@ 0x78
100020d8:	e036      	b.n	10002148 <_etoa+0x300>
100020da:	f04f 0805 	mov.w	r8, #5
100020de:	e7d7      	b.n	10002090 <_etoa+0x248>
100020e0:	509f79fb 	.word	0x509f79fb
100020e4:	3fd34413 	.word	0x3fd34413
100020e8:	8b60c8b3 	.word	0x8b60c8b3
100020ec:	3fc68a28 	.word	0x3fc68a28
100020f0:	636f4361 	.word	0x636f4361
100020f4:	3fd287a7 	.word	0x3fd287a7
100020f8:	0979a371 	.word	0x0979a371
100020fc:	400a934f 	.word	0x400a934f
10002100:	bbb55516 	.word	0xbbb55516
10002104:	40026bb1 	.word	0x40026bb1
10002108:	fefa39ef 	.word	0xfefa39ef
1000210c:	3fe62e42 	.word	0x3fe62e42
	...
10002118:	eb1c432d 	.word	0xeb1c432d
1000211c:	3f1a36e2 	.word	0x3f1a36e2
10002120:	00000000 	.word	0x00000000
10002124:	412e8480 	.word	0x412e8480
10002128:	7fefffff 	.word	0x7fefffff
1000212c:	3ff80000 	.word	0x3ff80000
10002130:	3fe00000 	.word	0x3fe00000
10002134:	402c0000 	.word	0x402c0000
10002138:	40240000 	.word	0x40240000
1000213c:	40180000 	.word	0x40180000
10002140:	3ff00000 	.word	0x3ff00000
10002144:	2300      	movs	r3, #0
10002146:	931e      	str	r3, [sp, #120]	@ 0x78
10002148:	9b20      	ldr	r3, [sp, #128]	@ 0x80
1000214a:	f443 6380 	orr.w	r3, r3, #1024	@ 0x400
1000214e:	9320      	str	r3, [sp, #128]	@ 0x80
10002150:	f04f 0800 	mov.w	r8, #0
10002154:	f8cd 8020 	str.w	r8, [sp, #32]
10002158:	9b1f      	ldr	r3, [sp, #124]	@ 0x7c
1000215a:	4598      	cmp	r8, r3
1000215c:	d269      	bcs.n	10002232 <_etoa+0x3ea>
1000215e:	eba3 0908 	sub.w	r9, r3, r8
10002162:	9b20      	ldr	r3, [sp, #128]	@ 0x80
10002164:	f013 0302 	ands.w	r3, r3, #2
10002168:	930c      	str	r3, [sp, #48]	@ 0x30
1000216a:	d004      	beq.n	10002176 <_etoa+0x32e>
1000216c:	f1b8 0f00 	cmp.w	r8, #0
10002170:	d001      	beq.n	10002176 <_etoa+0x32e>
10002172:	f04f 0900 	mov.w	r9, #0
10002176:	9b08      	ldr	r3, [sp, #32]
10002178:	b13b      	cbz	r3, 1000218a <_etoa+0x342>
1000217a:	e9dd 230a 	ldrd	r2, r3, [sp, #40]	@ 0x28
1000217e:	e9dd 0106 	ldrd	r0, r1, [sp, #24]
10002182:	f7ff fbcd 	bl	10001920 <__wrap___aeabi_ddiv>
10002186:	e9cd 0106 	strd	r0, r1, [sp, #24]
1000218a:	2200      	movs	r2, #0
1000218c:	2300      	movs	r3, #0
1000218e:	4650      	mov	r0, sl
10002190:	4659      	mov	r1, fp
10002192:	f7ff fc6d 	bl	10001a70 <__wrap___aeabi_dcmplt>
10002196:	2800      	cmp	r0, #0
10002198:	d14e      	bne.n	10002238 <_etoa+0x3f0>
1000219a:	9b20      	ldr	r3, [sp, #128]	@ 0x80
1000219c:	f423 6300 	bic.w	r3, r3, #2048	@ 0x800
100021a0:	9304      	str	r3, [sp, #16]
100021a2:	f8cd 900c 	str.w	r9, [sp, #12]
100021a6:	9b1e      	ldr	r3, [sp, #120]	@ 0x78
100021a8:	9302      	str	r3, [sp, #8]
100021aa:	ed9d 7b06 	vldr	d7, [sp, #24]
100021ae:	ed8d 7b00 	vstr	d7, [sp]
100021b2:	4633      	mov	r3, r6
100021b4:	463a      	mov	r2, r7
100021b6:	4629      	mov	r1, r5
100021b8:	4620      	mov	r0, r4
100021ba:	f000 f855 	bl	10002268 <_ftoa>
100021be:	f1b8 0f00 	cmp.w	r8, #0
100021c2:	f43f af54 	beq.w	1000206e <_etoa+0x226>
100021c6:	9b20      	ldr	r3, [sp, #128]	@ 0x80
100021c8:	f013 0f20 	tst.w	r3, #32
100021cc:	d03c      	beq.n	10002248 <_etoa+0x400>
100021ce:	f04f 0c45 	mov.w	ip, #69	@ 0x45
100021d2:	f100 0901 	add.w	r9, r0, #1
100021d6:	4633      	mov	r3, r6
100021d8:	4602      	mov	r2, r0
100021da:	4629      	mov	r1, r5
100021dc:	4660      	mov	r0, ip
100021de:	47a0      	blx	r4
100021e0:	9908      	ldr	r1, [sp, #32]
100021e2:	ea81 72e1 	eor.w	r2, r1, r1, asr #31
100021e6:	eba2 72e1 	sub.w	r2, r2, r1, asr #31
100021ea:	2305      	movs	r3, #5
100021ec:	9305      	str	r3, [sp, #20]
100021ee:	f108 33ff 	add.w	r3, r8, #4294967295	@ 0xffffffff
100021f2:	9304      	str	r3, [sp, #16]
100021f4:	2300      	movs	r3, #0
100021f6:	9303      	str	r3, [sp, #12]
100021f8:	230a      	movs	r3, #10
100021fa:	9302      	str	r3, [sp, #8]
100021fc:	0fcb      	lsrs	r3, r1, #31
100021fe:	9301      	str	r3, [sp, #4]
10002200:	9200      	str	r2, [sp, #0]
10002202:	4633      	mov	r3, r6
10002204:	464a      	mov	r2, r9
10002206:	4629      	mov	r1, r5
10002208:	4620      	mov	r0, r4
1000220a:	f7ff fd71 	bl	10001cf0 <_ntoa_long>
1000220e:	9b0c      	ldr	r3, [sp, #48]	@ 0x30
10002210:	2b00      	cmp	r3, #0
10002212:	f43f af2c 	beq.w	1000206e <_etoa+0x226>
10002216:	4602      	mov	r2, r0
10002218:	f8dd 907c 	ldr.w	r9, [sp, #124]	@ 0x7c
1000221c:	e01e      	b.n	1000225c <_etoa+0x414>
1000221e:	9b1e      	ldr	r3, [sp, #120]	@ 0x78
10002220:	2b00      	cmp	r3, #0
10002222:	d099      	beq.n	10002158 <_etoa+0x310>
10002224:	9b0f      	ldr	r3, [sp, #60]	@ 0x3c
10002226:	2b00      	cmp	r3, #0
10002228:	d096      	beq.n	10002158 <_etoa+0x310>
1000222a:	9b1e      	ldr	r3, [sp, #120]	@ 0x78
1000222c:	3b01      	subs	r3, #1
1000222e:	931e      	str	r3, [sp, #120]	@ 0x78
10002230:	e792      	b.n	10002158 <_etoa+0x310>
10002232:	f04f 0900 	mov.w	r9, #0
10002236:	e794      	b.n	10002162 <_etoa+0x31a>
10002238:	e9dd 0106 	ldrd	r0, r1, [sp, #24]
1000223c:	4602      	mov	r2, r0
1000223e:	f101 4300 	add.w	r3, r1, #2147483648	@ 0x80000000
10002242:	e9cd 2306 	strd	r2, r3, [sp, #24]
10002246:	e7a8      	b.n	1000219a <_etoa+0x352>
10002248:	f04f 0c65 	mov.w	ip, #101	@ 0x65
1000224c:	e7c1      	b.n	100021d2 <_etoa+0x38a>
1000224e:	f102 0801 	add.w	r8, r2, #1
10002252:	4633      	mov	r3, r6
10002254:	4629      	mov	r1, r5
10002256:	2020      	movs	r0, #32
10002258:	47a0      	blx	r4
1000225a:	4642      	mov	r2, r8
1000225c:	1bd3      	subs	r3, r2, r7
1000225e:	454b      	cmp	r3, r9
10002260:	d3f5      	bcc.n	1000224e <_etoa+0x406>
10002262:	4610      	mov	r0, r2
10002264:	e703      	b.n	1000206e <_etoa+0x226>
10002266:	bf00      	nop

10002268 <_ftoa>:
10002268:	e92d 4ff0 	stmdb	sp!, {r4, r5, r6, r7, r8, r9, sl, fp, lr}
1000226c:	ed2d 8b02 	vpush	{d8}
10002270:	b095      	sub	sp, #84	@ 0x54
10002272:	9007      	str	r0, [sp, #28]
10002274:	910a      	str	r1, [sp, #40]	@ 0x28
10002276:	4692      	mov	sl, r2
10002278:	469b      	mov	fp, r3
1000227a:	e9dd 8920 	ldrd	r8, r9, [sp, #128]	@ 0x80
1000227e:	9d22      	ldr	r5, [sp, #136]	@ 0x88
10002280:	4642      	mov	r2, r8
10002282:	464b      	mov	r3, r9
10002284:	4640      	mov	r0, r8
10002286:	4649      	mov	r1, r9
10002288:	f7ff fbe0 	bl	10001a4c <__wrap___aeabi_dcmpun>
1000228c:	2800      	cmp	r0, #0
1000228e:	d135      	bne.n	100022fc <_ftoa+0x94>
10002290:	f04f 32ff 	mov.w	r2, #4294967295	@ 0xffffffff
10002294:	f46f 1380 	mvn.w	r3, #1048576	@ 0x100000
10002298:	4640      	mov	r0, r8
1000229a:	4649      	mov	r1, r9
1000229c:	f7ff fbe8 	bl	10001a70 <__wrap___aeabi_dcmplt>
100022a0:	2800      	cmp	r0, #0
100022a2:	d13a      	bne.n	1000231a <_ftoa+0xb2>
100022a4:	f04f 32ff 	mov.w	r2, #4294967295	@ 0xffffffff
100022a8:	4bb1      	ldr	r3, [pc, #708]	@ (10002570 <_ftoa+0x308>)
100022aa:	4640      	mov	r0, r8
100022ac:	4649      	mov	r1, r9
100022ae:	f7ff fc1b 	bl	10001ae8 <__wrap___aeabi_dcmpgt>
100022b2:	2800      	cmp	r0, #0
100022b4:	d140      	bne.n	10002338 <_ftoa+0xd0>
100022b6:	a3aa      	add	r3, pc, #680	@ (adr r3, 10002560 <_ftoa+0x2f8>)
100022b8:	e9d3 2300 	ldrd	r2, r3, [r3]
100022bc:	4640      	mov	r0, r8
100022be:	4649      	mov	r1, r9
100022c0:	f7ff fc12 	bl	10001ae8 <__wrap___aeabi_dcmpgt>
100022c4:	2800      	cmp	r0, #0
100022c6:	d14d      	bne.n	10002364 <_ftoa+0xfc>
100022c8:	a3a7      	add	r3, pc, #668	@ (adr r3, 10002568 <_ftoa+0x300>)
100022ca:	e9d3 2300 	ldrd	r2, r3, [r3]
100022ce:	4640      	mov	r0, r8
100022d0:	4649      	mov	r1, r9
100022d2:	f7ff fbcd 	bl	10001a70 <__wrap___aeabi_dcmplt>
100022d6:	2800      	cmp	r0, #0
100022d8:	d144      	bne.n	10002364 <_ftoa+0xfc>
100022da:	2200      	movs	r2, #0
100022dc:	2300      	movs	r3, #0
100022de:	4640      	mov	r0, r8
100022e0:	4649      	mov	r1, r9
100022e2:	f7ff fbc5 	bl	10001a70 <__wrap___aeabi_dcmplt>
100022e6:	2800      	cmp	r0, #0
100022e8:	d14a      	bne.n	10002380 <_ftoa+0x118>
100022ea:	2300      	movs	r3, #0
100022ec:	930b      	str	r3, [sp, #44]	@ 0x2c
100022ee:	9b24      	ldr	r3, [sp, #144]	@ 0x90
100022f0:	f413 6f80 	tst.w	r3, #1024	@ 0x400
100022f4:	f000 80b5 	beq.w	10002462 <_ftoa+0x1fa>
100022f8:	2400      	movs	r4, #0
100022fa:	e054      	b.n	100023a6 <_ftoa+0x13e>
100022fc:	9b24      	ldr	r3, [sp, #144]	@ 0x90
100022fe:	9303      	str	r3, [sp, #12]
10002300:	9b23      	ldr	r3, [sp, #140]	@ 0x8c
10002302:	9302      	str	r3, [sp, #8]
10002304:	2303      	movs	r3, #3
10002306:	9301      	str	r3, [sp, #4]
10002308:	4b9a      	ldr	r3, [pc, #616]	@ (10002574 <_ftoa+0x30c>)
1000230a:	9300      	str	r3, [sp, #0]
1000230c:	465b      	mov	r3, fp
1000230e:	4652      	mov	r2, sl
10002310:	990a      	ldr	r1, [sp, #40]	@ 0x28
10002312:	9807      	ldr	r0, [sp, #28]
10002314:	f7ff fc13 	bl	10001b3e <_out_rev>
10002318:	e11b      	b.n	10002552 <_ftoa+0x2ea>
1000231a:	9b24      	ldr	r3, [sp, #144]	@ 0x90
1000231c:	9303      	str	r3, [sp, #12]
1000231e:	9b23      	ldr	r3, [sp, #140]	@ 0x8c
10002320:	9302      	str	r3, [sp, #8]
10002322:	2304      	movs	r3, #4
10002324:	9301      	str	r3, [sp, #4]
10002326:	4b94      	ldr	r3, [pc, #592]	@ (10002578 <_ftoa+0x310>)
10002328:	9300      	str	r3, [sp, #0]
1000232a:	465b      	mov	r3, fp
1000232c:	4652      	mov	r2, sl
1000232e:	990a      	ldr	r1, [sp, #40]	@ 0x28
10002330:	9807      	ldr	r0, [sp, #28]
10002332:	f7ff fc04 	bl	10001b3e <_out_rev>
10002336:	e10c      	b.n	10002552 <_ftoa+0x2ea>
10002338:	9b24      	ldr	r3, [sp, #144]	@ 0x90
1000233a:	f013 0f04 	tst.w	r3, #4
1000233e:	d00e      	beq.n	1000235e <_ftoa+0xf6>
10002340:	4b8e      	ldr	r3, [pc, #568]	@ (1000257c <_ftoa+0x314>)
10002342:	2204      	movs	r2, #4
10002344:	9924      	ldr	r1, [sp, #144]	@ 0x90
10002346:	9103      	str	r1, [sp, #12]
10002348:	9923      	ldr	r1, [sp, #140]	@ 0x8c
1000234a:	9102      	str	r1, [sp, #8]
1000234c:	9201      	str	r2, [sp, #4]
1000234e:	9300      	str	r3, [sp, #0]
10002350:	465b      	mov	r3, fp
10002352:	4652      	mov	r2, sl
10002354:	990a      	ldr	r1, [sp, #40]	@ 0x28
10002356:	9807      	ldr	r0, [sp, #28]
10002358:	f7ff fbf1 	bl	10001b3e <_out_rev>
1000235c:	e0f9      	b.n	10002552 <_ftoa+0x2ea>
1000235e:	4b88      	ldr	r3, [pc, #544]	@ (10002580 <_ftoa+0x318>)
10002360:	2203      	movs	r2, #3
10002362:	e7ef      	b.n	10002344 <_ftoa+0xdc>
10002364:	9b24      	ldr	r3, [sp, #144]	@ 0x90
10002366:	9304      	str	r3, [sp, #16]
10002368:	9b23      	ldr	r3, [sp, #140]	@ 0x8c
1000236a:	9303      	str	r3, [sp, #12]
1000236c:	9502      	str	r5, [sp, #8]
1000236e:	e9cd 8900 	strd	r8, r9, [sp]
10002372:	465b      	mov	r3, fp
10002374:	4652      	mov	r2, sl
10002376:	990a      	ldr	r1, [sp, #40]	@ 0x28
10002378:	9807      	ldr	r0, [sp, #28]
1000237a:	f7ff fd65 	bl	10001e48 <_etoa>
1000237e:	e0e8      	b.n	10002552 <_ftoa+0x2ea>
10002380:	4642      	mov	r2, r8
10002382:	464b      	mov	r3, r9
10002384:	2000      	movs	r0, #0
10002386:	2100      	movs	r1, #0
10002388:	f7ff fa90 	bl	100018ac <__wrap___aeabi_dsub>
1000238c:	4680      	mov	r8, r0
1000238e:	4689      	mov	r9, r1
10002390:	2301      	movs	r3, #1
10002392:	930b      	str	r3, [sp, #44]	@ 0x2c
10002394:	e7ab      	b.n	100022ee <_ftoa+0x86>
10002396:	f104 0350 	add.w	r3, r4, #80	@ 0x50
1000239a:	446b      	add	r3, sp
1000239c:	2230      	movs	r2, #48	@ 0x30
1000239e:	f803 2c20 	strb.w	r2, [r3, #-32]
100023a2:	3d01      	subs	r5, #1
100023a4:	3401      	adds	r4, #1
100023a6:	2c1f      	cmp	r4, #31
100023a8:	d801      	bhi.n	100023ae <_ftoa+0x146>
100023aa:	2d09      	cmp	r5, #9
100023ac:	d8f3      	bhi.n	10002396 <_ftoa+0x12e>
100023ae:	4640      	mov	r0, r8
100023b0:	4649      	mov	r1, r9
100023b2:	f7ff fb27 	bl	10001a04 <__wrap___aeabi_d2iz>
100023b6:	4606      	mov	r6, r0
100023b8:	f7ff fb00 	bl	100019bc <__wrap___aeabi_i2d>
100023bc:	4602      	mov	r2, r0
100023be:	460b      	mov	r3, r1
100023c0:	4640      	mov	r0, r8
100023c2:	4649      	mov	r1, r9
100023c4:	f7ff fa72 	bl	100018ac <__wrap___aeabi_dsub>
100023c8:	4b6e      	ldr	r3, [pc, #440]	@ (10002584 <_ftoa+0x31c>)
100023ca:	eb03 03c5 	add.w	r3, r3, r5, lsl #3
100023ce:	ed93 8b00 	vldr	d8, [r3]
100023d2:	ec53 2b18 	vmov	r2, r3, d8
100023d6:	f7ff fa7d 	bl	100018d4 <__wrap___aeabi_dmul>
100023da:	4602      	mov	r2, r0
100023dc:	460b      	mov	r3, r1
100023de:	e9cd 2308 	strd	r2, r3, [sp, #32]
100023e2:	f7ff fb21 	bl	10001a28 <__wrap___aeabi_d2uiz>
100023e6:	4607      	mov	r7, r0
100023e8:	f7ff fafa 	bl	100019e0 <__wrap___aeabi_ui2d>
100023ec:	4602      	mov	r2, r0
100023ee:	460b      	mov	r3, r1
100023f0:	e9dd 0108 	ldrd	r0, r1, [sp, #32]
100023f4:	f7ff fa5a 	bl	100018ac <__wrap___aeabi_dsub>
100023f8:	4602      	mov	r2, r0
100023fa:	460b      	mov	r3, r1
100023fc:	e9cd 2308 	strd	r2, r3, [sp, #32]
10002400:	2200      	movs	r2, #0
10002402:	4b61      	ldr	r3, [pc, #388]	@ (10002588 <_ftoa+0x320>)
10002404:	f7ff fb70 	bl	10001ae8 <__wrap___aeabi_dcmpgt>
10002408:	b368      	cbz	r0, 10002466 <_ftoa+0x1fe>
1000240a:	3701      	adds	r7, #1
1000240c:	4638      	mov	r0, r7
1000240e:	f7ff fae7 	bl	100019e0 <__wrap___aeabi_ui2d>
10002412:	4602      	mov	r2, r0
10002414:	460b      	mov	r3, r1
10002416:	ec51 0b18 	vmov	r0, r1, d8
1000241a:	f7ff fb3d 	bl	10001a98 <__wrap___aeabi_dcmple>
1000241e:	b108      	cbz	r0, 10002424 <_ftoa+0x1bc>
10002420:	3601      	adds	r6, #1
10002422:	2700      	movs	r7, #0
10002424:	bb6d      	cbnz	r5, 10002482 <_ftoa+0x21a>
10002426:	4630      	mov	r0, r6
10002428:	f7ff fac8 	bl	100019bc <__wrap___aeabi_i2d>
1000242c:	4602      	mov	r2, r0
1000242e:	460b      	mov	r3, r1
10002430:	4640      	mov	r0, r8
10002432:	4649      	mov	r1, r9
10002434:	f7ff fa3a 	bl	100018ac <__wrap___aeabi_dsub>
10002438:	4607      	mov	r7, r0
1000243a:	4688      	mov	r8, r1
1000243c:	2200      	movs	r2, #0
1000243e:	4b52      	ldr	r3, [pc, #328]	@ (10002588 <_ftoa+0x320>)
10002440:	f7ff fb16 	bl	10001a70 <__wrap___aeabi_dcmplt>
10002444:	2800      	cmp	r0, #0
10002446:	d14c      	bne.n	100024e2 <_ftoa+0x27a>
10002448:	2200      	movs	r2, #0
1000244a:	4b4f      	ldr	r3, [pc, #316]	@ (10002588 <_ftoa+0x320>)
1000244c:	4638      	mov	r0, r7
1000244e:	4641      	mov	r1, r8
10002450:	f7ff fb4a 	bl	10001ae8 <__wrap___aeabi_dcmpgt>
10002454:	2800      	cmp	r0, #0
10002456:	d144      	bne.n	100024e2 <_ftoa+0x27a>
10002458:	f016 0f01 	tst.w	r6, #1
1000245c:	d041      	beq.n	100024e2 <_ftoa+0x27a>
1000245e:	3601      	adds	r6, #1
10002460:	e03f      	b.n	100024e2 <_ftoa+0x27a>
10002462:	2506      	movs	r5, #6
10002464:	e748      	b.n	100022f8 <_ftoa+0x90>
10002466:	2200      	movs	r2, #0
10002468:	4b47      	ldr	r3, [pc, #284]	@ (10002588 <_ftoa+0x320>)
1000246a:	e9dd 0108 	ldrd	r0, r1, [sp, #32]
1000246e:	f7ff faff 	bl	10001a70 <__wrap___aeabi_dcmplt>
10002472:	2800      	cmp	r0, #0
10002474:	d1d6      	bne.n	10002424 <_ftoa+0x1bc>
10002476:	b117      	cbz	r7, 1000247e <_ftoa+0x216>
10002478:	f017 0f01 	tst.w	r7, #1
1000247c:	d0d2      	beq.n	10002424 <_ftoa+0x1bc>
1000247e:	3701      	adds	r7, #1
10002480:	e7d0      	b.n	10002424 <_ftoa+0x1bc>
10002482:	2c1f      	cmp	r4, #31
10002484:	d817      	bhi.n	100024b6 <_ftoa+0x24e>
10002486:	3d01      	subs	r5, #1
10002488:	4b40      	ldr	r3, [pc, #256]	@ (1000258c <_ftoa+0x324>)
1000248a:	fba3 2307 	umull	r2, r3, r3, r7
1000248e:	08db      	lsrs	r3, r3, #3
10002490:	4619      	mov	r1, r3
10002492:	eb03 0383 	add.w	r3, r3, r3, lsl #2
10002496:	eba7 0343 	sub.w	r3, r7, r3, lsl #1
1000249a:	1c62      	adds	r2, r4, #1
1000249c:	3330      	adds	r3, #48	@ 0x30
1000249e:	f104 0050 	add.w	r0, r4, #80	@ 0x50
100024a2:	eb0d 0400 	add.w	r4, sp, r0
100024a6:	f804 3c20 	strb.w	r3, [r4, #-32]
100024aa:	2f09      	cmp	r7, #9
100024ac:	d902      	bls.n	100024b4 <_ftoa+0x24c>
100024ae:	460f      	mov	r7, r1
100024b0:	4614      	mov	r4, r2
100024b2:	e7e6      	b.n	10002482 <_ftoa+0x21a>
100024b4:	4614      	mov	r4, r2
100024b6:	2c1f      	cmp	r4, #31
100024b8:	d80a      	bhi.n	100024d0 <_ftoa+0x268>
100024ba:	1e6b      	subs	r3, r5, #1
100024bc:	b145      	cbz	r5, 100024d0 <_ftoa+0x268>
100024be:	f104 0250 	add.w	r2, r4, #80	@ 0x50
100024c2:	446a      	add	r2, sp
100024c4:	2130      	movs	r1, #48	@ 0x30
100024c6:	f802 1c20 	strb.w	r1, [r2, #-32]
100024ca:	461d      	mov	r5, r3
100024cc:	3401      	adds	r4, #1
100024ce:	e7f2      	b.n	100024b6 <_ftoa+0x24e>
100024d0:	2c1f      	cmp	r4, #31
100024d2:	d806      	bhi.n	100024e2 <_ftoa+0x27a>
100024d4:	f104 0350 	add.w	r3, r4, #80	@ 0x50
100024d8:	446b      	add	r3, sp
100024da:	222e      	movs	r2, #46	@ 0x2e
100024dc:	f803 2c20 	strb.w	r2, [r3, #-32]
100024e0:	3401      	adds	r4, #1
100024e2:	2c1f      	cmp	r4, #31
100024e4:	d817      	bhi.n	10002516 <_ftoa+0x2ae>
100024e6:	4a2a      	ldr	r2, [pc, #168]	@ (10002590 <_ftoa+0x328>)
100024e8:	fb82 3206 	smull	r3, r2, r2, r6
100024ec:	17f3      	asrs	r3, r6, #31
100024ee:	ebc3 03a2 	rsb	r3, r3, r2, asr #2
100024f2:	461a      	mov	r2, r3
100024f4:	eb03 0383 	add.w	r3, r3, r3, lsl #2
100024f8:	eba6 0343 	sub.w	r3, r6, r3, lsl #1
100024fc:	1c61      	adds	r1, r4, #1
100024fe:	3330      	adds	r3, #48	@ 0x30
10002500:	f104 0050 	add.w	r0, r4, #80	@ 0x50
10002504:	eb0d 0400 	add.w	r4, sp, r0
10002508:	f804 3c20 	strb.w	r3, [r4, #-32]
1000250c:	4616      	mov	r6, r2
1000250e:	b10a      	cbz	r2, 10002514 <_ftoa+0x2ac>
10002510:	460c      	mov	r4, r1
10002512:	e7e6      	b.n	100024e2 <_ftoa+0x27a>
10002514:	460c      	mov	r4, r1
10002516:	9b24      	ldr	r3, [sp, #144]	@ 0x90
10002518:	f003 0303 	and.w	r3, r3, #3
1000251c:	2b01      	cmp	r3, #1
1000251e:	d039      	beq.n	10002594 <_ftoa+0x32c>
10002520:	2c1f      	cmp	r4, #31
10002522:	d809      	bhi.n	10002538 <_ftoa+0x2d0>
10002524:	9b0b      	ldr	r3, [sp, #44]	@ 0x2c
10002526:	2b00      	cmp	r3, #0
10002528:	d051      	beq.n	100025ce <_ftoa+0x366>
1000252a:	f104 0350 	add.w	r3, r4, #80	@ 0x50
1000252e:	446b      	add	r3, sp
10002530:	222d      	movs	r2, #45	@ 0x2d
10002532:	f803 2c20 	strb.w	r2, [r3, #-32]
10002536:	3401      	adds	r4, #1
10002538:	9b24      	ldr	r3, [sp, #144]	@ 0x90
1000253a:	9303      	str	r3, [sp, #12]
1000253c:	9b23      	ldr	r3, [sp, #140]	@ 0x8c
1000253e:	9302      	str	r3, [sp, #8]
10002540:	9401      	str	r4, [sp, #4]
10002542:	ab0c      	add	r3, sp, #48	@ 0x30
10002544:	9300      	str	r3, [sp, #0]
10002546:	465b      	mov	r3, fp
10002548:	4652      	mov	r2, sl
1000254a:	990a      	ldr	r1, [sp, #40]	@ 0x28
1000254c:	9807      	ldr	r0, [sp, #28]
1000254e:	f7ff faf6 	bl	10001b3e <_out_rev>
10002552:	b015      	add	sp, #84	@ 0x54
10002554:	ecbd 8b02 	vpop	{d8}
10002558:	e8bd 8ff0 	ldmia.w	sp!, {r4, r5, r6, r7, r8, r9, sl, fp, pc}
1000255c:	f3af 8000 	nop.w
10002560:	00000000 	.word	0x00000000
10002564:	41cdcd65 	.word	0x41cdcd65
10002568:	00000000 	.word	0x00000000
1000256c:	c1cdcd65 	.word	0xc1cdcd65
10002570:	7fefffff 	.word	0x7fefffff
10002574:	100066cc 	.word	0x100066cc
10002578:	100066d0 	.word	0x100066d0
1000257c:	100066c0 	.word	0x100066c0
10002580:	100066c8 	.word	0x100066c8
10002584:	10006b60 	.word	0x10006b60
10002588:	3fe00000 	.word	0x3fe00000
1000258c:	cccccccd 	.word	0xcccccccd
10002590:	66666667 	.word	0x66666667
10002594:	9b23      	ldr	r3, [sp, #140]	@ 0x8c
10002596:	b1b3      	cbz	r3, 100025c6 <_ftoa+0x35e>
10002598:	9b0b      	ldr	r3, [sp, #44]	@ 0x2c
1000259a:	b91b      	cbnz	r3, 100025a4 <_ftoa+0x33c>
1000259c:	9b24      	ldr	r3, [sp, #144]	@ 0x90
1000259e:	f013 0f0c 	tst.w	r3, #12
100025a2:	d012      	beq.n	100025ca <_ftoa+0x362>
100025a4:	9b23      	ldr	r3, [sp, #140]	@ 0x8c
100025a6:	3b01      	subs	r3, #1
100025a8:	9323      	str	r3, [sp, #140]	@ 0x8c
100025aa:	4619      	mov	r1, r3
100025ac:	e006      	b.n	100025bc <_ftoa+0x354>
100025ae:	f104 0350 	add.w	r3, r4, #80	@ 0x50
100025b2:	446b      	add	r3, sp
100025b4:	2230      	movs	r2, #48	@ 0x30
100025b6:	f803 2c20 	strb.w	r2, [r3, #-32]
100025ba:	3401      	adds	r4, #1
100025bc:	428c      	cmp	r4, r1
100025be:	d2af      	bcs.n	10002520 <_ftoa+0x2b8>
100025c0:	2c1f      	cmp	r4, #31
100025c2:	d9f4      	bls.n	100025ae <_ftoa+0x346>
100025c4:	e7ac      	b.n	10002520 <_ftoa+0x2b8>
100025c6:	9923      	ldr	r1, [sp, #140]	@ 0x8c
100025c8:	e7f8      	b.n	100025bc <_ftoa+0x354>
100025ca:	9923      	ldr	r1, [sp, #140]	@ 0x8c
100025cc:	e7f6      	b.n	100025bc <_ftoa+0x354>
100025ce:	9b24      	ldr	r3, [sp, #144]	@ 0x90
100025d0:	f013 0f04 	tst.w	r3, #4
100025d4:	d007      	beq.n	100025e6 <_ftoa+0x37e>
100025d6:	f104 0350 	add.w	r3, r4, #80	@ 0x50
100025da:	446b      	add	r3, sp
100025dc:	222b      	movs	r2, #43	@ 0x2b
100025de:	f803 2c20 	strb.w	r2, [r3, #-32]
100025e2:	3401      	adds	r4, #1
100025e4:	e7a8      	b.n	10002538 <_ftoa+0x2d0>
100025e6:	9b24      	ldr	r3, [sp, #144]	@ 0x90
100025e8:	f013 0f08 	tst.w	r3, #8
100025ec:	d0a4      	beq.n	10002538 <_ftoa+0x2d0>
100025ee:	f104 0350 	add.w	r3, r4, #80	@ 0x50
100025f2:	446b      	add	r3, sp
100025f4:	2220      	movs	r2, #32
100025f6:	f803 2c20 	strb.w	r2, [r3, #-32]
100025fa:	3401      	adds	r4, #1
100025fc:	e79c      	b.n	10002538 <_ftoa+0x2d0>
100025fe:	bf00      	nop

10002600 <_vsnprintf>:
10002600:	e92d 4ff0 	stmdb	sp!, {r4, r5, r6, r7, r8, r9, sl, fp, lr}
10002604:	b08f      	sub	sp, #60	@ 0x3c
10002606:	4680      	mov	r8, r0
10002608:	4617      	mov	r7, r2
1000260a:	930d      	str	r3, [sp, #52]	@ 0x34
1000260c:	4689      	mov	r9, r1
1000260e:	2900      	cmp	r1, #0
10002610:	f000 834f 	beq.w	10002cb2 <_vsnprintf+0x6b2>
10002614:	2500      	movs	r5, #0
10002616:	e008      	b.n	1000262a <_vsnprintf+0x2a>
10002618:	1c6c      	adds	r4, r5, #1
1000261a:	463b      	mov	r3, r7
1000261c:	462a      	mov	r2, r5
1000261e:	4649      	mov	r1, r9
10002620:	47c0      	blx	r8
10002622:	9b0d      	ldr	r3, [sp, #52]	@ 0x34
10002624:	3301      	adds	r3, #1
10002626:	930d      	str	r3, [sp, #52]	@ 0x34
10002628:	4625      	mov	r5, r4
1000262a:	9b0d      	ldr	r3, [sp, #52]	@ 0x34
1000262c:	7818      	ldrb	r0, [r3, #0]
1000262e:	2800      	cmp	r0, #0
10002630:	f000 8342 	beq.w	10002cb8 <_vsnprintf+0x6b8>
10002634:	2825      	cmp	r0, #37	@ 0x25
10002636:	d1ef      	bne.n	10002618 <_vsnprintf+0x18>
10002638:	3301      	adds	r3, #1
1000263a:	930d      	str	r3, [sp, #52]	@ 0x34
1000263c:	2600      	movs	r6, #0
1000263e:	e01f      	b.n	10002680 <_vsnprintf+0x80>
10002640:	f046 0601 	orr.w	r6, r6, #1
10002644:	3201      	adds	r2, #1
10002646:	920d      	str	r2, [sp, #52]	@ 0x34
10002648:	2301      	movs	r3, #1
1000264a:	e018      	b.n	1000267e <_vsnprintf+0x7e>
1000264c:	f046 0602 	orr.w	r6, r6, #2
10002650:	3201      	adds	r2, #1
10002652:	920d      	str	r2, [sp, #52]	@ 0x34
10002654:	2301      	movs	r3, #1
10002656:	e012      	b.n	1000267e <_vsnprintf+0x7e>
10002658:	f046 0604 	orr.w	r6, r6, #4
1000265c:	3201      	adds	r2, #1
1000265e:	920d      	str	r2, [sp, #52]	@ 0x34
10002660:	2301      	movs	r3, #1
10002662:	e00c      	b.n	1000267e <_vsnprintf+0x7e>
10002664:	f046 0608 	orr.w	r6, r6, #8
10002668:	3201      	adds	r2, #1
1000266a:	920d      	str	r2, [sp, #52]	@ 0x34
1000266c:	2301      	movs	r3, #1
1000266e:	e006      	b.n	1000267e <_vsnprintf+0x7e>
10002670:	f046 0610 	orr.w	r6, r6, #16
10002674:	3201      	adds	r2, #1
10002676:	920d      	str	r2, [sp, #52]	@ 0x34
10002678:	2301      	movs	r3, #1
1000267a:	e000      	b.n	1000267e <_vsnprintf+0x7e>
1000267c:	2300      	movs	r3, #0
1000267e:	b34b      	cbz	r3, 100026d4 <_vsnprintf+0xd4>
10002680:	9a0d      	ldr	r2, [sp, #52]	@ 0x34
10002682:	7813      	ldrb	r3, [r2, #0]
10002684:	3b20      	subs	r3, #32
10002686:	2b10      	cmp	r3, #16
10002688:	d8f8      	bhi.n	1000267c <_vsnprintf+0x7c>
1000268a:	a101      	add	r1, pc, #4	@ (adr r1, 10002690 <_vsnprintf+0x90>)
1000268c:	f851 f023 	ldr.w	pc, [r1, r3, lsl #2]
10002690:	10002665 	.word	0x10002665
10002694:	1000267d 	.word	0x1000267d
10002698:	1000267d 	.word	0x1000267d
1000269c:	10002671 	.word	0x10002671
100026a0:	1000267d 	.word	0x1000267d
100026a4:	1000267d 	.word	0x1000267d
100026a8:	1000267d 	.word	0x1000267d
100026ac:	1000267d 	.word	0x1000267d
100026b0:	1000267d 	.word	0x1000267d
100026b4:	1000267d 	.word	0x1000267d
100026b8:	1000267d 	.word	0x1000267d
100026bc:	10002659 	.word	0x10002659
100026c0:	1000267d 	.word	0x1000267d
100026c4:	1000264d 	.word	0x1000264d
100026c8:	1000267d 	.word	0x1000267d
100026cc:	1000267d 	.word	0x1000267d
100026d0:	10002641 	.word	0x10002641
100026d4:	930a      	str	r3, [sp, #40]	@ 0x28
100026d6:	9b0d      	ldr	r3, [sp, #52]	@ 0x34
100026d8:	781a      	ldrb	r2, [r3, #0]
100026da:	f1a2 0330 	sub.w	r3, r2, #48	@ 0x30
100026de:	b2db      	uxtb	r3, r3
100026e0:	2b09      	cmp	r3, #9
100026e2:	d918      	bls.n	10002716 <_vsnprintf+0x116>
100026e4:	2a2a      	cmp	r2, #42	@ 0x2a
100026e6:	d01b      	beq.n	10002720 <_vsnprintf+0x120>
100026e8:	9b0a      	ldr	r3, [sp, #40]	@ 0x28
100026ea:	930b      	str	r3, [sp, #44]	@ 0x2c
100026ec:	9b0d      	ldr	r3, [sp, #52]	@ 0x34
100026ee:	781a      	ldrb	r2, [r3, #0]
100026f0:	2a2e      	cmp	r2, #46	@ 0x2e
100026f2:	d025      	beq.n	10002740 <_vsnprintf+0x140>
100026f4:	9a0d      	ldr	r2, [sp, #52]	@ 0x34
100026f6:	7813      	ldrb	r3, [r2, #0]
100026f8:	3b68      	subs	r3, #104	@ 0x68
100026fa:	2b12      	cmp	r3, #18
100026fc:	d85c      	bhi.n	100027b8 <_vsnprintf+0x1b8>
100026fe:	e8df f003 	tbb	[pc, r3]
10002702:	5b49      	.short	0x5b49
10002704:	5b3b5bac 	.word	0x5b3b5bac
10002708:	5b5b5b5b 	.word	0x5b5b5b5b
1000270c:	5b575b5b 	.word	0x5b575b5b
10002710:	5b5b5b5b 	.word	0x5b5b5b5b
10002714:	b1          	.byte	0xb1
10002715:	00          	.byte	0x00
10002716:	a80d      	add	r0, sp, #52	@ 0x34
10002718:	f7ff f9fe 	bl	10001b18 <_atoi>
1000271c:	900b      	str	r0, [sp, #44]	@ 0x2c
1000271e:	e7e5      	b.n	100026ec <_vsnprintf+0xec>
10002720:	9b18      	ldr	r3, [sp, #96]	@ 0x60
10002722:	1d1a      	adds	r2, r3, #4
10002724:	9218      	str	r2, [sp, #96]	@ 0x60
10002726:	681b      	ldr	r3, [r3, #0]
10002728:	2b00      	cmp	r3, #0
1000272a:	db04      	blt.n	10002736 <_vsnprintf+0x136>
1000272c:	930b      	str	r3, [sp, #44]	@ 0x2c
1000272e:	9b0d      	ldr	r3, [sp, #52]	@ 0x34
10002730:	3301      	adds	r3, #1
10002732:	930d      	str	r3, [sp, #52]	@ 0x34
10002734:	e7da      	b.n	100026ec <_vsnprintf+0xec>
10002736:	f046 0602 	orr.w	r6, r6, #2
1000273a:	425b      	negs	r3, r3
1000273c:	930b      	str	r3, [sp, #44]	@ 0x2c
1000273e:	e7f6      	b.n	1000272e <_vsnprintf+0x12e>
10002740:	f446 6680 	orr.w	r6, r6, #1024	@ 0x400
10002744:	1c5a      	adds	r2, r3, #1
10002746:	920d      	str	r2, [sp, #52]	@ 0x34
10002748:	785a      	ldrb	r2, [r3, #1]
1000274a:	f1a2 0330 	sub.w	r3, r2, #48	@ 0x30
1000274e:	b2db      	uxtb	r3, r3
10002750:	2b09      	cmp	r3, #9
10002752:	d90c      	bls.n	1000276e <_vsnprintf+0x16e>
10002754:	2a2a      	cmp	r2, #42	@ 0x2a
10002756:	d1cd      	bne.n	100026f4 <_vsnprintf+0xf4>
10002758:	9b18      	ldr	r3, [sp, #96]	@ 0x60
1000275a:	1d1a      	adds	r2, r3, #4
1000275c:	9218      	str	r2, [sp, #96]	@ 0x60
1000275e:	681c      	ldr	r4, [r3, #0]
10002760:	ea24 73e4 	bic.w	r3, r4, r4, asr #31
10002764:	930a      	str	r3, [sp, #40]	@ 0x28
10002766:	9b0d      	ldr	r3, [sp, #52]	@ 0x34
10002768:	3301      	adds	r3, #1
1000276a:	930d      	str	r3, [sp, #52]	@ 0x34
1000276c:	e7c2      	b.n	100026f4 <_vsnprintf+0xf4>
1000276e:	a80d      	add	r0, sp, #52	@ 0x34
10002770:	f7ff f9d2 	bl	10001b18 <_atoi>
10002774:	900a      	str	r0, [sp, #40]	@ 0x28
10002776:	e7bd      	b.n	100026f4 <_vsnprintf+0xf4>
10002778:	f446 7180 	orr.w	r1, r6, #256	@ 0x100
1000277c:	1c53      	adds	r3, r2, #1
1000277e:	930d      	str	r3, [sp, #52]	@ 0x34
10002780:	7853      	ldrb	r3, [r2, #1]
10002782:	2b6c      	cmp	r3, #108	@ 0x6c
10002784:	d001      	beq.n	1000278a <_vsnprintf+0x18a>
10002786:	460e      	mov	r6, r1
10002788:	e016      	b.n	100027b8 <_vsnprintf+0x1b8>
1000278a:	f446 7640 	orr.w	r6, r6, #768	@ 0x300
1000278e:	3202      	adds	r2, #2
10002790:	920d      	str	r2, [sp, #52]	@ 0x34
10002792:	e011      	b.n	100027b8 <_vsnprintf+0x1b8>
10002794:	f046 0180 	orr.w	r1, r6, #128	@ 0x80
10002798:	1c53      	adds	r3, r2, #1
1000279a:	930d      	str	r3, [sp, #52]	@ 0x34
1000279c:	7853      	ldrb	r3, [r2, #1]
1000279e:	2b68      	cmp	r3, #104	@ 0x68
100027a0:	d001      	beq.n	100027a6 <_vsnprintf+0x1a6>
100027a2:	460e      	mov	r6, r1
100027a4:	e008      	b.n	100027b8 <_vsnprintf+0x1b8>
100027a6:	f046 06c0 	orr.w	r6, r6, #192	@ 0xc0
100027aa:	3202      	adds	r2, #2
100027ac:	920d      	str	r2, [sp, #52]	@ 0x34
100027ae:	e003      	b.n	100027b8 <_vsnprintf+0x1b8>
100027b0:	f446 7680 	orr.w	r6, r6, #256	@ 0x100
100027b4:	3201      	adds	r2, #1
100027b6:	920d      	str	r2, [sp, #52]	@ 0x34
100027b8:	9b0d      	ldr	r3, [sp, #52]	@ 0x34
100027ba:	7818      	ldrb	r0, [r3, #0]
100027bc:	2867      	cmp	r0, #103	@ 0x67
100027be:	d856      	bhi.n	1000286e <_vsnprintf+0x26e>
100027c0:	2825      	cmp	r0, #37	@ 0x25
100027c2:	f0c0 826c 	bcc.w	10002c9e <_vsnprintf+0x69e>
100027c6:	f1a0 0325 	sub.w	r3, r0, #37	@ 0x25
100027ca:	2b42      	cmp	r3, #66	@ 0x42
100027cc:	f200 8267 	bhi.w	10002c9e <_vsnprintf+0x69e>
100027d0:	e8df f013 	tbh	[pc, r3, lsl #1]
100027d4:	0265025a 	.word	0x0265025a
100027d8:	02650265 	.word	0x02650265
100027dc:	02650265 	.word	0x02650265
100027e0:	02650265 	.word	0x02650265
100027e4:	02650265 	.word	0x02650265
100027e8:	02650265 	.word	0x02650265
100027ec:	02650265 	.word	0x02650265
100027f0:	02650265 	.word	0x02650265
100027f4:	02650265 	.word	0x02650265
100027f8:	02650265 	.word	0x02650265
100027fc:	02650265 	.word	0x02650265
10002800:	02650265 	.word	0x02650265
10002804:	02650265 	.word	0x02650265
10002808:	02650265 	.word	0x02650265
1000280c:	02650265 	.word	0x02650265
10002810:	02650265 	.word	0x02650265
10002814:	01680188 	.word	0x01680188
10002818:	02650188 	.word	0x02650188
1000281c:	02650265 	.word	0x02650265
10002820:	02650265 	.word	0x02650265
10002824:	02650265 	.word	0x02650265
10002828:	02650265 	.word	0x02650265
1000282c:	02650265 	.word	0x02650265
10002830:	02650265 	.word	0x02650265
10002834:	02650265 	.word	0x02650265
10002838:	00710265 	.word	0x00710265
1000283c:	02650265 	.word	0x02650265
10002840:	02650265 	.word	0x02650265
10002844:	02650265 	.word	0x02650265
10002848:	02650265 	.word	0x02650265
1000284c:	00710265 	.word	0x00710265
10002850:	007101af 	.word	0x007101af
10002854:	01680188 	.word	0x01680188
10002858:	0188      	.short	0x0188
1000285a:	f446 7600 	orr.w	r6, r6, #512	@ 0x200
1000285e:	3201      	adds	r2, #1
10002860:	920d      	str	r2, [sp, #52]	@ 0x34
10002862:	e7a9      	b.n	100027b8 <_vsnprintf+0x1b8>
10002864:	f446 7680 	orr.w	r6, r6, #256	@ 0x100
10002868:	3201      	adds	r2, #1
1000286a:	920d      	str	r2, [sp, #52]	@ 0x34
1000286c:	e7a4      	b.n	100027b8 <_vsnprintf+0x1b8>
1000286e:	2878      	cmp	r0, #120	@ 0x78
10002870:	f200 8215 	bhi.w	10002c9e <_vsnprintf+0x69e>
10002874:	2869      	cmp	r0, #105	@ 0x69
10002876:	f0c0 8212 	bcc.w	10002c9e <_vsnprintf+0x69e>
1000287a:	f1a0 0269 	sub.w	r2, r0, #105	@ 0x69
1000287e:	b2d2      	uxtb	r2, r2
10002880:	2301      	movs	r3, #1
10002882:	4093      	lsls	r3, r2
10002884:	f249 0241 	movw	r2, #36929	@ 0x9041
10002888:	4213      	tst	r3, r2
1000288a:	d114      	bne.n	100028b6 <_vsnprintf+0x2b6>
1000288c:	f013 0f80 	tst.w	r3, #128	@ 0x80
10002890:	f040 81df 	bne.w	10002c52 <_vsnprintf+0x652>
10002894:	f413 6f80 	tst.w	r3, #1024	@ 0x400
10002898:	f000 8201 	beq.w	10002c9e <_vsnprintf+0x69e>
1000289c:	9b18      	ldr	r3, [sp, #96]	@ 0x60
1000289e:	1d1a      	adds	r2, r3, #4
100028a0:	9218      	str	r2, [sp, #96]	@ 0x60
100028a2:	f8d3 a000 	ldr.w	sl, [r3]
100028a6:	9b0a      	ldr	r3, [sp, #40]	@ 0x28
100028a8:	2b00      	cmp	r3, #0
100028aa:	f040 8190 	bne.w	10002bce <_vsnprintf+0x5ce>
100028ae:	f04f 32ff 	mov.w	r2, #4294967295	@ 0xffffffff
100028b2:	4653      	mov	r3, sl
100028b4:	e174      	b.n	10002ba0 <_vsnprintf+0x5a0>
100028b6:	286f      	cmp	r0, #111	@ 0x6f
100028b8:	d03d      	beq.n	10002936 <_vsnprintf+0x336>
100028ba:	d805      	bhi.n	100028c8 <_vsnprintf+0x2c8>
100028bc:	2858      	cmp	r0, #88	@ 0x58
100028be:	d03c      	beq.n	1000293a <_vsnprintf+0x33a>
100028c0:	2862      	cmp	r0, #98	@ 0x62
100028c2:	d103      	bne.n	100028cc <_vsnprintf+0x2cc>
100028c4:	2302      	movs	r3, #2
100028c6:	e004      	b.n	100028d2 <_vsnprintf+0x2d2>
100028c8:	2878      	cmp	r0, #120	@ 0x78
100028ca:	d038      	beq.n	1000293e <_vsnprintf+0x33e>
100028cc:	f026 0610 	bic.w	r6, r6, #16
100028d0:	230a      	movs	r3, #10
100028d2:	2858      	cmp	r0, #88	@ 0x58
100028d4:	d035      	beq.n	10002942 <_vsnprintf+0x342>
100028d6:	2869      	cmp	r0, #105	@ 0x69
100028d8:	d003      	beq.n	100028e2 <_vsnprintf+0x2e2>
100028da:	2864      	cmp	r0, #100	@ 0x64
100028dc:	d001      	beq.n	100028e2 <_vsnprintf+0x2e2>
100028de:	f026 060c 	bic.w	r6, r6, #12
100028e2:	f416 6f80 	tst.w	r6, #1024	@ 0x400
100028e6:	d001      	beq.n	100028ec <_vsnprintf+0x2ec>
100028e8:	f026 0601 	bic.w	r6, r6, #1
100028ec:	2869      	cmp	r0, #105	@ 0x69
100028ee:	d02b      	beq.n	10002948 <_vsnprintf+0x348>
100028f0:	2864      	cmp	r0, #100	@ 0x64
100028f2:	d029      	beq.n	10002948 <_vsnprintf+0x348>
100028f4:	f416 7f00 	tst.w	r6, #512	@ 0x200
100028f8:	f040 8096 	bne.w	10002a28 <_vsnprintf+0x428>
100028fc:	f416 7f80 	tst.w	r6, #256	@ 0x100
10002900:	f040 80ae 	bne.w	10002a60 <_vsnprintf+0x460>
10002904:	f016 0f40 	tst.w	r6, #64	@ 0x40
10002908:	f000 80bf 	beq.w	10002a8a <_vsnprintf+0x48a>
1000290c:	9a18      	ldr	r2, [sp, #96]	@ 0x60
1000290e:	1d11      	adds	r1, r2, #4
10002910:	9118      	str	r1, [sp, #96]	@ 0x60
10002912:	7812      	ldrb	r2, [r2, #0]
10002914:	9605      	str	r6, [sp, #20]
10002916:	990b      	ldr	r1, [sp, #44]	@ 0x2c
10002918:	9104      	str	r1, [sp, #16]
1000291a:	990a      	ldr	r1, [sp, #40]	@ 0x28
1000291c:	9103      	str	r1, [sp, #12]
1000291e:	9302      	str	r3, [sp, #8]
10002920:	2300      	movs	r3, #0
10002922:	9301      	str	r3, [sp, #4]
10002924:	9200      	str	r2, [sp, #0]
10002926:	463b      	mov	r3, r7
10002928:	462a      	mov	r2, r5
1000292a:	4649      	mov	r1, r9
1000292c:	4640      	mov	r0, r8
1000292e:	f7ff f9df 	bl	10001cf0 <_ntoa_long>
10002932:	4605      	mov	r5, r0
10002934:	e029      	b.n	1000298a <_vsnprintf+0x38a>
10002936:	2308      	movs	r3, #8
10002938:	e7cb      	b.n	100028d2 <_vsnprintf+0x2d2>
1000293a:	2310      	movs	r3, #16
1000293c:	e7c9      	b.n	100028d2 <_vsnprintf+0x2d2>
1000293e:	2310      	movs	r3, #16
10002940:	e7c7      	b.n	100028d2 <_vsnprintf+0x2d2>
10002942:	f046 0620 	orr.w	r6, r6, #32
10002946:	e7c6      	b.n	100028d6 <_vsnprintf+0x2d6>
10002948:	f416 7f00 	tst.w	r6, #512	@ 0x200
1000294c:	d121      	bne.n	10002992 <_vsnprintf+0x392>
1000294e:	f416 7f80 	tst.w	r6, #256	@ 0x100
10002952:	d142      	bne.n	100029da <_vsnprintf+0x3da>
10002954:	f016 0f40 	tst.w	r6, #64	@ 0x40
10002958:	d058      	beq.n	10002a0c <_vsnprintf+0x40c>
1000295a:	9a18      	ldr	r2, [sp, #96]	@ 0x60
1000295c:	1d11      	adds	r1, r2, #4
1000295e:	9118      	str	r1, [sp, #96]	@ 0x60
10002960:	7812      	ldrb	r2, [r2, #0]
10002962:	ea82 71e2 	eor.w	r1, r2, r2, asr #31
10002966:	eba1 71e2 	sub.w	r1, r1, r2, asr #31
1000296a:	9605      	str	r6, [sp, #20]
1000296c:	980b      	ldr	r0, [sp, #44]	@ 0x2c
1000296e:	9004      	str	r0, [sp, #16]
10002970:	980a      	ldr	r0, [sp, #40]	@ 0x28
10002972:	9003      	str	r0, [sp, #12]
10002974:	9302      	str	r3, [sp, #8]
10002976:	0fd2      	lsrs	r2, r2, #31
10002978:	9201      	str	r2, [sp, #4]
1000297a:	9100      	str	r1, [sp, #0]
1000297c:	463b      	mov	r3, r7
1000297e:	462a      	mov	r2, r5
10002980:	4649      	mov	r1, r9
10002982:	4640      	mov	r0, r8
10002984:	f7ff f9b4 	bl	10001cf0 <_ntoa_long>
10002988:	4605      	mov	r5, r0
1000298a:	9b0d      	ldr	r3, [sp, #52]	@ 0x34
1000298c:	3301      	adds	r3, #1
1000298e:	930d      	str	r3, [sp, #52]	@ 0x34
10002990:	e64b      	b.n	1000262a <_vsnprintf+0x2a>
10002992:	9a18      	ldr	r2, [sp, #96]	@ 0x60
10002994:	3207      	adds	r2, #7
10002996:	f022 0207 	bic.w	r2, r2, #7
1000299a:	f102 0108 	add.w	r1, r2, #8
1000299e:	9118      	str	r1, [sp, #96]	@ 0x60
100029a0:	6851      	ldr	r1, [r2, #4]
100029a2:	6812      	ldr	r2, [r2, #0]
100029a4:	4608      	mov	r0, r1
100029a6:	2900      	cmp	r1, #0
100029a8:	db13      	blt.n	100029d2 <_vsnprintf+0x3d2>
100029aa:	9608      	str	r6, [sp, #32]
100029ac:	9c0b      	ldr	r4, [sp, #44]	@ 0x2c
100029ae:	9407      	str	r4, [sp, #28]
100029b0:	9c0a      	ldr	r4, [sp, #40]	@ 0x28
100029b2:	9406      	str	r4, [sp, #24]
100029b4:	9304      	str	r3, [sp, #16]
100029b6:	2300      	movs	r3, #0
100029b8:	9305      	str	r3, [sp, #20]
100029ba:	0fc9      	lsrs	r1, r1, #31
100029bc:	9102      	str	r1, [sp, #8]
100029be:	9200      	str	r2, [sp, #0]
100029c0:	9001      	str	r0, [sp, #4]
100029c2:	463b      	mov	r3, r7
100029c4:	462a      	mov	r2, r5
100029c6:	4649      	mov	r1, r9
100029c8:	4640      	mov	r0, r8
100029ca:	f7ff f9db 	bl	10001d84 <_ntoa_long_long>
100029ce:	4605      	mov	r5, r0
100029d0:	e7db      	b.n	1000298a <_vsnprintf+0x38a>
100029d2:	4252      	negs	r2, r2
100029d4:	eb61 0041 	sbc.w	r0, r1, r1, lsl #1
100029d8:	e7e7      	b.n	100029aa <_vsnprintf+0x3aa>
100029da:	9a18      	ldr	r2, [sp, #96]	@ 0x60
100029dc:	1d11      	adds	r1, r2, #4
100029de:	9118      	str	r1, [sp, #96]	@ 0x60
100029e0:	6812      	ldr	r2, [r2, #0]
100029e2:	ea82 71e2 	eor.w	r1, r2, r2, asr #31
100029e6:	eba1 71e2 	sub.w	r1, r1, r2, asr #31
100029ea:	9605      	str	r6, [sp, #20]
100029ec:	980b      	ldr	r0, [sp, #44]	@ 0x2c
100029ee:	9004      	str	r0, [sp, #16]
100029f0:	980a      	ldr	r0, [sp, #40]	@ 0x28
100029f2:	9003      	str	r0, [sp, #12]
100029f4:	9302      	str	r3, [sp, #8]
100029f6:	0fd2      	lsrs	r2, r2, #31
100029f8:	9201      	str	r2, [sp, #4]
100029fa:	9100      	str	r1, [sp, #0]
100029fc:	463b      	mov	r3, r7
100029fe:	462a      	mov	r2, r5
10002a00:	4649      	mov	r1, r9
10002a02:	4640      	mov	r0, r8
10002a04:	f7ff f974 	bl	10001cf0 <_ntoa_long>
10002a08:	4605      	mov	r5, r0
10002a0a:	e7be      	b.n	1000298a <_vsnprintf+0x38a>
10002a0c:	f016 0f80 	tst.w	r6, #128	@ 0x80
10002a10:	d005      	beq.n	10002a1e <_vsnprintf+0x41e>
10002a12:	9a18      	ldr	r2, [sp, #96]	@ 0x60
10002a14:	1d11      	adds	r1, r2, #4
10002a16:	9118      	str	r1, [sp, #96]	@ 0x60
10002a18:	f9b2 2000 	ldrsh.w	r2, [r2]
10002a1c:	e7a1      	b.n	10002962 <_vsnprintf+0x362>
10002a1e:	9a18      	ldr	r2, [sp, #96]	@ 0x60
10002a20:	1d11      	adds	r1, r2, #4
10002a22:	9118      	str	r1, [sp, #96]	@ 0x60
10002a24:	6812      	ldr	r2, [r2, #0]
10002a26:	e79c      	b.n	10002962 <_vsnprintf+0x362>
10002a28:	9a18      	ldr	r2, [sp, #96]	@ 0x60
10002a2a:	3207      	adds	r2, #7
10002a2c:	f022 0207 	bic.w	r2, r2, #7
10002a30:	f102 0108 	add.w	r1, r2, #8
10002a34:	9118      	str	r1, [sp, #96]	@ 0x60
10002a36:	9608      	str	r6, [sp, #32]
10002a38:	990b      	ldr	r1, [sp, #44]	@ 0x2c
10002a3a:	9107      	str	r1, [sp, #28]
10002a3c:	990a      	ldr	r1, [sp, #40]	@ 0x28
10002a3e:	9106      	str	r1, [sp, #24]
10002a40:	2100      	movs	r1, #0
10002a42:	9304      	str	r3, [sp, #16]
10002a44:	9105      	str	r1, [sp, #20]
10002a46:	9102      	str	r1, [sp, #8]
10002a48:	e9d2 2300 	ldrd	r2, r3, [r2]
10002a4c:	e9cd 2300 	strd	r2, r3, [sp]
10002a50:	463b      	mov	r3, r7
10002a52:	462a      	mov	r2, r5
10002a54:	4649      	mov	r1, r9
10002a56:	4640      	mov	r0, r8
10002a58:	f7ff f994 	bl	10001d84 <_ntoa_long_long>
10002a5c:	4605      	mov	r5, r0
10002a5e:	e794      	b.n	1000298a <_vsnprintf+0x38a>
10002a60:	9a18      	ldr	r2, [sp, #96]	@ 0x60
10002a62:	1d11      	adds	r1, r2, #4
10002a64:	9118      	str	r1, [sp, #96]	@ 0x60
10002a66:	9605      	str	r6, [sp, #20]
10002a68:	990b      	ldr	r1, [sp, #44]	@ 0x2c
10002a6a:	9104      	str	r1, [sp, #16]
10002a6c:	990a      	ldr	r1, [sp, #40]	@ 0x28
10002a6e:	9103      	str	r1, [sp, #12]
10002a70:	9302      	str	r3, [sp, #8]
10002a72:	2300      	movs	r3, #0
10002a74:	9301      	str	r3, [sp, #4]
10002a76:	6813      	ldr	r3, [r2, #0]
10002a78:	9300      	str	r3, [sp, #0]
10002a7a:	463b      	mov	r3, r7
10002a7c:	462a      	mov	r2, r5
10002a7e:	4649      	mov	r1, r9
10002a80:	4640      	mov	r0, r8
10002a82:	f7ff f935 	bl	10001cf0 <_ntoa_long>
10002a86:	4605      	mov	r5, r0
10002a88:	e77f      	b.n	1000298a <_vsnprintf+0x38a>
10002a8a:	f016 0f80 	tst.w	r6, #128	@ 0x80
10002a8e:	d004      	beq.n	10002a9a <_vsnprintf+0x49a>
10002a90:	9a18      	ldr	r2, [sp, #96]	@ 0x60
10002a92:	1d11      	adds	r1, r2, #4
10002a94:	9118      	str	r1, [sp, #96]	@ 0x60
10002a96:	8812      	ldrh	r2, [r2, #0]
10002a98:	e73c      	b.n	10002914 <_vsnprintf+0x314>
10002a9a:	9a18      	ldr	r2, [sp, #96]	@ 0x60
10002a9c:	1d11      	adds	r1, r2, #4
10002a9e:	9118      	str	r1, [sp, #96]	@ 0x60
10002aa0:	6812      	ldr	r2, [r2, #0]
10002aa2:	e737      	b.n	10002914 <_vsnprintf+0x314>
10002aa4:	2846      	cmp	r0, #70	@ 0x46
10002aa6:	d01a      	beq.n	10002ade <_vsnprintf+0x4de>
10002aa8:	9b18      	ldr	r3, [sp, #96]	@ 0x60
10002aaa:	3307      	adds	r3, #7
10002aac:	f023 0307 	bic.w	r3, r3, #7
10002ab0:	f103 0208 	add.w	r2, r3, #8
10002ab4:	9218      	str	r2, [sp, #96]	@ 0x60
10002ab6:	9604      	str	r6, [sp, #16]
10002ab8:	9a0b      	ldr	r2, [sp, #44]	@ 0x2c
10002aba:	9203      	str	r2, [sp, #12]
10002abc:	9a0a      	ldr	r2, [sp, #40]	@ 0x28
10002abe:	9202      	str	r2, [sp, #8]
10002ac0:	e9d3 2300 	ldrd	r2, r3, [r3]
10002ac4:	e9cd 2300 	strd	r2, r3, [sp]
10002ac8:	463b      	mov	r3, r7
10002aca:	462a      	mov	r2, r5
10002acc:	4649      	mov	r1, r9
10002ace:	4640      	mov	r0, r8
10002ad0:	f7ff fbca 	bl	10002268 <_ftoa>
10002ad4:	4605      	mov	r5, r0
10002ad6:	9b0d      	ldr	r3, [sp, #52]	@ 0x34
10002ad8:	3301      	adds	r3, #1
10002ada:	930d      	str	r3, [sp, #52]	@ 0x34
10002adc:	e5a5      	b.n	1000262a <_vsnprintf+0x2a>
10002ade:	f046 0620 	orr.w	r6, r6, #32
10002ae2:	e7e1      	b.n	10002aa8 <_vsnprintf+0x4a8>
10002ae4:	2867      	cmp	r0, #103	@ 0x67
10002ae6:	d001      	beq.n	10002aec <_vsnprintf+0x4ec>
10002ae8:	2847      	cmp	r0, #71	@ 0x47
10002aea:	d101      	bne.n	10002af0 <_vsnprintf+0x4f0>
10002aec:	f446 6600 	orr.w	r6, r6, #2048	@ 0x800
10002af0:	2845      	cmp	r0, #69	@ 0x45
10002af2:	d001      	beq.n	10002af8 <_vsnprintf+0x4f8>
10002af4:	2847      	cmp	r0, #71	@ 0x47
10002af6:	d101      	bne.n	10002afc <_vsnprintf+0x4fc>
10002af8:	f046 0620 	orr.w	r6, r6, #32
10002afc:	9b18      	ldr	r3, [sp, #96]	@ 0x60
10002afe:	3307      	adds	r3, #7
10002b00:	f023 0307 	bic.w	r3, r3, #7
10002b04:	f103 0208 	add.w	r2, r3, #8
10002b08:	9218      	str	r2, [sp, #96]	@ 0x60
10002b0a:	9604      	str	r6, [sp, #16]
10002b0c:	9a0b      	ldr	r2, [sp, #44]	@ 0x2c
10002b0e:	9203      	str	r2, [sp, #12]
10002b10:	9a0a      	ldr	r2, [sp, #40]	@ 0x28
10002b12:	9202      	str	r2, [sp, #8]
10002b14:	e9d3 2300 	ldrd	r2, r3, [r3]
10002b18:	e9cd 2300 	strd	r2, r3, [sp]
10002b1c:	463b      	mov	r3, r7
10002b1e:	462a      	mov	r2, r5
10002b20:	4649      	mov	r1, r9
10002b22:	4640      	mov	r0, r8
10002b24:	f7ff f990 	bl	10001e48 <_etoa>
10002b28:	4605      	mov	r5, r0
10002b2a:	9b0d      	ldr	r3, [sp, #52]	@ 0x34
10002b2c:	3301      	adds	r3, #1
10002b2e:	930d      	str	r3, [sp, #52]	@ 0x34
10002b30:	e57b      	b.n	1000262a <_vsnprintf+0x2a>
10002b32:	f016 0602 	ands.w	r6, r6, #2
10002b36:	d01c      	beq.n	10002b72 <_vsnprintf+0x572>
10002b38:	2401      	movs	r4, #1
10002b3a:	9818      	ldr	r0, [sp, #96]	@ 0x60
10002b3c:	1d03      	adds	r3, r0, #4
10002b3e:	9318      	str	r3, [sp, #96]	@ 0x60
10002b40:	f105 0a01 	add.w	sl, r5, #1
10002b44:	463b      	mov	r3, r7
10002b46:	462a      	mov	r2, r5
10002b48:	4649      	mov	r1, r9
10002b4a:	7800      	ldrb	r0, [r0, #0]
10002b4c:	47c0      	blx	r8
10002b4e:	b9ae      	cbnz	r6, 10002b7c <_vsnprintf+0x57c>
10002b50:	9b0d      	ldr	r3, [sp, #52]	@ 0x34
10002b52:	3301      	adds	r3, #1
10002b54:	930d      	str	r3, [sp, #52]	@ 0x34
10002b56:	4655      	mov	r5, sl
10002b58:	e567      	b.n	1000262a <_vsnprintf+0x2a>
10002b5a:	1c55      	adds	r5, r2, #1
10002b5c:	463b      	mov	r3, r7
10002b5e:	4649      	mov	r1, r9
10002b60:	2020      	movs	r0, #32
10002b62:	47c0      	blx	r8
10002b64:	4623      	mov	r3, r4
10002b66:	462a      	mov	r2, r5
10002b68:	1c5c      	adds	r4, r3, #1
10002b6a:	459a      	cmp	sl, r3
10002b6c:	d8f5      	bhi.n	10002b5a <_vsnprintf+0x55a>
10002b6e:	4615      	mov	r5, r2
10002b70:	e7e3      	b.n	10002b3a <_vsnprintf+0x53a>
10002b72:	2301      	movs	r3, #1
10002b74:	f8dd a02c 	ldr.w	sl, [sp, #44]	@ 0x2c
10002b78:	462a      	mov	r2, r5
10002b7a:	e7f5      	b.n	10002b68 <_vsnprintf+0x568>
10002b7c:	4652      	mov	r2, sl
10002b7e:	f8dd a02c 	ldr.w	sl, [sp, #44]	@ 0x2c
10002b82:	e006      	b.n	10002b92 <_vsnprintf+0x592>
10002b84:	1c56      	adds	r6, r2, #1
10002b86:	463b      	mov	r3, r7
10002b88:	4649      	mov	r1, r9
10002b8a:	2020      	movs	r0, #32
10002b8c:	47c0      	blx	r8
10002b8e:	462c      	mov	r4, r5
10002b90:	4632      	mov	r2, r6
10002b92:	1c65      	adds	r5, r4, #1
10002b94:	45a2      	cmp	sl, r4
10002b96:	d8f5      	bhi.n	10002b84 <_vsnprintf+0x584>
10002b98:	4692      	mov	sl, r2
10002b9a:	e7d9      	b.n	10002b50 <_vsnprintf+0x550>
10002b9c:	3301      	adds	r3, #1
10002b9e:	460a      	mov	r2, r1
10002ba0:	7819      	ldrb	r1, [r3, #0]
10002ba2:	b111      	cbz	r1, 10002baa <_vsnprintf+0x5aa>
10002ba4:	1e51      	subs	r1, r2, #1
10002ba6:	2a00      	cmp	r2, #0
10002ba8:	d1f8      	bne.n	10002b9c <_vsnprintf+0x59c>
10002baa:	eba3 030a 	sub.w	r3, r3, sl
10002bae:	f416 6b80 	ands.w	fp, r6, #1024	@ 0x400
10002bb2:	d003      	beq.n	10002bbc <_vsnprintf+0x5bc>
10002bb4:	9a0a      	ldr	r2, [sp, #40]	@ 0x28
10002bb6:	4293      	cmp	r3, r2
10002bb8:	bf28      	it	cs
10002bba:	4613      	movcs	r3, r2
10002bbc:	f016 0402 	ands.w	r4, r6, #2
10002bc0:	d007      	beq.n	10002bd2 <_vsnprintf+0x5d2>
10002bc2:	940c      	str	r4, [sp, #48]	@ 0x30
10002bc4:	9e0a      	ldr	r6, [sp, #40]	@ 0x28
10002bc6:	462a      	mov	r2, r5
10002bc8:	465d      	mov	r5, fp
10002bca:	469b      	mov	fp, r3
10002bcc:	e023      	b.n	10002c16 <_vsnprintf+0x616>
10002bce:	9a0a      	ldr	r2, [sp, #40]	@ 0x28
10002bd0:	e66f      	b.n	100028b2 <_vsnprintf+0x2b2>
10002bd2:	f8cd b030 	str.w	fp, [sp, #48]	@ 0x30
10002bd6:	462a      	mov	r2, r5
10002bd8:	4625      	mov	r5, r4
10002bda:	9c0b      	ldr	r4, [sp, #44]	@ 0x2c
10002bdc:	e007      	b.n	10002bee <_vsnprintf+0x5ee>
10002bde:	f102 0b01 	add.w	fp, r2, #1
10002be2:	463b      	mov	r3, r7
10002be4:	4649      	mov	r1, r9
10002be6:	2020      	movs	r0, #32
10002be8:	47c0      	blx	r8
10002bea:	4633      	mov	r3, r6
10002bec:	465a      	mov	r2, fp
10002bee:	1c5e      	adds	r6, r3, #1
10002bf0:	429c      	cmp	r4, r3
10002bf2:	d8f4      	bhi.n	10002bde <_vsnprintf+0x5de>
10002bf4:	f8dd b030 	ldr.w	fp, [sp, #48]	@ 0x30
10002bf8:	462c      	mov	r4, r5
10002bfa:	4633      	mov	r3, r6
10002bfc:	940c      	str	r4, [sp, #48]	@ 0x30
10002bfe:	9e0a      	ldr	r6, [sp, #40]	@ 0x28
10002c00:	465d      	mov	r5, fp
10002c02:	469b      	mov	fp, r3
10002c04:	e007      	b.n	10002c16 <_vsnprintf+0x616>
10002c06:	461e      	mov	r6, r3
10002c08:	f10a 0a01 	add.w	sl, sl, #1
10002c0c:	1c54      	adds	r4, r2, #1
10002c0e:	463b      	mov	r3, r7
10002c10:	4649      	mov	r1, r9
10002c12:	47c0      	blx	r8
10002c14:	4622      	mov	r2, r4
10002c16:	f89a 0000 	ldrb.w	r0, [sl]
10002c1a:	b120      	cbz	r0, 10002c26 <_vsnprintf+0x626>
10002c1c:	2d00      	cmp	r5, #0
10002c1e:	d0f3      	beq.n	10002c08 <_vsnprintf+0x608>
10002c20:	1e73      	subs	r3, r6, #1
10002c22:	2e00      	cmp	r6, #0
10002c24:	d1ef      	bne.n	10002c06 <_vsnprintf+0x606>
10002c26:	9c0c      	ldr	r4, [sp, #48]	@ 0x30
10002c28:	4615      	mov	r5, r2
10002c2a:	465b      	mov	r3, fp
10002c2c:	b91c      	cbnz	r4, 10002c36 <_vsnprintf+0x636>
10002c2e:	9b0d      	ldr	r3, [sp, #52]	@ 0x34
10002c30:	3301      	adds	r3, #1
10002c32:	930d      	str	r3, [sp, #52]	@ 0x34
10002c34:	e4f9      	b.n	1000262a <_vsnprintf+0x2a>
10002c36:	9e0b      	ldr	r6, [sp, #44]	@ 0x2c
10002c38:	e006      	b.n	10002c48 <_vsnprintf+0x648>
10002c3a:	1c55      	adds	r5, r2, #1
10002c3c:	463b      	mov	r3, r7
10002c3e:	4649      	mov	r1, r9
10002c40:	2020      	movs	r0, #32
10002c42:	47c0      	blx	r8
10002c44:	4623      	mov	r3, r4
10002c46:	462a      	mov	r2, r5
10002c48:	1c5c      	adds	r4, r3, #1
10002c4a:	429e      	cmp	r6, r3
10002c4c:	d8f5      	bhi.n	10002c3a <_vsnprintf+0x63a>
10002c4e:	4615      	mov	r5, r2
10002c50:	e7ed      	b.n	10002c2e <_vsnprintf+0x62e>
10002c52:	f046 0621 	orr.w	r6, r6, #33	@ 0x21
10002c56:	9b18      	ldr	r3, [sp, #96]	@ 0x60
10002c58:	1d1a      	adds	r2, r3, #4
10002c5a:	9218      	str	r2, [sp, #96]	@ 0x60
10002c5c:	681b      	ldr	r3, [r3, #0]
10002c5e:	9605      	str	r6, [sp, #20]
10002c60:	2208      	movs	r2, #8
10002c62:	9204      	str	r2, [sp, #16]
10002c64:	9a0a      	ldr	r2, [sp, #40]	@ 0x28
10002c66:	9203      	str	r2, [sp, #12]
10002c68:	2210      	movs	r2, #16
10002c6a:	9202      	str	r2, [sp, #8]
10002c6c:	2200      	movs	r2, #0
10002c6e:	9201      	str	r2, [sp, #4]
10002c70:	9300      	str	r3, [sp, #0]
10002c72:	463b      	mov	r3, r7
10002c74:	462a      	mov	r2, r5
10002c76:	4649      	mov	r1, r9
10002c78:	4640      	mov	r0, r8
10002c7a:	f7ff f839 	bl	10001cf0 <_ntoa_long>
10002c7e:	4605      	mov	r5, r0
10002c80:	9b0d      	ldr	r3, [sp, #52]	@ 0x34
10002c82:	3301      	adds	r3, #1
10002c84:	930d      	str	r3, [sp, #52]	@ 0x34
10002c86:	e4d0      	b.n	1000262a <_vsnprintf+0x2a>
10002c88:	1c6c      	adds	r4, r5, #1
10002c8a:	463b      	mov	r3, r7
10002c8c:	462a      	mov	r2, r5
10002c8e:	4649      	mov	r1, r9
10002c90:	2025      	movs	r0, #37	@ 0x25
10002c92:	47c0      	blx	r8
10002c94:	9b0d      	ldr	r3, [sp, #52]	@ 0x34
10002c96:	3301      	adds	r3, #1
10002c98:	930d      	str	r3, [sp, #52]	@ 0x34
10002c9a:	4625      	mov	r5, r4
10002c9c:	e4c5      	b.n	1000262a <_vsnprintf+0x2a>
10002c9e:	1c6c      	adds	r4, r5, #1
10002ca0:	463b      	mov	r3, r7
10002ca2:	462a      	mov	r2, r5
10002ca4:	4649      	mov	r1, r9
10002ca6:	47c0      	blx	r8
10002ca8:	9b0d      	ldr	r3, [sp, #52]	@ 0x34
10002caa:	3301      	adds	r3, #1
10002cac:	930d      	str	r3, [sp, #52]	@ 0x34
10002cae:	4625      	mov	r5, r4
10002cb0:	e4bb      	b.n	1000262a <_vsnprintf+0x2a>
10002cb2:	f8df 8020 	ldr.w	r8, [pc, #32]	@ 10002cd4 <_vsnprintf+0x6d4>
10002cb6:	e4ad      	b.n	10002614 <_vsnprintf+0x14>
10002cb8:	42bd      	cmp	r5, r7
10002cba:	d308      	bcc.n	10002cce <_vsnprintf+0x6ce>
10002cbc:	1e7a      	subs	r2, r7, #1
10002cbe:	463b      	mov	r3, r7
10002cc0:	4649      	mov	r1, r9
10002cc2:	2000      	movs	r0, #0
10002cc4:	47c0      	blx	r8
10002cc6:	4628      	mov	r0, r5
10002cc8:	b00f      	add	sp, #60	@ 0x3c
10002cca:	e8bd 8ff0 	ldmia.w	sp!, {r4, r5, r6, r7, r8, r9, sl, fp, pc}
10002cce:	462a      	mov	r2, r5
10002cd0:	e7f5      	b.n	10002cbe <_vsnprintf+0x6be>
10002cd2:	bf00      	nop
10002cd4:	10001b09 	.word	0x10001b09

10002cd8 <vfctprintf>:
10002cd8:	b500      	push	{lr}
10002cda:	b085      	sub	sp, #20
10002cdc:	9002      	str	r0, [sp, #8]
10002cde:	9103      	str	r1, [sp, #12]
10002ce0:	9300      	str	r3, [sp, #0]
10002ce2:	4613      	mov	r3, r2
10002ce4:	f04f 32ff 	mov.w	r2, #4294967295	@ 0xffffffff
10002ce8:	a902      	add	r1, sp, #8
10002cea:	4803      	ldr	r0, [pc, #12]	@ (10002cf8 <vfctprintf+0x20>)
10002cec:	f7ff fc88 	bl	10002600 <_vsnprintf>
10002cf0:	b005      	add	sp, #20
10002cf2:	f85d fb04 	ldr.w	pc, [sp], #4
10002cf6:	bf00      	nop
10002cf8:	10001b0b 	.word	0x10001b0b

10002cfc <_exit>:
10002cfc:	be00      	bkpt	0x0000
10002cfe:	e7fd      	b.n	10002cfc <_exit>

10002d00 <exit>:
10002d00:	b508      	push	{r3, lr}
10002d02:	f7ff fffb 	bl	10002cfc <_exit>
	...

10002d08 <__assert_func>:
10002d08:	b500      	push	{lr}
10002d0a:	b083      	sub	sp, #12
10002d0c:	468c      	mov	ip, r1
10002d0e:	4619      	mov	r1, r3
10002d10:	b15a      	cbz	r2, 10002d2a <__assert_func+0x22>
10002d12:	4614      	mov	r4, r2
10002d14:	4b06      	ldr	r3, [pc, #24]	@ (10002d30 <__assert_func+0x28>)
10002d16:	9401      	str	r4, [sp, #4]
10002d18:	9300      	str	r3, [sp, #0]
10002d1a:	4663      	mov	r3, ip
10002d1c:	4602      	mov	r2, r0
10002d1e:	4805      	ldr	r0, [pc, #20]	@ (10002d34 <__assert_func+0x2c>)
10002d20:	f000 f956 	bl	10002fd0 <__wrap_printf>
10002d24:	2001      	movs	r0, #1
10002d26:	f7ff ffe9 	bl	10002cfc <_exit>
10002d2a:	4b03      	ldr	r3, [pc, #12]	@ (10002d38 <__assert_func+0x30>)
10002d2c:	461c      	mov	r4, r3
10002d2e:	e7f2      	b.n	10002d16 <__assert_func+0xe>
10002d30:	100066d8 	.word	0x100066d8
10002d34:	100066e8 	.word	0x100066e8
10002d38:	100066e4 	.word	0x100066e4

10002d3c <runtime_init>:
10002d3c:	b510      	push	{r4, lr}
10002d3e:	f3ef 8305 	mrs	r3, IPSR
10002d42:	b2db      	uxtb	r3, r3
10002d44:	b103      	cbz	r3, 10002d48 <runtime_init+0xc>
10002d46:	be00      	bkpt	0x0000
10002d48:	f7fe fc7e 	bl	10001648 <runtime_run_initializers>
10002d4c:	4c04      	ldr	r4, [pc, #16]	@ (10002d60 <runtime_init+0x24>)
10002d4e:	e002      	b.n	10002d56 <runtime_init+0x1a>
10002d50:	f854 3b04 	ldr.w	r3, [r4], #4
10002d54:	4798      	blx	r3
10002d56:	4b03      	ldr	r3, [pc, #12]	@ (10002d64 <runtime_init+0x28>)
10002d58:	429c      	cmp	r4, r3
10002d5a:	d3f9      	bcc.n	10002d50 <runtime_init+0x14>
10002d5c:	bd10      	pop	{r4, pc}
10002d5e:	bf00      	nop
10002d60:	10006158 	.word	0x10006158
10002d64:	10006160 	.word	0x10006160

10002d68 <stdio_out_chars_no_crlf>:
10002d68:	b508      	push	{r3, lr}
10002d6a:	4603      	mov	r3, r0
10002d6c:	4608      	mov	r0, r1
10002d6e:	681b      	ldr	r3, [r3, #0]
10002d70:	4611      	mov	r1, r2
10002d72:	4798      	blx	r3
10002d74:	bd08      	pop	{r3, pc}
	...

10002d78 <stdio_out_chars_crlf>:
10002d78:	b5f8      	push	{r3, r4, r5, r6, r7, lr}
10002d7a:	4607      	mov	r7, r0
10002d7c:	460d      	mov	r5, r1
10002d7e:	4616      	mov	r6, r2
10002d80:	7d43      	ldrb	r3, [r0, #21]
10002d82:	b113      	cbz	r3, 10002d8a <stdio_out_chars_crlf+0x12>
10002d84:	2400      	movs	r4, #0
10002d86:	4620      	mov	r0, r4
10002d88:	e00c      	b.n	10002da4 <stdio_out_chars_crlf+0x2c>
10002d8a:	6803      	ldr	r3, [r0, #0]
10002d8c:	4611      	mov	r1, r2
10002d8e:	4628      	mov	r0, r5
10002d90:	4798      	blx	r3
10002d92:	e02e      	b.n	10002df2 <stdio_out_chars_crlf+0x7a>
10002d94:	7d3b      	ldrb	r3, [r7, #20]
10002d96:	e010      	b.n	10002dba <stdio_out_chars_crlf+0x42>
10002d98:	683b      	ldr	r3, [r7, #0]
10002d9a:	2102      	movs	r1, #2
10002d9c:	4815      	ldr	r0, [pc, #84]	@ (10002df4 <stdio_out_chars_crlf+0x7c>)
10002d9e:	4798      	blx	r3
10002da0:	1c60      	adds	r0, r4, #1
10002da2:	3401      	adds	r4, #1
10002da4:	42b4      	cmp	r4, r6
10002da6:	da14      	bge.n	10002dd2 <stdio_out_chars_crlf+0x5a>
10002da8:	2c00      	cmp	r4, #0
10002daa:	ddf3      	ble.n	10002d94 <stdio_out_chars_crlf+0x1c>
10002dac:	192b      	adds	r3, r5, r4
10002dae:	f813 3c01 	ldrb.w	r3, [r3, #-1]
10002db2:	2b0d      	cmp	r3, #13
10002db4:	bf14      	ite	ne
10002db6:	2300      	movne	r3, #0
10002db8:	2301      	moveq	r3, #1
10002dba:	5d2a      	ldrb	r2, [r5, r4]
10002dbc:	2a0a      	cmp	r2, #10
10002dbe:	d1f0      	bne.n	10002da2 <stdio_out_chars_crlf+0x2a>
10002dc0:	2b00      	cmp	r3, #0
10002dc2:	d1ee      	bne.n	10002da2 <stdio_out_chars_crlf+0x2a>
10002dc4:	42a0      	cmp	r0, r4
10002dc6:	dae7      	bge.n	10002d98 <stdio_out_chars_crlf+0x20>
10002dc8:	683b      	ldr	r3, [r7, #0]
10002dca:	1a21      	subs	r1, r4, r0
10002dcc:	4428      	add	r0, r5
10002dce:	4798      	blx	r3
10002dd0:	e7e2      	b.n	10002d98 <stdio_out_chars_crlf+0x20>
10002dd2:	42b0      	cmp	r0, r6
10002dd4:	da03      	bge.n	10002dde <stdio_out_chars_crlf+0x66>
10002dd6:	683b      	ldr	r3, [r7, #0]
10002dd8:	1a31      	subs	r1, r6, r0
10002dda:	4428      	add	r0, r5
10002ddc:	4798      	blx	r3
10002dde:	2e00      	cmp	r6, #0
10002de0:	dd07      	ble.n	10002df2 <stdio_out_chars_crlf+0x7a>
10002de2:	4435      	add	r5, r6
10002de4:	f815 3c01 	ldrb.w	r3, [r5, #-1]
10002de8:	2b0d      	cmp	r3, #13
10002dea:	bf14      	ite	ne
10002dec:	2300      	movne	r3, #0
10002dee:	2301      	moveq	r3, #1
10002df0:	753b      	strb	r3, [r7, #20]
10002df2:	bdf8      	pop	{r3, r4, r5, r6, r7, pc}
10002df4:	10006bb0 	.word	0x10006bb0

10002df8 <stdio_stack_buffer_flush>:
10002df8:	b538      	push	{r3, r4, r5, lr}
10002dfa:	6803      	ldr	r3, [r0, #0]
10002dfc:	b1bb      	cbz	r3, 10002e2e <stdio_stack_buffer_flush+0x36>
10002dfe:	4605      	mov	r5, r0
10002e00:	4b0b      	ldr	r3, [pc, #44]	@ (10002e30 <stdio_stack_buffer_flush+0x38>)
10002e02:	681c      	ldr	r4, [r3, #0]
10002e04:	e006      	b.n	10002e14 <stdio_stack_buffer_flush+0x1c>
10002e06:	4629      	mov	r1, r5
10002e08:	f851 2b04 	ldr.w	r2, [r1], #4
10002e0c:	4620      	mov	r0, r4
10002e0e:	f7ff ffb3 	bl	10002d78 <stdio_out_chars_crlf>
10002e12:	6924      	ldr	r4, [r4, #16]
10002e14:	b14c      	cbz	r4, 10002e2a <stdio_stack_buffer_flush+0x32>
10002e16:	6823      	ldr	r3, [r4, #0]
10002e18:	2b00      	cmp	r3, #0
10002e1a:	d0fa      	beq.n	10002e12 <stdio_stack_buffer_flush+0x1a>
10002e1c:	4b05      	ldr	r3, [pc, #20]	@ (10002e34 <stdio_stack_buffer_flush+0x3c>)
10002e1e:	681b      	ldr	r3, [r3, #0]
10002e20:	2b00      	cmp	r3, #0
10002e22:	d0f0      	beq.n	10002e06 <stdio_stack_buffer_flush+0xe>
10002e24:	42a3      	cmp	r3, r4
10002e26:	d1f4      	bne.n	10002e12 <stdio_stack_buffer_flush+0x1a>
10002e28:	e7ed      	b.n	10002e06 <stdio_stack_buffer_flush+0xe>
10002e2a:	2300      	movs	r3, #0
10002e2c:	602b      	str	r3, [r5, #0]
10002e2e:	bd38      	pop	{r3, r4, r5, pc}
10002e30:	20001660 	.word	0x20001660
10002e34:	20001668 	.word	0x20001668

10002e38 <stdio_buffered_printer>:
10002e38:	b538      	push	{r3, r4, r5, lr}
10002e3a:	4605      	mov	r5, r0
10002e3c:	460c      	mov	r4, r1
10002e3e:	680b      	ldr	r3, [r1, #0]
10002e40:	2b80      	cmp	r3, #128	@ 0x80
10002e42:	d005      	beq.n	10002e50 <stdio_buffered_printer+0x18>
10002e44:	6823      	ldr	r3, [r4, #0]
10002e46:	1c5a      	adds	r2, r3, #1
10002e48:	6022      	str	r2, [r4, #0]
10002e4a:	441c      	add	r4, r3
10002e4c:	7125      	strb	r5, [r4, #4]
10002e4e:	bd38      	pop	{r3, r4, r5, pc}
10002e50:	4608      	mov	r0, r1
10002e52:	f7ff ffd1 	bl	10002df8 <stdio_stack_buffer_flush>
10002e56:	e7f5      	b.n	10002e44 <stdio_buffered_printer+0xc>

10002e58 <stdout_serialize_begin>:
10002e58:	b508      	push	{r3, lr}
10002e5a:	f7fe fa03 	bl	10001264 <time_us_64>
10002e5e:	4a07      	ldr	r2, [pc, #28]	@ (10002e7c <stdout_serialize_begin+0x24>)
10002e60:	1882      	adds	r2, r0, r2
10002e62:	f141 0300 	adc.w	r3, r1, #0
10002e66:	2b00      	cmp	r3, #0
10002e68:	db03      	blt.n	10002e72 <stdout_serialize_begin+0x1a>
10002e6a:	4805      	ldr	r0, [pc, #20]	@ (10002e80 <stdout_serialize_begin+0x28>)
10002e6c:	f003 f944 	bl	100060f8 <__mutex_try_enter_block_until_veneer>
10002e70:	bd08      	pop	{r3, pc}
10002e72:	f04f 32ff 	mov.w	r2, #4294967295	@ 0xffffffff
10002e76:	f06f 4300 	mvn.w	r3, #2147483648	@ 0x80000000
10002e7a:	e7f6      	b.n	10002e6a <stdout_serialize_begin+0x12>
10002e7c:	000f4240 	.word	0x000f4240
10002e80:	20000eb4 	.word	0x20000eb4

10002e84 <stdout_serialize_end>:
10002e84:	b508      	push	{r3, lr}
10002e86:	4802      	ldr	r0, [pc, #8]	@ (10002e90 <stdout_serialize_end+0xc>)
10002e88:	f003 f92e 	bl	100060e8 <__mutex_exit_veneer>
10002e8c:	bd08      	pop	{r3, pc}
10002e8e:	bf00      	nop
10002e90:	20000eb4 	.word	0x20000eb4

10002e94 <stdio_put_string>:
10002e94:	e92d 43f0 	stmdb	sp!, {r4, r5, r6, r7, r8, r9, lr}
10002e98:	b083      	sub	sp, #12
10002e9a:	4606      	mov	r6, r0
10002e9c:	460d      	mov	r5, r1
10002e9e:	4690      	mov	r8, r2
10002ea0:	461c      	mov	r4, r3
10002ea2:	f7ff ffd9 	bl	10002e58 <stdout_serialize_begin>
10002ea6:	4681      	mov	r9, r0
10002ea8:	f1b5 3fff 	cmp.w	r5, #4294967295	@ 0xffffffff
10002eac:	d004      	beq.n	10002eb8 <stdio_put_string+0x24>
10002eae:	b144      	cbz	r4, 10002ec2 <stdio_put_string+0x2e>
10002eb0:	4f17      	ldr	r7, [pc, #92]	@ (10002f10 <stdio_put_string+0x7c>)
10002eb2:	4b18      	ldr	r3, [pc, #96]	@ (10002f14 <stdio_put_string+0x80>)
10002eb4:	681c      	ldr	r4, [r3, #0]
10002eb6:	e007      	b.n	10002ec8 <stdio_put_string+0x34>
10002eb8:	4630      	mov	r0, r6
10002eba:	f003 f8d1 	bl	10006060 <strlen>
10002ebe:	4605      	mov	r5, r0
10002ec0:	e7f5      	b.n	10002eae <stdio_put_string+0x1a>
10002ec2:	4f15      	ldr	r7, [pc, #84]	@ (10002f18 <stdio_put_string+0x84>)
10002ec4:	e7f5      	b.n	10002eb2 <stdio_put_string+0x1e>
10002ec6:	6924      	ldr	r4, [r4, #16]
10002ec8:	b1bc      	cbz	r4, 10002efa <stdio_put_string+0x66>
10002eca:	6823      	ldr	r3, [r4, #0]
10002ecc:	2b00      	cmp	r3, #0
10002ece:	d0fa      	beq.n	10002ec6 <stdio_put_string+0x32>
10002ed0:	4b12      	ldr	r3, [pc, #72]	@ (10002f1c <stdio_put_string+0x88>)
10002ed2:	681b      	ldr	r3, [r3, #0]
10002ed4:	b10b      	cbz	r3, 10002eda <stdio_put_string+0x46>
10002ed6:	42a3      	cmp	r3, r4
10002ed8:	d1f5      	bne.n	10002ec6 <stdio_put_string+0x32>
10002eda:	462a      	mov	r2, r5
10002edc:	4631      	mov	r1, r6
10002ede:	4620      	mov	r0, r4
10002ee0:	47b8      	blx	r7
10002ee2:	f1b8 0f00 	cmp.w	r8, #0
10002ee6:	d0ee      	beq.n	10002ec6 <stdio_put_string+0x32>
10002ee8:	230a      	movs	r3, #10
10002eea:	f88d 3007 	strb.w	r3, [sp, #7]
10002eee:	2201      	movs	r2, #1
10002ef0:	f10d 0107 	add.w	r1, sp, #7
10002ef4:	4620      	mov	r0, r4
10002ef6:	47b8      	blx	r7
10002ef8:	e7e5      	b.n	10002ec6 <stdio_put_string+0x32>
10002efa:	f1b9 0f00 	cmp.w	r9, #0
10002efe:	d103      	bne.n	10002f08 <stdio_put_string+0x74>
10002f00:	4628      	mov	r0, r5
10002f02:	b003      	add	sp, #12
10002f04:	e8bd 83f0 	ldmia.w	sp!, {r4, r5, r6, r7, r8, r9, pc}
10002f08:	f7ff ffbc 	bl	10002e84 <stdout_serialize_end>
10002f0c:	e7f8      	b.n	10002f00 <stdio_put_string+0x6c>
10002f0e:	bf00      	nop
10002f10:	10002d79 	.word	0x10002d79
10002f14:	20001660 	.word	0x20001660
10002f18:	10002d69 	.word	0x10002d69
10002f1c:	20001668 	.word	0x20001668

10002f20 <stdio_set_driver_enabled>:
10002f20:	4a09      	ldr	r2, [pc, #36]	@ (10002f48 <stdio_set_driver_enabled+0x28>)
10002f22:	6813      	ldr	r3, [r2, #0]
10002f24:	e002      	b.n	10002f2c <stdio_set_driver_enabled+0xc>
10002f26:	f103 0210 	add.w	r2, r3, #16
10002f2a:	691b      	ldr	r3, [r3, #16]
10002f2c:	b143      	cbz	r3, 10002f40 <stdio_set_driver_enabled+0x20>
10002f2e:	6813      	ldr	r3, [r2, #0]
10002f30:	4283      	cmp	r3, r0
10002f32:	d1f8      	bne.n	10002f26 <stdio_set_driver_enabled+0x6>
10002f34:	b931      	cbnz	r1, 10002f44 <stdio_set_driver_enabled+0x24>
10002f36:	6903      	ldr	r3, [r0, #16]
10002f38:	6013      	str	r3, [r2, #0]
10002f3a:	2300      	movs	r3, #0
10002f3c:	6103      	str	r3, [r0, #16]
10002f3e:	4770      	bx	lr
10002f40:	b101      	cbz	r1, 10002f44 <stdio_set_driver_enabled+0x24>
10002f42:	6010      	str	r0, [r2, #0]
10002f44:	4770      	bx	lr
10002f46:	bf00      	nop
10002f48:	20001660 	.word	0x20001660

10002f4c <stdio_flush>:
10002f4c:	b510      	push	{r4, lr}
10002f4e:	4b05      	ldr	r3, [pc, #20]	@ (10002f64 <stdio_flush+0x18>)
10002f50:	681c      	ldr	r4, [r3, #0]
10002f52:	e000      	b.n	10002f56 <stdio_flush+0xa>
10002f54:	6924      	ldr	r4, [r4, #16]
10002f56:	b124      	cbz	r4, 10002f62 <stdio_flush+0x16>
10002f58:	6863      	ldr	r3, [r4, #4]
10002f5a:	2b00      	cmp	r3, #0
10002f5c:	d0fa      	beq.n	10002f54 <stdio_flush+0x8>
10002f5e:	4798      	blx	r3
10002f60:	e7f8      	b.n	10002f54 <stdio_flush+0x8>
10002f62:	bd10      	pop	{r4, pc}
10002f64:	20001660 	.word	0x20001660

10002f68 <stdio_init_all>:
10002f68:	b508      	push	{r3, lr}
10002f6a:	f000 f9ad 	bl	100032c8 <stdio_usb_init>
10002f6e:	bd08      	pop	{r3, pc}

10002f70 <__wrap_puts>:
10002f70:	b538      	push	{r3, r4, r5, lr}
10002f72:	4605      	mov	r5, r0
10002f74:	f003 f874 	bl	10006060 <strlen>
10002f78:	4604      	mov	r4, r0
10002f7a:	2301      	movs	r3, #1
10002f7c:	461a      	mov	r2, r3
10002f7e:	4601      	mov	r1, r0
10002f80:	4628      	mov	r0, r5
10002f82:	f7ff ff87 	bl	10002e94 <stdio_put_string>
10002f86:	f7ff ffe1 	bl	10002f4c <stdio_flush>
10002f8a:	4620      	mov	r0, r4
10002f8c:	bd38      	pop	{r3, r4, r5, pc}
	...

10002f90 <__wrap_vprintf>:
10002f90:	b5f0      	push	{r4, r5, r6, r7, lr}
10002f92:	b0a3      	sub	sp, #140	@ 0x8c
10002f94:	4604      	mov	r4, r0
10002f96:	460e      	mov	r6, r1
10002f98:	f7ff ff5e 	bl	10002e58 <stdout_serialize_begin>
10002f9c:	4605      	mov	r5, r0
10002f9e:	2300      	movs	r3, #0
10002fa0:	9301      	str	r3, [sp, #4]
10002fa2:	af01      	add	r7, sp, #4
10002fa4:	4633      	mov	r3, r6
10002fa6:	4622      	mov	r2, r4
10002fa8:	4639      	mov	r1, r7
10002faa:	4808      	ldr	r0, [pc, #32]	@ (10002fcc <__wrap_vprintf+0x3c>)
10002fac:	f7ff fe94 	bl	10002cd8 <vfctprintf>
10002fb0:	4604      	mov	r4, r0
10002fb2:	4638      	mov	r0, r7
10002fb4:	f7ff ff20 	bl	10002df8 <stdio_stack_buffer_flush>
10002fb8:	f7ff ffc8 	bl	10002f4c <stdio_flush>
10002fbc:	b915      	cbnz	r5, 10002fc4 <__wrap_vprintf+0x34>
10002fbe:	4620      	mov	r0, r4
10002fc0:	b023      	add	sp, #140	@ 0x8c
10002fc2:	bdf0      	pop	{r4, r5, r6, r7, pc}
10002fc4:	f7ff ff5e 	bl	10002e84 <stdout_serialize_end>
10002fc8:	e7f9      	b.n	10002fbe <__wrap_vprintf+0x2e>
10002fca:	bf00      	nop
10002fcc:	10002e39 	.word	0x10002e39

10002fd0 <__wrap_printf>:
10002fd0:	b40f      	push	{r0, r1, r2, r3}
10002fd2:	b500      	push	{lr}
10002fd4:	b083      	sub	sp, #12
10002fd6:	a904      	add	r1, sp, #16
10002fd8:	f851 0b04 	ldr.w	r0, [r1], #4
10002fdc:	9101      	str	r1, [sp, #4]
10002fde:	f7ff ffd7 	bl	10002f90 <__wrap_vprintf>
10002fe2:	b003      	add	sp, #12
10002fe4:	f85d eb04 	ldr.w	lr, [sp], #4
10002fe8:	b004      	add	sp, #16
10002fea:	4770      	bx	lr

10002fec <resetd_init>:
10002fec:	4770      	bx	lr
	...

10002ff0 <resetd_reset>:
10002ff0:	4b01      	ldr	r3, [pc, #4]	@ (10002ff8 <resetd_reset+0x8>)
10002ff2:	2200      	movs	r2, #0
10002ff4:	701a      	strb	r2, [r3, #0]
10002ff6:	4770      	bx	lr
10002ff8:	20001add 	.word	0x20001add

10002ffc <resetd_open>:
10002ffc:	794b      	ldrb	r3, [r1, #5]
10002ffe:	2bff      	cmp	r3, #255	@ 0xff
10003000:	d10b      	bne.n	1000301a <resetd_open+0x1e>
10003002:	798b      	ldrb	r3, [r1, #6]
10003004:	b95b      	cbnz	r3, 1000301e <resetd_open+0x22>
10003006:	79cb      	ldrb	r3, [r1, #7]
10003008:	2b01      	cmp	r3, #1
1000300a:	d10a      	bne.n	10003022 <resetd_open+0x26>
1000300c:	2a08      	cmp	r2, #8
1000300e:	d90a      	bls.n	10003026 <resetd_open+0x2a>
10003010:	788a      	ldrb	r2, [r1, #2]
10003012:	4b06      	ldr	r3, [pc, #24]	@ (1000302c <resetd_open+0x30>)
10003014:	701a      	strb	r2, [r3, #0]
10003016:	2009      	movs	r0, #9
10003018:	4770      	bx	lr
1000301a:	2000      	movs	r0, #0
1000301c:	4770      	bx	lr
1000301e:	2000      	movs	r0, #0
10003020:	4770      	bx	lr
10003022:	2000      	movs	r0, #0
10003024:	4770      	bx	lr
10003026:	2000      	movs	r0, #0
10003028:	4770      	bx	lr
1000302a:	bf00      	nop
1000302c:	20001add 	.word	0x20001add

10003030 <resetd_xfer_cb>:
10003030:	2001      	movs	r0, #1
10003032:	4770      	bx	lr

10003034 <resetd_control_xfer_cb>:
10003034:	2901      	cmp	r1, #1
10003036:	d123      	bne.n	10003080 <resetd_control_xfer_cb+0x4c>
10003038:	b508      	push	{r3, lr}
1000303a:	8891      	ldrh	r1, [r2, #4]
1000303c:	4b11      	ldr	r3, [pc, #68]	@ (10003084 <resetd_control_xfer_cb+0x50>)
1000303e:	781b      	ldrb	r3, [r3, #0]
10003040:	4299      	cmp	r1, r3
10003042:	d001      	beq.n	10003048 <resetd_control_xfer_cb+0x14>
10003044:	2000      	movs	r0, #0
10003046:	bd08      	pop	{r3, pc}
10003048:	7853      	ldrb	r3, [r2, #1]
1000304a:	2b01      	cmp	r3, #1
1000304c:	d003      	beq.n	10003056 <resetd_control_xfer_cb+0x22>
1000304e:	2b02      	cmp	r3, #2
10003050:	d00f      	beq.n	10003072 <resetd_control_xfer_cb+0x3e>
10003052:	2000      	movs	r0, #0
10003054:	e7f7      	b.n	10003046 <resetd_control_xfer_cb+0x12>
10003056:	8851      	ldrh	r1, [r2, #2]
10003058:	f411 7f80 	tst.w	r1, #256	@ 0x100
1000305c:	d006      	beq.n	1000306c <resetd_control_xfer_cb+0x38>
1000305e:	0a48      	lsrs	r0, r1, #9
10003060:	f3c1 2240 	ubfx	r2, r1, #9, #1
10003064:	f001 017f 	and.w	r1, r1, #127	@ 0x7f
10003068:	f7fe fa9d 	bl	100015a6 <rom_reset_usb_boot_extra>
1000306c:	f04f 30ff 	mov.w	r0, #4294967295	@ 0xffffffff
10003070:	e7f6      	b.n	10003060 <resetd_control_xfer_cb+0x2c>
10003072:	2264      	movs	r2, #100	@ 0x64
10003074:	2100      	movs	r1, #0
10003076:	4608      	mov	r0, r1
10003078:	f7fe fa36 	bl	100014e8 <watchdog_reboot>
1000307c:	2001      	movs	r0, #1
1000307e:	e7e2      	b.n	10003046 <resetd_control_xfer_cb+0x12>
10003080:	2001      	movs	r0, #1
10003082:	4770      	bx	lr
10003084:	20001add 	.word	0x20001add

10003088 <tud_descriptor_bos_cb>:
10003088:	4800      	ldr	r0, [pc, #0]	@ (1000308c <tud_descriptor_bos_cb+0x4>)
1000308a:	4770      	bx	lr
1000308c:	10006c7c 	.word	0x10006c7c

10003090 <tud_vendor_control_xfer_cb>:
10003090:	2901      	cmp	r1, #1
10003092:	d10f      	bne.n	100030b4 <tud_vendor_control_xfer_cb+0x24>
10003094:	b508      	push	{r3, lr}
10003096:	4694      	mov	ip, r2
10003098:	7853      	ldrb	r3, [r2, #1]
1000309a:	2b01      	cmp	r3, #1
1000309c:	d10c      	bne.n	100030b8 <tud_vendor_control_xfer_cb+0x28>
1000309e:	8893      	ldrh	r3, [r2, #4]
100030a0:	2b07      	cmp	r3, #7
100030a2:	d001      	beq.n	100030a8 <tud_vendor_control_xfer_cb+0x18>
100030a4:	2000      	movs	r0, #0
100030a6:	e008      	b.n	100030ba <tud_vendor_control_xfer_cb+0x2a>
100030a8:	23a6      	movs	r3, #166	@ 0xa6
100030aa:	4a04      	ldr	r2, [pc, #16]	@ (100030bc <tud_vendor_control_xfer_cb+0x2c>)
100030ac:	4661      	mov	r1, ip
100030ae:	f001 fbef 	bl	10004890 <tud_control_xfer>
100030b2:	e002      	b.n	100030ba <tud_vendor_control_xfer_cb+0x2a>
100030b4:	2001      	movs	r0, #1
100030b6:	4770      	bx	lr
100030b8:	2000      	movs	r0, #0
100030ba:	bd08      	pop	{r3, pc}
100030bc:	10006bd4 	.word	0x10006bd4

100030c0 <usbd_app_driver_get_cb>:
100030c0:	2301      	movs	r3, #1
100030c2:	7003      	strb	r3, [r0, #0]
100030c4:	4800      	ldr	r0, [pc, #0]	@ (100030c8 <usbd_app_driver_get_cb+0x8>)
100030c6:	4770      	bx	lr
100030c8:	10006bb4 	.word	0x10006bb4

100030cc <tud_cdc_line_coding_cb>:
100030cc:	b508      	push	{r3, lr}
100030ce:	680b      	ldr	r3, [r1, #0]
100030d0:	f5b3 6f96 	cmp.w	r3, #1200	@ 0x4b0
100030d4:	d000      	beq.n	100030d8 <tud_cdc_line_coding_cb+0xc>
100030d6:	bd08      	pop	{r3, pc}
100030d8:	2200      	movs	r2, #0
100030da:	4611      	mov	r1, r2
100030dc:	f04f 30ff 	mov.w	r0, #4294967295	@ 0xffffffff
100030e0:	f7fe fa61 	bl	100015a6 <rom_reset_usb_boot_extra>

100030e4 <stdio_usb_set_chars_available_callback>:
100030e4:	4b02      	ldr	r3, [pc, #8]	@ (100030f0 <stdio_usb_set_chars_available_callback+0xc>)
100030e6:	6018      	str	r0, [r3, #0]
100030e8:	4b02      	ldr	r3, [pc, #8]	@ (100030f4 <stdio_usb_set_chars_available_callback+0x10>)
100030ea:	6019      	str	r1, [r3, #0]
100030ec:	4770      	bx	lr
100030ee:	bf00      	nop
100030f0:	20001600 	.word	0x20001600
100030f4:	20001604 	.word	0x20001604

100030f8 <stdio_usb_out_flush>:
100030f8:	b508      	push	{r3, lr}
100030fa:	f7fe f8b3 	bl	10001264 <time_us_64>
100030fe:	4a0e      	ldr	r2, [pc, #56]	@ (10003138 <stdio_usb_out_flush+0x40>)
10003100:	1882      	adds	r2, r0, r2
10003102:	f141 0300 	adc.w	r3, r1, #0
10003106:	2b00      	cmp	r3, #0
10003108:	db11      	blt.n	1000312e <stdio_usb_out_flush+0x36>
1000310a:	480c      	ldr	r0, [pc, #48]	@ (1000313c <stdio_usb_out_flush+0x44>)
1000310c:	f002 fff4 	bl	100060f8 <__mutex_try_enter_block_until_veneer>
10003110:	b160      	cbz	r0, 1000312c <stdio_usb_out_flush+0x34>
10003112:	2100      	movs	r1, #0
10003114:	f04f 30ff 	mov.w	r0, #4294967295	@ 0xffffffff
10003118:	f001 fa42 	bl	100045a0 <tud_task_ext>
1000311c:	2000      	movs	r0, #0
1000311e:	f001 fd3b 	bl	10004b98 <tud_cdc_n_write_flush>
10003122:	2800      	cmp	r0, #0
10003124:	d1f5      	bne.n	10003112 <stdio_usb_out_flush+0x1a>
10003126:	4805      	ldr	r0, [pc, #20]	@ (1000313c <stdio_usb_out_flush+0x44>)
10003128:	f002 ffde 	bl	100060e8 <__mutex_exit_veneer>
1000312c:	bd08      	pop	{r3, pc}
1000312e:	f04f 32ff 	mov.w	r2, #4294967295	@ 0xffffffff
10003132:	f06f 4300 	mvn.w	r3, #2147483648	@ 0x80000000
10003136:	e7e8      	b.n	1000310a <stdio_usb_out_flush+0x12>
10003138:	000f4240 	.word	0x000f4240
1000313c:	20001ac0 	.word	0x20001ac0

10003140 <timer_task>:
10003140:	b538      	push	{r3, r4, r5, lr}
10003142:	4b18      	ldr	r3, [pc, #96]	@ (100031a4 <timer_task+0x64>)
10003144:	681b      	ldr	r3, [r3, #0]
10003146:	b31b      	cbz	r3, 10003190 <timer_task+0x50>
10003148:	f3ef 8210 	mrs	r2, PRIMASK
1000314c:	b672      	cpsid	i
1000314e:	e8d3 0fcf 	ldaexb	r0, [r3]
10003152:	2101      	movs	r1, #1
10003154:	2800      	cmp	r0, #0
10003156:	d1fa      	bne.n	1000314e <timer_task+0xe>
10003158:	e8c3 1f40 	strexb	r0, r1, [r3]
1000315c:	2800      	cmp	r0, #0
1000315e:	d1f6      	bne.n	1000314e <timer_task+0xe>
10003160:	f3bf 8f5f 	dmb	sy
10003164:	490f      	ldr	r1, [pc, #60]	@ (100031a4 <timer_task+0x64>)
10003166:	604a      	str	r2, [r1, #4]
10003168:	2300      	movs	r3, #0
1000316a:	480f      	ldr	r0, [pc, #60]	@ (100031a8 <timer_task+0x68>)
1000316c:	7003      	strb	r3, [r0, #0]
1000316e:	6809      	ldr	r1, [r1, #0]
10003170:	e8c1 3f8f 	stlb	r3, [r1]
10003174:	f382 8810 	msr	PRIMASK, r2
10003178:	2400      	movs	r4, #0
1000317a:	2500      	movs	r5, #0
1000317c:	4b0b      	ldr	r3, [pc, #44]	@ (100031ac <timer_task+0x6c>)
1000317e:	7818      	ldrb	r0, [r3, #0]
10003180:	f7fd f9ae 	bl	100004e0 <irq_is_enabled>
10003184:	b940      	cbnz	r0, 10003198 <timer_task+0x58>
10003186:	2400      	movs	r4, #0
10003188:	2500      	movs	r5, #0
1000318a:	4620      	mov	r0, r4
1000318c:	4629      	mov	r1, r5
1000318e:	bd38      	pop	{r3, r4, r5, pc}
10003190:	f44f 747a 	mov.w	r4, #1000	@ 0x3e8
10003194:	2500      	movs	r5, #0
10003196:	e7f1      	b.n	1000317c <timer_task+0x3c>
10003198:	4b04      	ldr	r3, [pc, #16]	@ (100031ac <timer_task+0x6c>)
1000319a:	7818      	ldrb	r0, [r3, #0]
1000319c:	f7fd f9ca 	bl	10000534 <irq_set_pending>
100031a0:	e7f3      	b.n	1000318a <timer_task+0x4a>
100031a2:	bf00      	nop
100031a4:	20001a8c 	.word	0x20001a8c
100031a8:	20001adf 	.word	0x20001adf
100031ac:	20001ade 	.word	0x20001ade

100031b0 <usb_irq>:
100031b0:	b508      	push	{r3, lr}
100031b2:	4b02      	ldr	r3, [pc, #8]	@ (100031bc <usb_irq+0xc>)
100031b4:	7818      	ldrb	r0, [r3, #0]
100031b6:	f7fd f9bd 	bl	10000534 <irq_set_pending>
100031ba:	bd08      	pop	{r3, pc}
100031bc:	20001ade 	.word	0x20001ade

100031c0 <alarm_pool_add_alarm_in_us>:
100031c0:	b570      	push	{r4, r5, r6, lr}
100031c2:	b084      	sub	sp, #16
100031c4:	4606      	mov	r6, r0
100031c6:	4614      	mov	r4, r2
100031c8:	461d      	mov	r5, r3
100031ca:	f7fe f84b 	bl	10001264 <time_us_64>
100031ce:	1822      	adds	r2, r4, r0
100031d0:	eb45 0301 	adc.w	r3, r5, r1
100031d4:	2b00      	cmp	r3, #0
100031d6:	db0b      	blt.n	100031f0 <alarm_pool_add_alarm_in_us+0x30>
100031d8:	f89d 1028 	ldrb.w	r1, [sp, #40]	@ 0x28
100031dc:	9102      	str	r1, [sp, #8]
100031de:	9909      	ldr	r1, [sp, #36]	@ 0x24
100031e0:	9101      	str	r1, [sp, #4]
100031e2:	9908      	ldr	r1, [sp, #32]
100031e4:	9100      	str	r1, [sp, #0]
100031e6:	4630      	mov	r0, r6
100031e8:	f7fd fe86 	bl	10000ef8 <alarm_pool_add_alarm_at>
100031ec:	b004      	add	sp, #16
100031ee:	bd70      	pop	{r4, r5, r6, pc}
100031f0:	f04f 32ff 	mov.w	r2, #4294967295	@ 0xffffffff
100031f4:	f06f 4300 	mvn.w	r3, #2147483648	@ 0x80000000
100031f8:	e7ee      	b.n	100031d8 <alarm_pool_add_alarm_in_us+0x18>

100031fa <add_alarm_in_us>:
100031fa:	b5f0      	push	{r4, r5, r6, r7, lr}
100031fc:	b085      	sub	sp, #20
100031fe:	4605      	mov	r5, r0
10003200:	460c      	mov	r4, r1
10003202:	4616      	mov	r6, r2
10003204:	461f      	mov	r7, r3
10003206:	f7fd fe03 	bl	10000e10 <alarm_pool_get_default>
1000320a:	f89d 3028 	ldrb.w	r3, [sp, #40]	@ 0x28
1000320e:	9302      	str	r3, [sp, #8]
10003210:	9701      	str	r7, [sp, #4]
10003212:	9600      	str	r6, [sp, #0]
10003214:	462a      	mov	r2, r5
10003216:	4623      	mov	r3, r4
10003218:	f7ff ffd2 	bl	100031c0 <alarm_pool_add_alarm_in_us>
1000321c:	b005      	add	sp, #20
1000321e:	bdf0      	pop	{r4, r5, r6, r7, pc}

10003220 <low_priority_worker_irq>:
10003220:	b510      	push	{r4, lr}
10003222:	b082      	sub	sp, #8
10003224:	2100      	movs	r1, #0
10003226:	4822      	ldr	r0, [pc, #136]	@ (100032b0 <low_priority_worker_irq+0x90>)
10003228:	f002 ff72 	bl	10006110 <__mutex_try_enter_veneer>
1000322c:	bb00      	cbnz	r0, 10003270 <low_priority_worker_irq+0x50>
1000322e:	4b21      	ldr	r3, [pc, #132]	@ (100032b4 <low_priority_worker_irq+0x94>)
10003230:	681b      	ldr	r3, [r3, #0]
10003232:	b1db      	cbz	r3, 1000326c <low_priority_worker_irq+0x4c>
10003234:	f3ef 8210 	mrs	r2, PRIMASK
10003238:	b672      	cpsid	i
1000323a:	e8d3 0fcf 	ldaexb	r0, [r3]
1000323e:	2101      	movs	r1, #1
10003240:	2800      	cmp	r0, #0
10003242:	d1fa      	bne.n	1000323a <low_priority_worker_irq+0x1a>
10003244:	e8c3 1f40 	strexb	r0, r1, [r3]
10003248:	2800      	cmp	r0, #0
1000324a:	d1f6      	bne.n	1000323a <low_priority_worker_irq+0x1a>
1000324c:	f3bf 8f5f 	dmb	sy
10003250:	4918      	ldr	r1, [pc, #96]	@ (100032b4 <low_priority_worker_irq+0x94>)
10003252:	604a      	str	r2, [r1, #4]
10003254:	4818      	ldr	r0, [pc, #96]	@ (100032b8 <low_priority_worker_irq+0x98>)
10003256:	7803      	ldrb	r3, [r0, #0]
10003258:	b2db      	uxtb	r3, r3
1000325a:	2401      	movs	r4, #1
1000325c:	7004      	strb	r4, [r0, #0]
1000325e:	6808      	ldr	r0, [r1, #0]
10003260:	2100      	movs	r1, #0
10003262:	e8c0 1f8f 	stlb	r1, [r0]
10003266:	f382 8810 	msr	PRIMASK, r2
1000326a:	b1bb      	cbz	r3, 1000329c <low_priority_worker_irq+0x7c>
1000326c:	b002      	add	sp, #8
1000326e:	bd10      	pop	{r4, pc}
10003270:	2100      	movs	r1, #0
10003272:	f04f 30ff 	mov.w	r0, #4294967295	@ 0xffffffff
10003276:	f001 f993 	bl	100045a0 <tud_task_ext>
1000327a:	2000      	movs	r0, #0
1000327c:	f001 fc66 	bl	10004b4c <tud_cdc_n_available>
10003280:	4604      	mov	r4, r0
10003282:	480b      	ldr	r0, [pc, #44]	@ (100032b0 <low_priority_worker_irq+0x90>)
10003284:	f002 ff30 	bl	100060e8 <__mutex_exit_veneer>
10003288:	2c00      	cmp	r4, #0
1000328a:	d0ef      	beq.n	1000326c <low_priority_worker_irq+0x4c>
1000328c:	4b0b      	ldr	r3, [pc, #44]	@ (100032bc <low_priority_worker_irq+0x9c>)
1000328e:	681b      	ldr	r3, [r3, #0]
10003290:	2b00      	cmp	r3, #0
10003292:	d0eb      	beq.n	1000326c <low_priority_worker_irq+0x4c>
10003294:	4a0a      	ldr	r2, [pc, #40]	@ (100032c0 <low_priority_worker_irq+0xa0>)
10003296:	6810      	ldr	r0, [r2, #0]
10003298:	4798      	blx	r3
1000329a:	e7e7      	b.n	1000326c <low_priority_worker_irq+0x4c>
1000329c:	9400      	str	r4, [sp, #0]
1000329e:	460b      	mov	r3, r1
100032a0:	4a08      	ldr	r2, [pc, #32]	@ (100032c4 <low_priority_worker_irq+0xa4>)
100032a2:	f44f 707a 	mov.w	r0, #1000	@ 0x3e8
100032a6:	2100      	movs	r1, #0
100032a8:	f7ff ffa7 	bl	100031fa <add_alarm_in_us>
100032ac:	e7de      	b.n	1000326c <low_priority_worker_irq+0x4c>
100032ae:	bf00      	nop
100032b0:	20001ac0 	.word	0x20001ac0
100032b4:	20001a8c 	.word	0x20001a8c
100032b8:	20001adf 	.word	0x20001adf
100032bc:	20001600 	.word	0x20001600
100032c0:	20001604 	.word	0x20001604
100032c4:	10003141 	.word	0x10003141

100032c8 <stdio_usb_init>:
100032c8:	b510      	push	{r4, lr}
100032ca:	b082      	sub	sp, #8
100032cc:	f04f 4350 	mov.w	r3, #3489660928	@ 0xd0000000
100032d0:	681c      	ldr	r4, [r3, #0]
100032d2:	f7fd fd9d 	bl	10000e10 <alarm_pool_get_default>
100032d6:	f7fd fe7f 	bl	10000fd8 <alarm_pool_core_num>
100032da:	42a0      	cmp	r0, r4
100032dc:	d12d      	bne.n	1000333a <stdio_usb_init+0x72>
100032de:	4b24      	ldr	r3, [pc, #144]	@ (10003370 <stdio_usb_init+0xa8>)
100032e0:	781b      	ldrb	r3, [r3, #0]
100032e2:	2100      	movs	r1, #0
100032e4:	4608      	mov	r0, r1
100032e6:	f002 f8f9 	bl	100054dc <tusb_rhport_init>
100032ea:	4b22      	ldr	r3, [pc, #136]	@ (10003374 <stdio_usb_init+0xac>)
100032ec:	681b      	ldr	r3, [r3, #0]
100032ee:	b353      	cbz	r3, 10003346 <stdio_usb_init+0x7e>
100032f0:	2001      	movs	r0, #1
100032f2:	f7fd fb05 	bl	10000900 <user_irq_claim_unused>
100032f6:	b2c0      	uxtb	r0, r0
100032f8:	4c1f      	ldr	r4, [pc, #124]	@ (10003378 <stdio_usb_init+0xb0>)
100032fa:	7020      	strb	r0, [r4, #0]
100032fc:	491f      	ldr	r1, [pc, #124]	@ (1000337c <stdio_usb_init+0xb4>)
100032fe:	f7fd f939 	bl	10000574 <irq_set_exclusive_handler>
10003302:	2101      	movs	r1, #1
10003304:	7820      	ldrb	r0, [r4, #0]
10003306:	f7fd f90b 	bl	10000520 <irq_set_enabled>
1000330a:	200e      	movs	r0, #14
1000330c:	f7fd f926 	bl	1000055c <irq_has_shared_handler>
10003310:	4604      	mov	r4, r0
10003312:	b1e0      	cbz	r0, 1000334e <stdio_usb_init+0x86>
10003314:	2001      	movs	r0, #1
10003316:	f7fd f859 	bl	100003cc <spin_lock_claim_unused>
1000331a:	4601      	mov	r1, r0
1000331c:	4818      	ldr	r0, [pc, #96]	@ (10003380 <stdio_usb_init+0xb8>)
1000331e:	f7fd fb4d 	bl	100009bc <critical_section_init_with_lock_num>
10003322:	2200      	movs	r2, #0
10003324:	4917      	ldr	r1, [pc, #92]	@ (10003384 <stdio_usb_init+0xbc>)
10003326:	200e      	movs	r0, #14
10003328:	f7fd f954 	bl	100005d4 <irq_add_shared_handler>
1000332c:	2101      	movs	r1, #1
1000332e:	4816      	ldr	r0, [pc, #88]	@ (10003388 <stdio_usb_init+0xc0>)
10003330:	f7ff fdf6 	bl	10002f20 <stdio_set_driver_enabled>
10003334:	4620      	mov	r0, r4
10003336:	b002      	add	sp, #8
10003338:	bd10      	pop	{r4, pc}
1000333a:	4b14      	ldr	r3, [pc, #80]	@ (1000338c <stdio_usb_init+0xc4>)
1000333c:	4a14      	ldr	r2, [pc, #80]	@ (10003390 <stdio_usb_init+0xc8>)
1000333e:	21c6      	movs	r1, #198	@ 0xc6
10003340:	4814      	ldr	r0, [pc, #80]	@ (10003394 <stdio_usb_init+0xcc>)
10003342:	f7ff fce1 	bl	10002d08 <__assert_func>
10003346:	480b      	ldr	r0, [pc, #44]	@ (10003374 <stdio_usb_init+0xac>)
10003348:	f7fd faf6 	bl	10000938 <mutex_init>
1000334c:	e7d0      	b.n	100032f0 <stdio_usb_init+0x28>
1000334e:	4a0c      	ldr	r2, [pc, #48]	@ (10003380 <stdio_usb_init+0xb8>)
10003350:	2300      	movs	r3, #0
10003352:	6013      	str	r3, [r2, #0]
10003354:	6053      	str	r3, [r2, #4]
10003356:	2201      	movs	r2, #1
10003358:	9200      	str	r2, [sp, #0]
1000335a:	4a0f      	ldr	r2, [pc, #60]	@ (10003398 <stdio_usb_init+0xd0>)
1000335c:	f44f 707a 	mov.w	r0, #1000	@ 0x3e8
10003360:	2100      	movs	r1, #0
10003362:	f7ff ff4a 	bl	100031fa <add_alarm_in_us>
10003366:	43c4      	mvns	r4, r0
10003368:	0fe4      	lsrs	r4, r4, #31
1000336a:	2c00      	cmp	r4, #0
1000336c:	d0e2      	beq.n	10003334 <stdio_usb_init+0x6c>
1000336e:	e7dd      	b.n	1000332c <stdio_usb_init+0x64>
10003370:	10006fec 	.word	0x10006fec
10003374:	20001ac0 	.word	0x20001ac0
10003378:	20001ade 	.word	0x20001ade
1000337c:	10003221 	.word	0x10003221
10003380:	20001a8c 	.word	0x20001a8c
10003384:	100031b1 	.word	0x100031b1
10003388:	20000e7c 	.word	0x20000e7c
1000338c:	10006718 	.word	0x10006718
10003390:	10006cac 	.word	0x10006cac
10003394:	10006720 	.word	0x10006720
10003398:	10003141 	.word	0x10003141

1000339c <stdio_usb_connected>:
1000339c:	b508      	push	{r3, lr}
1000339e:	2000      	movs	r0, #0
100033a0:	f001 fbba 	bl	10004b18 <tud_cdc_n_connected>
100033a4:	bd08      	pop	{r3, pc}
	...

100033a8 <stdio_usb_in_chars>:
100033a8:	b538      	push	{r3, r4, r5, lr}
100033aa:	4604      	mov	r4, r0
100033ac:	460d      	mov	r5, r1
100033ae:	f7ff fff5 	bl	1000339c <stdio_usb_connected>
100033b2:	b390      	cbz	r0, 1000341a <stdio_usb_in_chars+0x72>
100033b4:	2000      	movs	r0, #0
100033b6:	f001 fbc9 	bl	10004b4c <tud_cdc_n_available>
100033ba:	b388      	cbz	r0, 10003420 <stdio_usb_in_chars+0x78>
100033bc:	f7fd ff52 	bl	10001264 <time_us_64>
100033c0:	4a1a      	ldr	r2, [pc, #104]	@ (1000342c <stdio_usb_in_chars+0x84>)
100033c2:	1882      	adds	r2, r0, r2
100033c4:	f141 0300 	adc.w	r3, r1, #0
100033c8:	2b00      	cmp	r3, #0
100033ca:	db16      	blt.n	100033fa <stdio_usb_in_chars+0x52>
100033cc:	4818      	ldr	r0, [pc, #96]	@ (10003430 <stdio_usb_in_chars+0x88>)
100033ce:	f002 fe93 	bl	100060f8 <__mutex_try_enter_block_until_veneer>
100033d2:	b340      	cbz	r0, 10003426 <stdio_usb_in_chars+0x7e>
100033d4:	f7ff ffe2 	bl	1000339c <stdio_usb_connected>
100033d8:	b118      	cbz	r0, 100033e2 <stdio_usb_in_chars+0x3a>
100033da:	2000      	movs	r0, #0
100033dc:	f001 fbb6 	bl	10004b4c <tud_cdc_n_available>
100033e0:	b980      	cbnz	r0, 10003404 <stdio_usb_in_chars+0x5c>
100033e2:	2100      	movs	r1, #0
100033e4:	f04f 30ff 	mov.w	r0, #4294967295	@ 0xffffffff
100033e8:	f001 f8da 	bl	100045a0 <tud_task_ext>
100033ec:	f06f 0402 	mvn.w	r4, #2
100033f0:	480f      	ldr	r0, [pc, #60]	@ (10003430 <stdio_usb_in_chars+0x88>)
100033f2:	f002 fe79 	bl	100060e8 <__mutex_exit_veneer>
100033f6:	4620      	mov	r0, r4
100033f8:	bd38      	pop	{r3, r4, r5, pc}
100033fa:	f04f 32ff 	mov.w	r2, #4294967295	@ 0xffffffff
100033fe:	f06f 4300 	mvn.w	r3, #2147483648	@ 0x80000000
10003402:	e7e3      	b.n	100033cc <stdio_usb_in_chars+0x24>
10003404:	462a      	mov	r2, r5
10003406:	4621      	mov	r1, r4
10003408:	2000      	movs	r0, #0
1000340a:	f001 fbab 	bl	10004b64 <tud_cdc_n_read>
1000340e:	4604      	mov	r4, r0
10003410:	2800      	cmp	r0, #0
10003412:	d1ed      	bne.n	100033f0 <stdio_usb_in_chars+0x48>
10003414:	f06f 0402 	mvn.w	r4, #2
10003418:	e7ea      	b.n	100033f0 <stdio_usb_in_chars+0x48>
1000341a:	f06f 0402 	mvn.w	r4, #2
1000341e:	e7ea      	b.n	100033f6 <stdio_usb_in_chars+0x4e>
10003420:	f06f 0402 	mvn.w	r4, #2
10003424:	e7e7      	b.n	100033f6 <stdio_usb_in_chars+0x4e>
10003426:	f06f 0402 	mvn.w	r4, #2
1000342a:	e7e4      	b.n	100033f6 <stdio_usb_in_chars+0x4e>
1000342c:	000f4240 	.word	0x000f4240
10003430:	20001ac0 	.word	0x20001ac0

10003434 <stdio_usb_out_chars>:
10003434:	b5f8      	push	{r3, r4, r5, r6, r7, lr}
10003436:	4607      	mov	r7, r0
10003438:	460d      	mov	r5, r1
1000343a:	f7fd ff13 	bl	10001264 <time_us_64>
1000343e:	4a2e      	ldr	r2, [pc, #184]	@ (100034f8 <stdio_usb_out_chars+0xc4>)
10003440:	1882      	adds	r2, r0, r2
10003442:	f141 0300 	adc.w	r3, r1, #0
10003446:	2b00      	cmp	r3, #0
10003448:	db04      	blt.n	10003454 <stdio_usb_out_chars+0x20>
1000344a:	482c      	ldr	r0, [pc, #176]	@ (100034fc <stdio_usb_out_chars+0xc8>)
1000344c:	f002 fe54 	bl	100060f8 <__mutex_try_enter_block_until_veneer>
10003450:	b928      	cbnz	r0, 1000345e <stdio_usb_out_chars+0x2a>
10003452:	bdf8      	pop	{r3, r4, r5, r6, r7, pc}
10003454:	f04f 32ff 	mov.w	r2, #4294967295	@ 0xffffffff
10003458:	f06f 4300 	mvn.w	r3, #2147483648	@ 0x80000000
1000345c:	e7f5      	b.n	1000344a <stdio_usb_out_chars+0x16>
1000345e:	f7ff ff9d 	bl	1000339c <stdio_usb_connected>
10003462:	2800      	cmp	r0, #0
10003464:	d145      	bne.n	100034f2 <stdio_usb_out_chars+0xbe>
10003466:	4b26      	ldr	r3, [pc, #152]	@ (10003500 <stdio_usb_out_chars+0xcc>)
10003468:	2000      	movs	r0, #0
1000346a:	2100      	movs	r1, #0
1000346c:	e9c3 0100 	strd	r0, r1, [r3]
10003470:	4822      	ldr	r0, [pc, #136]	@ (100034fc <stdio_usb_out_chars+0xc8>)
10003472:	f002 fe39 	bl	100060e8 <__mutex_exit_veneer>
10003476:	e7ec      	b.n	10003452 <stdio_usb_out_chars+0x1e>
10003478:	2100      	movs	r1, #0
1000347a:	f04f 30ff 	mov.w	r0, #4294967295	@ 0xffffffff
1000347e:	f001 f88f 	bl	100045a0 <tud_task_ext>
10003482:	2000      	movs	r0, #0
10003484:	f001 fb88 	bl	10004b98 <tud_cdc_n_write_flush>
10003488:	f7ff ff88 	bl	1000339c <stdio_usb_connected>
1000348c:	2800      	cmp	r0, #0
1000348e:	d0ef      	beq.n	10003470 <stdio_usb_out_chars+0x3c>
10003490:	2000      	movs	r0, #0
10003492:	f001 fbff 	bl	10004c94 <tud_cdc_n_write_available>
10003496:	b1f8      	cbz	r0, 100034d8 <stdio_usb_out_chars+0xa4>
10003498:	42ac      	cmp	r4, r5
1000349a:	dae9      	bge.n	10003470 <stdio_usb_out_chars+0x3c>
1000349c:	1b2e      	subs	r6, r5, r4
1000349e:	2000      	movs	r0, #0
100034a0:	f001 fbf8 	bl	10004c94 <tud_cdc_n_write_available>
100034a4:	4286      	cmp	r6, r0
100034a6:	dc00      	bgt.n	100034aa <stdio_usb_out_chars+0x76>
100034a8:	4630      	mov	r0, r6
100034aa:	2800      	cmp	r0, #0
100034ac:	d0e4      	beq.n	10003478 <stdio_usb_out_chars+0x44>
100034ae:	4602      	mov	r2, r0
100034b0:	1939      	adds	r1, r7, r4
100034b2:	2000      	movs	r0, #0
100034b4:	f001 fbcc 	bl	10004c50 <tud_cdc_n_write>
100034b8:	4606      	mov	r6, r0
100034ba:	2100      	movs	r1, #0
100034bc:	f04f 30ff 	mov.w	r0, #4294967295	@ 0xffffffff
100034c0:	f001 f86e 	bl	100045a0 <tud_task_ext>
100034c4:	2000      	movs	r0, #0
100034c6:	f001 fb67 	bl	10004b98 <tud_cdc_n_write_flush>
100034ca:	4434      	add	r4, r6
100034cc:	f7fd feca 	bl	10001264 <time_us_64>
100034d0:	4b0b      	ldr	r3, [pc, #44]	@ (10003500 <stdio_usb_out_chars+0xcc>)
100034d2:	e9c3 0100 	strd	r0, r1, [r3]
100034d6:	e7df      	b.n	10003498 <stdio_usb_out_chars+0x64>
100034d8:	f7fd fec4 	bl	10001264 <time_us_64>
100034dc:	4a08      	ldr	r2, [pc, #32]	@ (10003500 <stdio_usb_out_chars+0xcc>)
100034de:	6813      	ldr	r3, [r2, #0]
100034e0:	6852      	ldr	r2, [r2, #4]
100034e2:	4e08      	ldr	r6, [pc, #32]	@ (10003504 <stdio_usb_out_chars+0xd0>)
100034e4:	199b      	adds	r3, r3, r6
100034e6:	f142 0200 	adc.w	r2, r2, #0
100034ea:	4283      	cmp	r3, r0
100034ec:	418a      	sbcs	r2, r1
100034ee:	d2d3      	bcs.n	10003498 <stdio_usb_out_chars+0x64>
100034f0:	e7be      	b.n	10003470 <stdio_usb_out_chars+0x3c>
100034f2:	2400      	movs	r4, #0
100034f4:	e7d0      	b.n	10003498 <stdio_usb_out_chars+0x64>
100034f6:	bf00      	nop
100034f8:	000f4240 	.word	0x000f4240
100034fc:	20001ac0 	.word	0x20001ac0
10003500:	20001040 	.word	0x20001040
10003504:	0007a120 	.word	0x0007a120

10003508 <tud_descriptor_device_cb>:
10003508:	4800      	ldr	r0, [pc, #0]	@ (1000350c <tud_descriptor_device_cb+0x4>)
1000350a:	4770      	bx	lr
1000350c:	10006d28 	.word	0x10006d28

10003510 <tud_descriptor_configuration_cb>:
10003510:	4800      	ldr	r0, [pc, #0]	@ (10003514 <tud_descriptor_configuration_cb+0x4>)
10003512:	4770      	bx	lr
10003514:	10006cd4 	.word	0x10006cd4

10003518 <tud_descriptor_string_cb>:
10003518:	b510      	push	{r4, lr}
1000351a:	4604      	mov	r4, r0
1000351c:	4b14      	ldr	r3, [pc, #80]	@ (10003570 <tud_descriptor_string_cb+0x58>)
1000351e:	781b      	ldrb	r3, [r3, #0]
10003520:	b16b      	cbz	r3, 1000353e <tud_descriptor_string_cb+0x26>
10003522:	b98c      	cbnz	r4, 10003548 <tud_descriptor_string_cb+0x30>
10003524:	4b13      	ldr	r3, [pc, #76]	@ (10003574 <tud_descriptor_string_cb+0x5c>)
10003526:	f240 4209 	movw	r2, #1033	@ 0x409
1000352a:	805a      	strh	r2, [r3, #2]
1000352c:	2301      	movs	r3, #1
1000352e:	3301      	adds	r3, #1
10003530:	005b      	lsls	r3, r3, #1
10003532:	b29b      	uxth	r3, r3
10003534:	480f      	ldr	r0, [pc, #60]	@ (10003574 <tud_descriptor_string_cb+0x5c>)
10003536:	f443 7340 	orr.w	r3, r3, #768	@ 0x300
1000353a:	8003      	strh	r3, [r0, #0]
1000353c:	bd10      	pop	{r4, pc}
1000353e:	2111      	movs	r1, #17
10003540:	480b      	ldr	r0, [pc, #44]	@ (10003570 <tud_descriptor_string_cb+0x58>)
10003542:	f000 f847 	bl	100035d4 <pico_get_unique_board_id_string>
10003546:	e7ec      	b.n	10003522 <tud_descriptor_string_cb+0xa>
10003548:	2c05      	cmp	r4, #5
1000354a:	d80e      	bhi.n	1000356a <tud_descriptor_string_cb+0x52>
1000354c:	4b0a      	ldr	r3, [pc, #40]	@ (10003578 <tud_descriptor_string_cb+0x60>)
1000354e:	f853 0024 	ldr.w	r0, [r3, r4, lsl #2]
10003552:	2300      	movs	r3, #0
10003554:	2b12      	cmp	r3, #18
10003556:	d8ea      	bhi.n	1000352e <tud_descriptor_string_cb+0x16>
10003558:	5cc2      	ldrb	r2, [r0, r3]
1000355a:	2a00      	cmp	r2, #0
1000355c:	d0e7      	beq.n	1000352e <tud_descriptor_string_cb+0x16>
1000355e:	3301      	adds	r3, #1
10003560:	4904      	ldr	r1, [pc, #16]	@ (10003574 <tud_descriptor_string_cb+0x5c>)
10003562:	f821 2013 	strh.w	r2, [r1, r3, lsl #1]
10003566:	b2db      	uxtb	r3, r3
10003568:	e7f4      	b.n	10003554 <tud_descriptor_string_cb+0x3c>
1000356a:	2000      	movs	r0, #0
1000356c:	e7e6      	b.n	1000353c <tud_descriptor_string_cb+0x24>
1000356e:	bf00      	nop
10003570:	20001ac8 	.word	0x20001ac8
10003574:	20001638 	.word	0x20001638
10003578:	10006cbc 	.word	0x10006cbc

1000357c <_retrieve_unique_id_on_boot>:
1000357c:	b500      	push	{lr}
1000357e:	b08b      	sub	sp, #44	@ 0x2c
10003580:	f245 3047 	movw	r0, #21319	@ 0x5347
10003584:	f7fe f800 	bl	10001588 <rom_func_lookup>
10003588:	4603      	mov	r3, r0
1000358a:	2201      	movs	r2, #1
1000358c:	2109      	movs	r1, #9
1000358e:	a801      	add	r0, sp, #4
10003590:	4798      	blx	r3
10003592:	2804      	cmp	r0, #4
10003594:	d101      	bne.n	1000359a <_retrieve_unique_id_on_boot+0x1e>
10003596:	2300      	movs	r3, #0
10003598:	e00e      	b.n	100035b8 <_retrieve_unique_id_on_boot+0x3c>
1000359a:	4b0a      	ldr	r3, [pc, #40]	@ (100035c4 <_retrieve_unique_id_on_boot+0x48>)
1000359c:	4a0a      	ldr	r2, [pc, #40]	@ (100035c8 <_retrieve_unique_id_on_boot+0x4c>)
1000359e:	212f      	movs	r1, #47	@ 0x2f
100035a0:	480a      	ldr	r0, [pc, #40]	@ (100035cc <_retrieve_unique_id_on_boot+0x50>)
100035a2:	f7ff fbb1 	bl	10002d08 <__assert_func>
100035a6:	f1c3 020f 	rsb	r2, r3, #15
100035aa:	3228      	adds	r2, #40	@ 0x28
100035ac:	446a      	add	r2, sp
100035ae:	f812 1c24 	ldrb.w	r1, [r2, #-36]
100035b2:	4a07      	ldr	r2, [pc, #28]	@ (100035d0 <_retrieve_unique_id_on_boot+0x54>)
100035b4:	54d1      	strb	r1, [r2, r3]
100035b6:	3301      	adds	r3, #1
100035b8:	2b07      	cmp	r3, #7
100035ba:	ddf4      	ble.n	100035a6 <_retrieve_unique_id_on_boot+0x2a>
100035bc:	b00b      	add	sp, #44	@ 0x2c
100035be:	f85d fb04 	ldr.w	pc, [sp], #4
100035c2:	bf00      	nop
100035c4:	100067b4 	.word	0x100067b4
100035c8:	10006d5c 	.word	0x10006d5c
100035cc:	100067bc 	.word	0x100067bc
100035d0:	20001ab4 	.word	0x20001ab4

100035d4 <pico_get_unique_board_id_string>:
100035d4:	b508      	push	{r3, lr}
100035d6:	b111      	cbz	r1, 100035de <pico_get_unique_board_id_string+0xa>
100035d8:	468c      	mov	ip, r1
100035da:	2200      	movs	r2, #0
100035dc:	e008      	b.n	100035f0 <pico_get_unique_board_id_string+0x1c>
100035de:	4b10      	ldr	r3, [pc, #64]	@ (10003620 <pico_get_unique_board_id_string+0x4c>)
100035e0:	4a10      	ldr	r2, [pc, #64]	@ (10003624 <pico_get_unique_board_id_string+0x50>)
100035e2:	213b      	movs	r1, #59	@ 0x3b
100035e4:	4810      	ldr	r0, [pc, #64]	@ (10003628 <pico_get_unique_board_id_string+0x54>)
100035e6:	f7ff fb8f 	bl	10002d08 <__assert_func>
100035ea:	3337      	adds	r3, #55	@ 0x37
100035ec:	5483      	strb	r3, [r0, r2]
100035ee:	3201      	adds	r2, #1
100035f0:	f10c 33ff 	add.w	r3, ip, #4294967295	@ 0xffffffff
100035f4:	4293      	cmp	r3, r2
100035f6:	d90f      	bls.n	10003618 <pico_get_unique_board_id_string+0x44>
100035f8:	2a0f      	cmp	r2, #15
100035fa:	d80d      	bhi.n	10003618 <pico_get_unique_board_id_string+0x44>
100035fc:	0853      	lsrs	r3, r2, #1
100035fe:	490b      	ldr	r1, [pc, #44]	@ (1000362c <pico_get_unique_board_id_string+0x58>)
10003600:	5ccb      	ldrb	r3, [r1, r3]
10003602:	43d1      	mvns	r1, r2
10003604:	f001 0101 	and.w	r1, r1, #1
10003608:	0089      	lsls	r1, r1, #2
1000360a:	410b      	asrs	r3, r1
1000360c:	f003 030f 	and.w	r3, r3, #15
10003610:	2b09      	cmp	r3, #9
10003612:	dcea      	bgt.n	100035ea <pico_get_unique_board_id_string+0x16>
10003614:	3330      	adds	r3, #48	@ 0x30
10003616:	e7e9      	b.n	100035ec <pico_get_unique_board_id_string+0x18>
10003618:	2300      	movs	r3, #0
1000361a:	5483      	strb	r3, [r0, r2]
1000361c:	bd08      	pop	{r3, pc}
1000361e:	bf00      	nop
10003620:	10006810 	.word	0x10006810
10003624:	10006d3c 	.word	0x10006d3c
10003628:	100067bc 	.word	0x100067bc
1000362c:	20001ab4 	.word	0x20001ab4

10003630 <hw_endpoint_init>:
10003630:	b430      	push	{r4, r5}
10003632:	f000 057f 	and.w	r5, r0, #127	@ 0x7f
10003636:	09c3      	lsrs	r3, r0, #7
10003638:	ea4f 0c45 	mov.w	ip, r5, lsl #1
1000363c:	eb0c 1cd0 	add.w	ip, ip, r0, lsr #7
10003640:	4c24      	ldr	r4, [pc, #144]	@ (100036d4 <hw_endpoint_init+0xa4>)
10003642:	eb04 1c4c 	add.w	ip, r4, ip, lsl #5
10003646:	f88c 0002 	strb.w	r0, [ip, #2]
1000364a:	f083 0001 	eor.w	r0, r3, #1
1000364e:	f88c 0001 	strb.w	r0, [ip, #1]
10003652:	2000      	movs	r0, #0
10003654:	f88c 0003 	strb.w	r0, [ip, #3]
10003658:	f8ac 1018 	strh.w	r1, [ip, #24]
1000365c:	f88c 201b 	strb.w	r2, [ip, #27]
10003660:	b9db      	cbnz	r3, 1000369a <hw_endpoint_init+0x6a>
10003662:	00ea      	lsls	r2, r5, #3
10003664:	491c      	ldr	r1, [pc, #112]	@ (100036d8 <hw_endpoint_init+0xa8>)
10003666:	4411      	add	r1, r2
10003668:	eb03 0045 	add.w	r0, r3, r5, lsl #1
1000366c:	4a19      	ldr	r2, [pc, #100]	@ (100036d4 <hw_endpoint_init+0xa4>)
1000366e:	eb02 1240 	add.w	r2, r2, r0, lsl #5
10003672:	6091      	str	r1, [r2, #8]
10003674:	eb03 0145 	add.w	r1, r3, r5, lsl #1
10003678:	4a16      	ldr	r2, [pc, #88]	@ (100036d4 <hw_endpoint_init+0xa4>)
1000367a:	eb02 1241 	add.w	r2, r2, r1, lsl #5
1000367e:	6892      	ldr	r2, [r2, #8]
10003680:	2100      	movs	r1, #0
10003682:	6011      	str	r1, [r2, #0]
10003684:	b97d      	cbnz	r5, 100036a6 <hw_endpoint_init+0x76>
10003686:	eb03 0245 	add.w	r2, r3, r5, lsl #1
1000368a:	4b12      	ldr	r3, [pc, #72]	@ (100036d4 <hw_endpoint_init+0xa4>)
1000368c:	eb03 1342 	add.w	r3, r3, r2, lsl #5
10003690:	6059      	str	r1, [r3, #4]
10003692:	4a12      	ldr	r2, [pc, #72]	@ (100036dc <hw_endpoint_init+0xac>)
10003694:	60da      	str	r2, [r3, #12]
10003696:	bc30      	pop	{r4, r5}
10003698:	4770      	bx	lr
1000369a:	4911      	ldr	r1, [pc, #68]	@ (100036e0 <hw_endpoint_init+0xb0>)
1000369c:	eb01 01c5 	add.w	r1, r1, r5, lsl #3
100036a0:	f8cc 1008 	str.w	r1, [ip, #8]
100036a4:	e7e6      	b.n	10003674 <hw_endpoint_init+0x44>
100036a6:	b953      	cbnz	r3, 100036be <hw_endpoint_init+0x8e>
100036a8:	1e6a      	subs	r2, r5, #1
100036aa:	00d2      	lsls	r2, r2, #3
100036ac:	490d      	ldr	r1, [pc, #52]	@ (100036e4 <hw_endpoint_init+0xb4>)
100036ae:	4411      	add	r1, r2
100036b0:	eb03 0345 	add.w	r3, r3, r5, lsl #1
100036b4:	4a07      	ldr	r2, [pc, #28]	@ (100036d4 <hw_endpoint_init+0xa4>)
100036b6:	eb02 1343 	add.w	r3, r2, r3, lsl #5
100036ba:	6059      	str	r1, [r3, #4]
100036bc:	e7eb      	b.n	10003696 <hw_endpoint_init+0x66>
100036be:	1e69      	subs	r1, r5, #1
100036c0:	4a09      	ldr	r2, [pc, #36]	@ (100036e8 <hw_endpoint_init+0xb8>)
100036c2:	eb02 02c1 	add.w	r2, r2, r1, lsl #3
100036c6:	eb03 0145 	add.w	r1, r3, r5, lsl #1
100036ca:	4b02      	ldr	r3, [pc, #8]	@ (100036d4 <hw_endpoint_init+0xa4>)
100036cc:	eb03 1341 	add.w	r3, r3, r1, lsl #5
100036d0:	605a      	str	r2, [r3, #4]
100036d2:	e7e0      	b.n	10003696 <hw_endpoint_init+0x66>
100036d4:	2000166c 	.word	0x2000166c
100036d8:	50100084 	.word	0x50100084
100036dc:	50100100 	.word	0x50100100
100036e0:	50100080 	.word	0x50100080
100036e4:	5010000c 	.word	0x5010000c
100036e8:	50100008 	.word	0x50100008

100036ec <hw_endpoint_alloc>:
100036ec:	b508      	push	{r3, lr}
100036ee:	8b03      	ldrh	r3, [r0, #24]
100036f0:	333f      	adds	r3, #63	@ 0x3f
100036f2:	f023 033f 	bic.w	r3, r3, #63	@ 0x3f
100036f6:	7ec2      	ldrb	r2, [r0, #27]
100036f8:	2a02      	cmp	r2, #2
100036fa:	d008      	beq.n	1000370e <hw_endpoint_alloc+0x22>
100036fc:	4908      	ldr	r1, [pc, #32]	@ (10003720 <hw_endpoint_alloc+0x34>)
100036fe:	680a      	ldr	r2, [r1, #0]
10003700:	60c2      	str	r2, [r0, #12]
10003702:	4413      	add	r3, r2
10003704:	600b      	str	r3, [r1, #0]
10003706:	4a07      	ldr	r2, [pc, #28]	@ (10003724 <hw_endpoint_alloc+0x38>)
10003708:	4293      	cmp	r3, r2
1000370a:	d802      	bhi.n	10003712 <hw_endpoint_alloc+0x26>
1000370c:	bd08      	pop	{r3, pc}
1000370e:	005b      	lsls	r3, r3, #1
10003710:	e7f4      	b.n	100036fc <hw_endpoint_alloc+0x10>
10003712:	4b05      	ldr	r3, [pc, #20]	@ (10003728 <hw_endpoint_alloc+0x3c>)
10003714:	4a05      	ldr	r2, [pc, #20]	@ (1000372c <hw_endpoint_alloc+0x40>)
10003716:	2152      	movs	r1, #82	@ 0x52
10003718:	4805      	ldr	r0, [pc, #20]	@ (10003730 <hw_endpoint_alloc+0x44>)
1000371a:	f7ff faf5 	bl	10002d08 <__assert_func>
1000371e:	bf00      	nop
10003720:	20001a70 	.word	0x20001a70
10003724:	50100fff 	.word	0x50100fff
10003728:	10006818 	.word	0x10006818
1000372c:	10006da8 	.word	0x10006da8
10003730:	1000685c 	.word	0x1000685c

10003734 <hw_endpoint_open>:
10003734:	b570      	push	{r4, r5, r6, lr}
10003736:	f000 057f 	and.w	r5, r0, #127	@ 0x7f
1000373a:	ea4f 0c45 	mov.w	ip, r5, lsl #1
1000373e:	eb0c 13d0 	add.w	r3, ip, r0, lsr #7
10003742:	4c0c      	ldr	r4, [pc, #48]	@ (10003774 <hw_endpoint_open+0x40>)
10003744:	eb04 1443 	add.w	r4, r4, r3, lsl #5
10003748:	f7ff ff72 	bl	10003630 <hw_endpoint_init>
1000374c:	b905      	cbnz	r5, 10003750 <hw_endpoint_open+0x1c>
1000374e:	bd70      	pop	{r4, r5, r6, pc}
10003750:	8b21      	ldrh	r1, [r4, #24]
10003752:	4620      	mov	r0, r4
10003754:	f7ff ffca 	bl	100036ec <hw_endpoint_alloc>
10003758:	7ee2      	ldrb	r2, [r4, #27]
1000375a:	68e3      	ldr	r3, [r4, #12]
1000375c:	f083 43a0 	eor.w	r3, r3, #1342177280	@ 0x50000000
10003760:	f483 1380 	eor.w	r3, r3, #1048576	@ 0x100000
10003764:	ea43 6382 	orr.w	r3, r3, r2, lsl #26
10003768:	f043 4300 	orr.w	r3, r3, #2147483648	@ 0x80000000
1000376c:	6862      	ldr	r2, [r4, #4]
1000376e:	6013      	str	r3, [r2, #0]
10003770:	e7ed      	b.n	1000374e <hw_endpoint_open+0x1a>
10003772:	bf00      	nop
10003774:	2000166c 	.word	0x2000166c

10003778 <hw_endpoint_xfer>:
10003778:	b508      	push	{r3, lr}
1000377a:	f000 037f 	and.w	r3, r0, #127	@ 0x7f
1000377e:	005b      	lsls	r3, r3, #1
10003780:	eb03 10d0 	add.w	r0, r3, r0, lsr #7
10003784:	4b02      	ldr	r3, [pc, #8]	@ (10003790 <hw_endpoint_xfer+0x18>)
10003786:	eb03 1040 	add.w	r0, r3, r0, lsl #5
1000378a:	f000 f91b 	bl	100039c4 <hw_endpoint_xfer_start>
1000378e:	bd08      	pop	{r3, pc}
10003790:	2000166c 	.word	0x2000166c

10003794 <dcd_int_enable>:
10003794:	b508      	push	{r3, lr}
10003796:	b920      	cbnz	r0, 100037a2 <dcd_int_enable+0xe>
10003798:	2101      	movs	r1, #1
1000379a:	200e      	movs	r0, #14
1000379c:	f7fc fec0 	bl	10000520 <irq_set_enabled>
100037a0:	bd08      	pop	{r3, pc}
100037a2:	4b03      	ldr	r3, [pc, #12]	@ (100037b0 <dcd_int_enable+0x1c>)
100037a4:	4a03      	ldr	r2, [pc, #12]	@ (100037b4 <dcd_int_enable+0x20>)
100037a6:	f240 1197 	movw	r1, #407	@ 0x197
100037aa:	4803      	ldr	r0, [pc, #12]	@ (100037b8 <dcd_int_enable+0x24>)
100037ac:	f7ff faac 	bl	10002d08 <__assert_func>
100037b0:	100068d4 	.word	0x100068d4
100037b4:	10006d98 	.word	0x10006d98
100037b8:	1000685c 	.word	0x1000685c

100037bc <dcd_set_address>:
100037bc:	b508      	push	{r3, lr}
100037be:	b928      	cbnz	r0, 100037cc <dcd_set_address+0x10>
100037c0:	2200      	movs	r2, #0
100037c2:	4611      	mov	r1, r2
100037c4:	2080      	movs	r0, #128	@ 0x80
100037c6:	f7ff ffd7 	bl	10003778 <hw_endpoint_xfer>
100037ca:	bd08      	pop	{r3, pc}
100037cc:	4b03      	ldr	r3, [pc, #12]	@ (100037dc <dcd_set_address+0x20>)
100037ce:	4a04      	ldr	r2, [pc, #16]	@ (100037e0 <dcd_set_address+0x24>)
100037d0:	f240 11a1 	movw	r1, #417	@ 0x1a1
100037d4:	4803      	ldr	r0, [pc, #12]	@ (100037e4 <dcd_set_address+0x28>)
100037d6:	f7ff fa97 	bl	10002d08 <__assert_func>
100037da:	bf00      	nop
100037dc:	100068d4 	.word	0x100068d4
100037e0:	10006d88 	.word	0x10006d88
100037e4:	1000685c 	.word	0x1000685c

100037e8 <dcd_connect>:
100037e8:	4b02      	ldr	r3, [pc, #8]	@ (100037f4 <dcd_connect+0xc>)
100037ea:	f44f 3280 	mov.w	r2, #65536	@ 0x10000
100037ee:	64da      	str	r2, [r3, #76]	@ 0x4c
100037f0:	4770      	bx	lr
100037f2:	bf00      	nop
100037f4:	50112000 	.word	0x50112000

100037f8 <dcd_init>:
100037f8:	b570      	push	{r4, r5, r6, lr}
100037fa:	bb48      	cbnz	r0, 10003850 <dcd_init+0x58>
100037fc:	4606      	mov	r6, r0
100037fe:	f000 f8c1 	bl	10003984 <rp2040_usb_init>
10003802:	4c17      	ldr	r4, [pc, #92]	@ (10003860 <dcd_init+0x68>)
10003804:	230c      	movs	r3, #12
10003806:	67a3      	str	r3, [r4, #120]	@ 0x78
10003808:	22ff      	movs	r2, #255	@ 0xff
1000380a:	4916      	ldr	r1, [pc, #88]	@ (10003864 <dcd_init+0x6c>)
1000380c:	200e      	movs	r0, #14
1000380e:	f7fc fee1 	bl	100005d4 <irq_add_shared_handler>
10003812:	2540      	movs	r5, #64	@ 0x40
10003814:	462a      	mov	r2, r5
10003816:	2100      	movs	r1, #0
10003818:	4813      	ldr	r0, [pc, #76]	@ (10003868 <dcd_init+0x70>)
1000381a:	f002 fb5d 	bl	10005ed8 <memset>
1000381e:	2200      	movs	r2, #0
10003820:	4629      	mov	r1, r5
10003822:	4610      	mov	r0, r2
10003824:	f7ff ff86 	bl	10003734 <hw_endpoint_open>
10003828:	2200      	movs	r2, #0
1000382a:	4629      	mov	r1, r5
1000382c:	2080      	movs	r0, #128	@ 0x80
1000382e:	f7ff ff81 	bl	10003734 <hw_endpoint_open>
10003832:	f002 fc51 	bl	100060d8 <__reset_non_control_endpoints_veneer>
10003836:	2501      	movs	r5, #1
10003838:	6425      	str	r5, [r4, #64]	@ 0x40
1000383a:	f04f 5300 	mov.w	r3, #536870912	@ 0x20000000
1000383e:	64e3      	str	r3, [r4, #76]	@ 0x4c
10003840:	4b0a      	ldr	r3, [pc, #40]	@ (1000386c <dcd_init+0x74>)
10003842:	f8c4 3090 	str.w	r3, [r4, #144]	@ 0x90
10003846:	4630      	mov	r0, r6
10003848:	f7ff ffce 	bl	100037e8 <dcd_connect>
1000384c:	4628      	mov	r0, r5
1000384e:	bd70      	pop	{r4, r5, r6, pc}
10003850:	4b07      	ldr	r3, [pc, #28]	@ (10003870 <dcd_init+0x78>)
10003852:	4a08      	ldr	r2, [pc, #32]	@ (10003874 <dcd_init+0x7c>)
10003854:	f240 1163 	movw	r1, #355	@ 0x163
10003858:	4807      	ldr	r0, [pc, #28]	@ (10003878 <dcd_init+0x80>)
1000385a:	f7ff fa55 	bl	10002d08 <__assert_func>
1000385e:	bf00      	nop
10003860:	50110000 	.word	0x50110000
10003864:	20000399 	.word	0x20000399
10003868:	2000166c 	.word	0x2000166c
1000386c:	0001d010 	.word	0x0001d010
10003870:	100068d4 	.word	0x100068d4
10003874:	10006dbc 	.word	0x10006dbc
10003878:	1000685c 	.word	0x1000685c

1000387c <dcd_sof_enable>:
1000387c:	4b04      	ldr	r3, [pc, #16]	@ (10003890 <dcd_sof_enable+0x14>)
1000387e:	7019      	strb	r1, [r3, #0]
10003880:	b121      	cbz	r1, 1000388c <dcd_sof_enable+0x10>
10003882:	4b04      	ldr	r3, [pc, #16]	@ (10003894 <dcd_sof_enable+0x18>)
10003884:	f44f 3200 	mov.w	r2, #131072	@ 0x20000
10003888:	f8c3 2090 	str.w	r2, [r3, #144]	@ 0x90
1000388c:	4770      	bx	lr
1000388e:	bf00      	nop
10003890:	20001ada 	.word	0x20001ada
10003894:	50112000 	.word	0x50112000

10003898 <dcd_edpt0_status_complete>:
10003898:	780b      	ldrb	r3, [r1, #0]
1000389a:	f013 0f7f 	tst.w	r3, #127	@ 0x7f
1000389e:	d102      	bne.n	100038a6 <dcd_edpt0_status_complete+0xe>
100038a0:	784b      	ldrb	r3, [r1, #1]
100038a2:	2b05      	cmp	r3, #5
100038a4:	d000      	beq.n	100038a8 <dcd_edpt0_status_complete+0x10>
100038a6:	4770      	bx	lr
100038a8:	884b      	ldrh	r3, [r1, #2]
100038aa:	b2db      	uxtb	r3, r3
100038ac:	4a01      	ldr	r2, [pc, #4]	@ (100038b4 <dcd_edpt0_status_complete+0x1c>)
100038ae:	6013      	str	r3, [r2, #0]
100038b0:	e7f9      	b.n	100038a6 <dcd_edpt0_status_complete+0xe>
100038b2:	bf00      	nop
100038b4:	50110000 	.word	0x50110000

100038b8 <dcd_edpt_open>:
100038b8:	78ca      	ldrb	r2, [r1, #3]
100038ba:	f002 0203 	and.w	r2, r2, #3
100038be:	2a01      	cmp	r2, #1
100038c0:	d009      	beq.n	100038d6 <dcd_edpt_open+0x1e>
100038c2:	b508      	push	{r3, lr}
100038c4:	460b      	mov	r3, r1
100038c6:	8889      	ldrh	r1, [r1, #4]
100038c8:	f3c1 010a 	ubfx	r1, r1, #0, #11
100038cc:	7898      	ldrb	r0, [r3, #2]
100038ce:	f7ff ff31 	bl	10003734 <hw_endpoint_open>
100038d2:	2001      	movs	r0, #1
100038d4:	bd08      	pop	{r3, pc}
100038d6:	2000      	movs	r0, #0
100038d8:	4770      	bx	lr

100038da <dcd_edpt_close_all>:
100038da:	b508      	push	{r3, lr}
100038dc:	f002 fbfc 	bl	100060d8 <__reset_non_control_endpoints_veneer>
100038e0:	bd08      	pop	{r3, pc}
	...

100038e4 <dcd_edpt_xfer>:
100038e4:	b510      	push	{r4, lr}
100038e6:	b930      	cbnz	r0, 100038f6 <dcd_edpt_xfer+0x12>
100038e8:	4608      	mov	r0, r1
100038ea:	4611      	mov	r1, r2
100038ec:	461a      	mov	r2, r3
100038ee:	f7ff ff43 	bl	10003778 <hw_endpoint_xfer>
100038f2:	2001      	movs	r0, #1
100038f4:	bd10      	pop	{r4, pc}
100038f6:	4b03      	ldr	r3, [pc, #12]	@ (10003904 <dcd_edpt_xfer+0x20>)
100038f8:	4a03      	ldr	r2, [pc, #12]	@ (10003908 <dcd_edpt_xfer+0x24>)
100038fa:	f44f 7101 	mov.w	r1, #516	@ 0x204
100038fe:	4803      	ldr	r0, [pc, #12]	@ (1000390c <dcd_edpt_xfer+0x28>)
10003900:	f7ff fa02 	bl	10002d08 <__assert_func>
10003904:	100068d4 	.word	0x100068d4
10003908:	10006d78 	.word	0x10006d78
1000390c:	1000685c 	.word	0x1000685c

10003910 <dcd_edpt_stall>:
10003910:	b508      	push	{r3, lr}
10003912:	f011 037f 	ands.w	r3, r1, #127	@ 0x7f
10003916:	d104      	bne.n	10003922 <dcd_edpt_stall+0x12>
10003918:	09ca      	lsrs	r2, r1, #7
1000391a:	d10e      	bne.n	1000393a <dcd_edpt_stall+0x2a>
1000391c:	2002      	movs	r0, #2
1000391e:	4a08      	ldr	r2, [pc, #32]	@ (10003940 <dcd_edpt_stall+0x30>)
10003920:	6690      	str	r0, [r2, #104]	@ 0x68
10003922:	005b      	lsls	r3, r3, #1
10003924:	eb03 13d1 	add.w	r3, r3, r1, lsr #7
10003928:	f44f 6200 	mov.w	r2, #2048	@ 0x800
1000392c:	2100      	movs	r1, #0
1000392e:	4805      	ldr	r0, [pc, #20]	@ (10003944 <dcd_edpt_stall+0x34>)
10003930:	eb00 1043 	add.w	r0, r0, r3, lsl #5
10003934:	f002 fbdc 	bl	100060f0 <___hw_endpoint_buffer_control_update32_veneer>
10003938:	bd08      	pop	{r3, pc}
1000393a:	2001      	movs	r0, #1
1000393c:	e7ef      	b.n	1000391e <dcd_edpt_stall+0xe>
1000393e:	bf00      	nop
10003940:	50112000 	.word	0x50112000
10003944:	2000166c 	.word	0x2000166c

10003948 <dcd_edpt_clear_stall>:
10003948:	b508      	push	{r3, lr}
1000394a:	f011 037f 	ands.w	r3, r1, #127	@ 0x7f
1000394e:	d100      	bne.n	10003952 <dcd_edpt_clear_stall+0xa>
10003950:	bd08      	pop	{r3, pc}
10003952:	005b      	lsls	r3, r3, #1
10003954:	eb03 13d1 	add.w	r3, r3, r1, lsr #7
10003958:	4804      	ldr	r0, [pc, #16]	@ (1000396c <dcd_edpt_clear_stall+0x24>)
1000395a:	eb00 1043 	add.w	r0, r0, r3, lsl #5
1000395e:	2200      	movs	r2, #0
10003960:	70c2      	strb	r2, [r0, #3]
10003962:	f46f 6100 	mvn.w	r1, #2048	@ 0x800
10003966:	f002 fbc3 	bl	100060f0 <___hw_endpoint_buffer_control_update32_veneer>
1000396a:	e7f1      	b.n	10003950 <dcd_edpt_clear_stall+0x8>
1000396c:	2000166c 	.word	0x2000166c

10003970 <unaligned_memcpy>:
10003970:	e004      	b.n	1000397c <unaligned_memcpy+0xc>
10003972:	f811 2b01 	ldrb.w	r2, [r1], #1
10003976:	f800 2b01 	strb.w	r2, [r0], #1
1000397a:	461a      	mov	r2, r3
1000397c:	1e53      	subs	r3, r2, #1
1000397e:	2a00      	cmp	r2, #0
10003980:	d1f7      	bne.n	10003972 <unaligned_memcpy+0x2>
10003982:	4770      	bx	lr

10003984 <rp2040_usb_init>:
10003984:	b508      	push	{r3, lr}
10003986:	f04f 5380 	mov.w	r3, #268435456	@ 0x10000000
1000398a:	4a0a      	ldr	r2, [pc, #40]	@ (100039b4 <rp2040_usb_init+0x30>)
1000398c:	6013      	str	r3, [r2, #0]
1000398e:	f502 5280 	add.w	r2, r2, #4096	@ 0x1000
10003992:	6013      	str	r3, [r2, #0]
10003994:	4b08      	ldr	r3, [pc, #32]	@ (100039b8 <rp2040_usb_init+0x34>)
10003996:	689b      	ldr	r3, [r3, #8]
10003998:	f013 5f80 	tst.w	r3, #268435456	@ 0x10000000
1000399c:	d0fa      	beq.n	10003994 <rp2040_usb_init+0x10>
1000399e:	f44f 5280 	mov.w	r2, #4096	@ 0x1000
100039a2:	2100      	movs	r1, #0
100039a4:	4805      	ldr	r0, [pc, #20]	@ (100039bc <rp2040_usb_init+0x38>)
100039a6:	f002 fa97 	bl	10005ed8 <memset>
100039aa:	4b05      	ldr	r3, [pc, #20]	@ (100039c0 <rp2040_usb_init+0x3c>)
100039ac:	2209      	movs	r2, #9
100039ae:	675a      	str	r2, [r3, #116]	@ 0x74
100039b0:	bd08      	pop	{r3, pc}
100039b2:	bf00      	nop
100039b4:	40022000 	.word	0x40022000
100039b8:	40020000 	.word	0x40020000
100039bc:	50100000 	.word	0x50100000
100039c0:	50110000 	.word	0x50110000

100039c4 <hw_endpoint_xfer_start>:
100039c4:	b570      	push	{r4, r5, r6, lr}
100039c6:	4604      	mov	r4, r0
100039c8:	460d      	mov	r5, r1
100039ca:	4616      	mov	r6, r2
100039cc:	7e83      	ldrb	r3, [r0, #26]
100039ce:	b9ab      	cbnz	r3, 100039fc <hw_endpoint_xfer_start+0x38>
100039d0:	82a6      	strh	r6, [r4, #20]
100039d2:	2300      	movs	r3, #0
100039d4:	82e3      	strh	r3, [r4, #22]
100039d6:	2301      	movs	r3, #1
100039d8:	76a3      	strb	r3, [r4, #26]
100039da:	6125      	str	r5, [r4, #16]
100039dc:	4620      	mov	r0, r4
100039de:	f002 fb8f 	bl	10006100 <__e15_is_bulkin_ep_veneer>
100039e2:	b120      	cbz	r0, 100039ee <hw_endpoint_xfer_start+0x2a>
100039e4:	4b0b      	ldr	r3, [pc, #44]	@ (10003a14 <hw_endpoint_xfer_start+0x50>)
100039e6:	f44f 3200 	mov.w	r2, #131072	@ 0x20000
100039ea:	f8c3 2090 	str.w	r2, [r3, #144]	@ 0x90
100039ee:	4620      	mov	r0, r4
100039f0:	f002 fb8a 	bl	10006108 <__e15_is_critical_frame_period_veneer>
100039f4:	b150      	cbz	r0, 10003a0c <hw_endpoint_xfer_start+0x48>
100039f6:	2301      	movs	r3, #1
100039f8:	7723      	strb	r3, [r4, #28]
100039fa:	bd70      	pop	{r4, r5, r6, pc}
100039fc:	7881      	ldrb	r1, [r0, #2]
100039fe:	4806      	ldr	r0, [pc, #24]	@ (10003a18 <hw_endpoint_xfer_start+0x54>)
10003a00:	f7ff fae6 	bl	10002fd0 <__wrap_printf>
10003a04:	4620      	mov	r0, r4
10003a06:	f002 fb5b 	bl	100060c0 <__hw_endpoint_reset_transfer_veneer>
10003a0a:	e7e1      	b.n	100039d0 <hw_endpoint_xfer_start+0xc>
10003a0c:	4620      	mov	r0, r4
10003a0e:	f002 fb5f 	bl	100060d0 <__hw_endpoint_start_next_buffer_veneer>
10003a12:	e7f2      	b.n	100039fa <hw_endpoint_xfer_start+0x36>
10003a14:	50112000 	.word	0x50112000
10003a18:	100069cc 	.word	0x100069cc

10003a1c <configuration_reset>:
10003a1c:	b538      	push	{r3, r4, r5, lr}
10003a1e:	4605      	mov	r5, r0
10003a20:	2400      	movs	r4, #0
10003a22:	e008      	b.n	10003a36 <configuration_reset+0x1a>
10003a24:	1ad2      	subs	r2, r2, r3
10003a26:	4b1b      	ldr	r3, [pc, #108]	@ (10003a94 <configuration_reset+0x78>)
10003a28:	eb03 1342 	add.w	r3, r3, r2, lsl #5
10003a2c:	68db      	ldr	r3, [r3, #12]
10003a2e:	4628      	mov	r0, r5
10003a30:	4798      	blx	r3
10003a32:	3401      	adds	r4, #1
10003a34:	b2e4      	uxtb	r4, r4
10003a36:	4b18      	ldr	r3, [pc, #96]	@ (10003a98 <configuration_reset+0x7c>)
10003a38:	781b      	ldrb	r3, [r3, #0]
10003a3a:	4622      	mov	r2, r4
10003a3c:	1c59      	adds	r1, r3, #1
10003a3e:	42a1      	cmp	r1, r4
10003a40:	db15      	blt.n	10003a6e <configuration_reset+0x52>
10003a42:	42a3      	cmp	r3, r4
10003a44:	d9ee      	bls.n	10003a24 <configuration_reset+0x8>
10003a46:	4b15      	ldr	r3, [pc, #84]	@ (10003a9c <configuration_reset+0x80>)
10003a48:	681b      	ldr	r3, [r3, #0]
10003a4a:	eb13 1344 	adds.w	r3, r3, r4, lsl #5
10003a4e:	d1ed      	bne.n	10003a2c <configuration_reset+0x10>
10003a50:	f240 2225 	movw	r2, #549	@ 0x225
10003a54:	4912      	ldr	r1, [pc, #72]	@ (10003aa0 <configuration_reset+0x84>)
10003a56:	4813      	ldr	r0, [pc, #76]	@ (10003aa4 <configuration_reset+0x88>)
10003a58:	f7ff faba 	bl	10002fd0 <__wrap_printf>
10003a5c:	f04f 23e0 	mov.w	r3, #3758153728	@ 0xe000e000
10003a60:	f8d3 3df0 	ldr.w	r3, [r3, #3568]	@ 0xdf0
10003a64:	f013 0f01 	tst.w	r3, #1
10003a68:	d013      	beq.n	10003a92 <configuration_reset+0x76>
10003a6a:	be00      	bkpt	0x0000
10003a6c:	e011      	b.n	10003a92 <configuration_reset+0x76>
10003a6e:	4c0e      	ldr	r4, [pc, #56]	@ (10003aa8 <configuration_reset+0x8c>)
10003a70:	2254      	movs	r2, #84	@ 0x54
10003a72:	2100      	movs	r1, #0
10003a74:	4620      	mov	r0, r4
10003a76:	f002 fa2f 	bl	10005ed8 <memset>
10003a7a:	f04f 33ff 	mov.w	r3, #4294967295	@ 0xffffffff
10003a7e:	6063      	str	r3, [r4, #4]
10003a80:	60a3      	str	r3, [r4, #8]
10003a82:	60e3      	str	r3, [r4, #12]
10003a84:	6123      	str	r3, [r4, #16]
10003a86:	2220      	movs	r2, #32
10003a88:	21ff      	movs	r1, #255	@ 0xff
10003a8a:	f104 0014 	add.w	r0, r4, #20
10003a8e:	f002 fa23 	bl	10005ed8 <memset>
10003a92:	bd38      	pop	{r3, r4, r5, pc}
10003a94:	10006e90 	.word	0x10006e90
10003a98:	20001ad9 	.word	0x20001ad9
10003a9c:	20001048 	.word	0x20001048
10003aa0:	10006e5c 	.word	0x10006e5c
10003aa4:	10006a04 	.word	0x10006a04
10003aa8:	20001218 	.word	0x20001218

10003aac <usbd_reset>:
10003aac:	b508      	push	{r3, lr}
10003aae:	f7ff ffb5 	bl	10003a1c <configuration_reset>
10003ab2:	f000 ff43 	bl	1000493c <usbd_control_reset>
10003ab6:	bd08      	pop	{r3, pc}

10003ab8 <invoke_class_control>:
10003ab8:	b570      	push	{r4, r5, r6, lr}
10003aba:	4605      	mov	r5, r0
10003abc:	460c      	mov	r4, r1
10003abe:	4616      	mov	r6, r2
10003ac0:	6948      	ldr	r0, [r1, #20]
10003ac2:	f000 ff45 	bl	10004950 <usbd_control_set_complete_callback>
10003ac6:	6963      	ldr	r3, [r4, #20]
10003ac8:	4632      	mov	r2, r6
10003aca:	2101      	movs	r1, #1
10003acc:	4628      	mov	r0, r5
10003ace:	4798      	blx	r3
10003ad0:	bd70      	pop	{r4, r5, r6, pc}
	...

10003ad4 <process_set_config>:
10003ad4:	e92d 4ff0 	stmdb	sp!, {r4, r5, r6, r7, r8, r9, sl, fp, lr}
10003ad8:	b083      	sub	sp, #12
10003ada:	4682      	mov	sl, r0
10003adc:	1e48      	subs	r0, r1, #1
10003ade:	b2c0      	uxtb	r0, r0
10003ae0:	f7ff fd16 	bl	10003510 <tud_descriptor_configuration_cb>
10003ae4:	b120      	cbz	r0, 10003af0 <process_set_config+0x1c>
10003ae6:	4683      	mov	fp, r0
10003ae8:	7843      	ldrb	r3, [r0, #1]
10003aea:	9301      	str	r3, [sp, #4]
10003aec:	2b02      	cmp	r3, #2
10003aee:	d011      	beq.n	10003b14 <process_set_config+0x40>
10003af0:	f240 32d6 	movw	r2, #982	@ 0x3d6
10003af4:	4962      	ldr	r1, [pc, #392]	@ (10003c80 <process_set_config+0x1ac>)
10003af6:	4863      	ldr	r0, [pc, #396]	@ (10003c84 <process_set_config+0x1b0>)
10003af8:	f7ff fa6a 	bl	10002fd0 <__wrap_printf>
10003afc:	f04f 23e0 	mov.w	r3, #3758153728	@ 0xe000e000
10003b00:	f8d3 3df0 	ldr.w	r3, [r3, #3568]	@ 0xdf0
10003b04:	f013 0f01 	tst.w	r3, #1
10003b08:	d000      	beq.n	10003b0c <process_set_config+0x38>
10003b0a:	be00      	bkpt	0x0000
10003b0c:	2000      	movs	r0, #0
10003b0e:	b003      	add	sp, #12
10003b10:	e8bd 8ff0 	ldmia.w	sp!, {r4, r5, r6, r7, r8, r9, sl, fp, pc}
10003b14:	79c2      	ldrb	r2, [r0, #7]
10003b16:	f3c2 1040 	ubfx	r0, r2, #5, #1
10003b1a:	4b5b      	ldr	r3, [pc, #364]	@ (10003c88 <process_set_config+0x1b4>)
10003b1c:	7819      	ldrb	r1, [r3, #0]
10003b1e:	f360 1104 	bfi	r1, r0, #4, #1
10003b22:	7019      	strb	r1, [r3, #0]
10003b24:	f3c2 1280 	ubfx	r2, r2, #6, #1
10003b28:	b2c9      	uxtb	r1, r1
10003b2a:	f362 1145 	bfi	r1, r2, #5, #1
10003b2e:	7019      	strb	r1, [r3, #0]
10003b30:	f10b 0809 	add.w	r8, fp, #9
10003b34:	f8bb 3002 	ldrh.w	r3, [fp, #2]
10003b38:	449b      	add	fp, r3
10003b3a:	e07b      	b.n	10003c34 <process_set_config+0x160>
10003b3c:	f898 3003 	ldrb.w	r3, [r8, #3]
10003b40:	f898 2000 	ldrb.w	r2, [r8]
10003b44:	4490      	add	r8, r2
10003b46:	e07d      	b.n	10003c44 <process_set_config+0x170>
10003b48:	f240 32f1 	movw	r2, #1009	@ 0x3f1
10003b4c:	494c      	ldr	r1, [pc, #304]	@ (10003c80 <process_set_config+0x1ac>)
10003b4e:	484d      	ldr	r0, [pc, #308]	@ (10003c84 <process_set_config+0x1b0>)
10003b50:	f7ff fa3e 	bl	10002fd0 <__wrap_printf>
10003b54:	f04f 23e0 	mov.w	r3, #3758153728	@ 0xe000e000
10003b58:	f8d3 3df0 	ldr.w	r3, [r3, #3568]	@ 0xdf0
10003b5c:	f013 0f01 	tst.w	r3, #1
10003b60:	d000      	beq.n	10003b64 <process_set_config+0x90>
10003b62:	be00      	bkpt	0x0000
10003b64:	2000      	movs	r0, #0
10003b66:	e7d2      	b.n	10003b0e <process_set_config+0x3a>
10003b68:	1af3      	subs	r3, r6, r3
10003b6a:	4a48      	ldr	r2, [pc, #288]	@ (10003c8c <process_set_config+0x1b8>)
10003b6c:	eb02 1943 	add.w	r9, r2, r3, lsl #5
10003b70:	f8d9 3010 	ldr.w	r3, [r9, #16]
10003b74:	462a      	mov	r2, r5
10003b76:	4641      	mov	r1, r8
10003b78:	4650      	mov	r0, sl
10003b7a:	4798      	blx	r3
10003b7c:	2808      	cmp	r0, #8
10003b7e:	d901      	bls.n	10003b84 <process_set_config+0xb0>
10003b80:	4285      	cmp	r5, r0
10003b82:	d21e      	bcs.n	10003bc2 <process_set_config+0xee>
10003b84:	3401      	adds	r4, #1
10003b86:	b2e4      	uxtb	r4, r4
10003b88:	4b41      	ldr	r3, [pc, #260]	@ (10003c90 <process_set_config+0x1bc>)
10003b8a:	781b      	ldrb	r3, [r3, #0]
10003b8c:	4626      	mov	r6, r4
10003b8e:	1c5a      	adds	r2, r3, #1
10003b90:	42a2      	cmp	r2, r4
10003b92:	db4a      	blt.n	10003c2a <process_set_config+0x156>
10003b94:	42a3      	cmp	r3, r4
10003b96:	d9e7      	bls.n	10003b68 <process_set_config+0x94>
10003b98:	4b3e      	ldr	r3, [pc, #248]	@ (10003c94 <process_set_config+0x1c0>)
10003b9a:	681b      	ldr	r3, [r3, #0]
10003b9c:	eb13 1944 	adds.w	r9, r3, r4, lsl #5
10003ba0:	d1e6      	bne.n	10003b70 <process_set_config+0x9c>
10003ba2:	f240 32fa 	movw	r2, #1018	@ 0x3fa
10003ba6:	4936      	ldr	r1, [pc, #216]	@ (10003c80 <process_set_config+0x1ac>)
10003ba8:	4836      	ldr	r0, [pc, #216]	@ (10003c84 <process_set_config+0x1b0>)
10003baa:	f7ff fa11 	bl	10002fd0 <__wrap_printf>
10003bae:	f04f 23e0 	mov.w	r3, #3758153728	@ 0xe000e000
10003bb2:	f8d3 3df0 	ldr.w	r3, [r3, #3568]	@ 0xdf0
10003bb6:	f013 0f01 	tst.w	r3, #1
10003bba:	d000      	beq.n	10003bbe <process_set_config+0xea>
10003bbc:	be00      	bkpt	0x0000
10003bbe:	2000      	movs	r0, #0
10003bc0:	e7a5      	b.n	10003b0e <process_set_config+0x3a>
10003bc2:	463b      	mov	r3, r7
10003bc4:	464f      	mov	r7, r9
10003bc6:	4681      	mov	r9, r0
10003bc8:	2b01      	cmp	r3, #1
10003bca:	d011      	beq.n	10003bf0 <process_set_config+0x11c>
10003bcc:	2100      	movs	r1, #0
10003bce:	428b      	cmp	r3, r1
10003bd0:	d924      	bls.n	10003c1c <process_set_config+0x148>
10003bd2:	f898 2002 	ldrb.w	r2, [r8, #2]
10003bd6:	440a      	add	r2, r1
10003bd8:	b2d2      	uxtb	r2, r2
10003bda:	482b      	ldr	r0, [pc, #172]	@ (10003c88 <process_set_config+0x1b4>)
10003bdc:	4410      	add	r0, r2
10003bde:	7900      	ldrb	r0, [r0, #4]
10003be0:	28ff      	cmp	r0, #255	@ 0xff
10003be2:	d10b      	bne.n	10003bfc <process_set_config+0x128>
10003be4:	4828      	ldr	r0, [pc, #160]	@ (10003c88 <process_set_config+0x1b4>)
10003be6:	4402      	add	r2, r0
10003be8:	7114      	strb	r4, [r2, #4]
10003bea:	3101      	adds	r1, #1
10003bec:	b2c9      	uxtb	r1, r1
10003bee:	e7ee      	b.n	10003bce <process_set_config+0xfa>
10003bf0:	6939      	ldr	r1, [r7, #16]
10003bf2:	4a29      	ldr	r2, [pc, #164]	@ (10003c98 <process_set_config+0x1c4>)
10003bf4:	4291      	cmp	r1, r2
10003bf6:	d1e9      	bne.n	10003bcc <process_set_config+0xf8>
10003bf8:	9b01      	ldr	r3, [sp, #4]
10003bfa:	e7e7      	b.n	10003bcc <process_set_config+0xf8>
10003bfc:	f240 4219 	movw	r2, #1049	@ 0x419
10003c00:	491f      	ldr	r1, [pc, #124]	@ (10003c80 <process_set_config+0x1ac>)
10003c02:	4820      	ldr	r0, [pc, #128]	@ (10003c84 <process_set_config+0x1b0>)
10003c04:	f7ff f9e4 	bl	10002fd0 <__wrap_printf>
10003c08:	f04f 23e0 	mov.w	r3, #3758153728	@ 0xe000e000
10003c0c:	f8d3 3df0 	ldr.w	r3, [r3, #3568]	@ 0xdf0
10003c10:	f013 0f01 	tst.w	r3, #1
10003c14:	d000      	beq.n	10003c18 <process_set_config+0x144>
10003c16:	be00      	bkpt	0x0000
10003c18:	2000      	movs	r0, #0
10003c1a:	e778      	b.n	10003b0e <process_set_config+0x3a>
10003c1c:	4623      	mov	r3, r4
10003c1e:	464a      	mov	r2, r9
10003c20:	4641      	mov	r1, r8
10003c22:	481e      	ldr	r0, [pc, #120]	@ (10003c9c <process_set_config+0x1c8>)
10003c24:	f001 fd66 	bl	100056f4 <tu_edpt_bind_driver>
10003c28:	44c8      	add	r8, r9
10003c2a:	4b19      	ldr	r3, [pc, #100]	@ (10003c90 <process_set_config+0x1bc>)
10003c2c:	781b      	ldrb	r3, [r3, #0]
10003c2e:	3301      	adds	r3, #1
10003c30:	429e      	cmp	r6, r3
10003c32:	dc12      	bgt.n	10003c5a <process_set_config+0x186>
10003c34:	45d8      	cmp	r8, fp
10003c36:	d220      	bcs.n	10003c7a <process_set_config+0x1a6>
10003c38:	f898 3001 	ldrb.w	r3, [r8, #1]
10003c3c:	2b0b      	cmp	r3, #11
10003c3e:	f43f af7d 	beq.w	10003b3c <process_set_config+0x68>
10003c42:	2301      	movs	r3, #1
10003c44:	f898 2001 	ldrb.w	r2, [r8, #1]
10003c48:	2a04      	cmp	r2, #4
10003c4a:	f47f af7d 	bne.w	10003b48 <process_set_config+0x74>
10003c4e:	ebab 0508 	sub.w	r5, fp, r8
10003c52:	b2ad      	uxth	r5, r5
10003c54:	2400      	movs	r4, #0
10003c56:	461f      	mov	r7, r3
10003c58:	e796      	b.n	10003b88 <process_set_config+0xb4>
10003c5a:	f44f 6285 	mov.w	r2, #1064	@ 0x428
10003c5e:	4908      	ldr	r1, [pc, #32]	@ (10003c80 <process_set_config+0x1ac>)
10003c60:	4808      	ldr	r0, [pc, #32]	@ (10003c84 <process_set_config+0x1b0>)
10003c62:	f7ff f9b5 	bl	10002fd0 <__wrap_printf>
10003c66:	f04f 23e0 	mov.w	r3, #3758153728	@ 0xe000e000
10003c6a:	f8d3 3df0 	ldr.w	r3, [r3, #3568]	@ 0xdf0
10003c6e:	f013 0f01 	tst.w	r3, #1
10003c72:	d000      	beq.n	10003c76 <process_set_config+0x1a2>
10003c74:	be00      	bkpt	0x0000
10003c76:	2000      	movs	r0, #0
10003c78:	e749      	b.n	10003b0e <process_set_config+0x3a>
10003c7a:	2001      	movs	r0, #1
10003c7c:	e747      	b.n	10003b0e <process_set_config+0x3a>
10003c7e:	bf00      	nop
10003c80:	10006e30 	.word	0x10006e30
10003c84:	10006a04 	.word	0x10006a04
10003c88:	20001218 	.word	0x20001218
10003c8c:	10006e90 	.word	0x10006e90
10003c90:	20001ad9 	.word	0x20001ad9
10003c94:	20001048 	.word	0x20001048
10003c98:	10004e0d 	.word	0x10004e0d
10003c9c:	2000122c 	.word	0x2000122c

10003ca0 <tud_event_hook_cb>:
10003ca0:	4770      	bx	lr

10003ca2 <tud_sof_cb>:
10003ca2:	4770      	bx	lr

10003ca4 <tud_descriptor_device_qualifier_cb>:
10003ca4:	2000      	movs	r0, #0
10003ca6:	4770      	bx	lr

10003ca8 <tud_descriptor_other_speed_configuration_cb>:
10003ca8:	2000      	movs	r0, #0
10003caa:	4770      	bx	lr

10003cac <process_get_descriptor>:
10003cac:	b538      	push	{r3, r4, r5, lr}
10003cae:	4605      	mov	r5, r0
10003cb0:	460c      	mov	r4, r1
10003cb2:	884b      	ldrh	r3, [r1, #2]
10003cb4:	0a1a      	lsrs	r2, r3, #8
10003cb6:	b2d8      	uxtb	r0, r3
10003cb8:	1e53      	subs	r3, r2, #1
10003cba:	2b0e      	cmp	r3, #14
10003cbc:	d864      	bhi.n	10003d88 <process_get_descriptor+0xdc>
10003cbe:	e8df f003 	tbb	[pc, r3]
10003cc2:	2d08      	.short	0x2d08
10003cc4:	5963634e 	.word	0x5963634e
10003cc8:	6363632d 	.word	0x6363632d
10003ccc:	63636363 	.word	0x63636363
10003cd0:	22          	.byte	0x22
10003cd1:	00          	.byte	0x00
10003cd2:	f7ff fc19 	bl	10003508 <tud_descriptor_device_cb>
10003cd6:	4602      	mov	r2, r0
10003cd8:	b128      	cbz	r0, 10003ce6 <process_get_descriptor+0x3a>
10003cda:	2312      	movs	r3, #18
10003cdc:	4621      	mov	r1, r4
10003cde:	4628      	mov	r0, r5
10003ce0:	f000 fdd6 	bl	10004890 <tud_control_xfer>
10003ce4:	e051      	b.n	10003d8a <process_get_descriptor+0xde>
10003ce6:	f240 423a 	movw	r2, #1082	@ 0x43a
10003cea:	492c      	ldr	r1, [pc, #176]	@ (10003d9c <process_get_descriptor+0xf0>)
10003cec:	482c      	ldr	r0, [pc, #176]	@ (10003da0 <process_get_descriptor+0xf4>)
10003cee:	f7ff f96f 	bl	10002fd0 <__wrap_printf>
10003cf2:	f04f 23e0 	mov.w	r3, #3758153728	@ 0xe000e000
10003cf6:	f8d3 3df0 	ldr.w	r3, [r3, #3568]	@ 0xdf0
10003cfa:	f013 0f01 	tst.w	r3, #1
10003cfe:	d000      	beq.n	10003d02 <process_get_descriptor+0x56>
10003d00:	be00      	bkpt	0x0000
10003d02:	2000      	movs	r0, #0
10003d04:	e041      	b.n	10003d8a <process_get_descriptor+0xde>
10003d06:	f7ff f9bf 	bl	10003088 <tud_descriptor_bos_cb>
10003d0a:	4602      	mov	r2, r0
10003d0c:	2800      	cmp	r0, #0
10003d0e:	d03d      	beq.n	10003d8c <process_get_descriptor+0xe0>
10003d10:	8843      	ldrh	r3, [r0, #2]
10003d12:	4621      	mov	r1, r4
10003d14:	4628      	mov	r0, r5
10003d16:	f000 fdbb 	bl	10004890 <tud_control_xfer>
10003d1a:	e036      	b.n	10003d8a <process_get_descriptor+0xde>
10003d1c:	2a02      	cmp	r2, #2
10003d1e:	d009      	beq.n	10003d34 <process_get_descriptor+0x88>
10003d20:	f7ff ffc2 	bl	10003ca8 <tud_descriptor_other_speed_configuration_cb>
10003d24:	4602      	mov	r2, r0
10003d26:	b398      	cbz	r0, 10003d90 <process_get_descriptor+0xe4>
10003d28:	8853      	ldrh	r3, [r2, #2]
10003d2a:	4621      	mov	r1, r4
10003d2c:	4628      	mov	r0, r5
10003d2e:	f000 fdaf 	bl	10004890 <tud_control_xfer>
10003d32:	e02a      	b.n	10003d8a <process_get_descriptor+0xde>
10003d34:	f7ff fbec 	bl	10003510 <tud_descriptor_configuration_cb>
10003d38:	4602      	mov	r2, r0
10003d3a:	2800      	cmp	r0, #0
10003d3c:	d1f4      	bne.n	10003d28 <process_get_descriptor+0x7c>
10003d3e:	f240 4261 	movw	r2, #1121	@ 0x461
10003d42:	4916      	ldr	r1, [pc, #88]	@ (10003d9c <process_get_descriptor+0xf0>)
10003d44:	4816      	ldr	r0, [pc, #88]	@ (10003da0 <process_get_descriptor+0xf4>)
10003d46:	f7ff f943 	bl	10002fd0 <__wrap_printf>
10003d4a:	f04f 23e0 	mov.w	r3, #3758153728	@ 0xe000e000
10003d4e:	f8d3 3df0 	ldr.w	r3, [r3, #3568]	@ 0xdf0
10003d52:	f013 0f01 	tst.w	r3, #1
10003d56:	d000      	beq.n	10003d5a <process_get_descriptor+0xae>
10003d58:	be00      	bkpt	0x0000
10003d5a:	2000      	movs	r0, #0
10003d5c:	e015      	b.n	10003d8a <process_get_descriptor+0xde>
10003d5e:	88a1      	ldrh	r1, [r4, #4]
10003d60:	f7ff fbda 	bl	10003518 <tud_descriptor_string_cb>
10003d64:	4602      	mov	r2, r0
10003d66:	b1a8      	cbz	r0, 10003d94 <process_get_descriptor+0xe8>
10003d68:	7803      	ldrb	r3, [r0, #0]
10003d6a:	4621      	mov	r1, r4
10003d6c:	4628      	mov	r0, r5
10003d6e:	f000 fd8f 	bl	10004890 <tud_control_xfer>
10003d72:	e00a      	b.n	10003d8a <process_get_descriptor+0xde>
10003d74:	f7ff ff96 	bl	10003ca4 <tud_descriptor_device_qualifier_cb>
10003d78:	4602      	mov	r2, r0
10003d7a:	b168      	cbz	r0, 10003d98 <process_get_descriptor+0xec>
10003d7c:	7803      	ldrb	r3, [r0, #0]
10003d7e:	4621      	mov	r1, r4
10003d80:	4628      	mov	r0, r5
10003d82:	f000 fd85 	bl	10004890 <tud_control_xfer>
10003d86:	e000      	b.n	10003d8a <process_get_descriptor+0xde>
10003d88:	2000      	movs	r0, #0
10003d8a:	bd38      	pop	{r3, r4, r5, pc}
10003d8c:	2000      	movs	r0, #0
10003d8e:	e7fc      	b.n	10003d8a <process_get_descriptor+0xde>
10003d90:	2000      	movs	r0, #0
10003d92:	e7fa      	b.n	10003d8a <process_get_descriptor+0xde>
10003d94:	2000      	movs	r0, #0
10003d96:	e7f8      	b.n	10003d8a <process_get_descriptor+0xde>
10003d98:	2000      	movs	r0, #0
10003d9a:	e7f6      	b.n	10003d8a <process_get_descriptor+0xde>
10003d9c:	10006e18 	.word	0x10006e18
10003da0:	10006a04 	.word	0x10006a04

10003da4 <tud_mount_cb>:
10003da4:	4770      	bx	lr

10003da6 <tud_umount_cb>:
10003da6:	4770      	bx	lr

10003da8 <tud_suspend_cb>:
10003da8:	4770      	bx	lr

10003daa <tud_resume_cb>:
10003daa:	4770      	bx	lr

10003dac <tud_mounted>:
10003dac:	4b03      	ldr	r3, [pc, #12]	@ (10003dbc <tud_mounted+0x10>)
10003dae:	7858      	ldrb	r0, [r3, #1]
10003db0:	b2c0      	uxtb	r0, r0
10003db2:	3800      	subs	r0, #0
10003db4:	bf18      	it	ne
10003db6:	2001      	movne	r0, #1
10003db8:	4770      	bx	lr
10003dba:	bf00      	nop
10003dbc:	20001218 	.word	0x20001218

10003dc0 <tud_suspended>:
10003dc0:	4b02      	ldr	r3, [pc, #8]	@ (10003dcc <tud_suspended+0xc>)
10003dc2:	7818      	ldrb	r0, [r3, #0]
10003dc4:	f3c0 0080 	ubfx	r0, r0, #2, #1
10003dc8:	4770      	bx	lr
10003dca:	bf00      	nop
10003dcc:	20001218 	.word	0x20001218

10003dd0 <tud_inited>:
10003dd0:	4b02      	ldr	r3, [pc, #8]	@ (10003ddc <tud_inited+0xc>)
10003dd2:	7818      	ldrb	r0, [r3, #0]
10003dd4:	38ff      	subs	r0, #255	@ 0xff
10003dd6:	bf18      	it	ne
10003dd8:	2001      	movne	r0, #1
10003dda:	4770      	bx	lr
10003ddc:	20000eb0 	.word	0x20000eb0

10003de0 <tud_rhport_init>:
10003de0:	b5f8      	push	{r3, r4, r5, r6, r7, lr}
10003de2:	4606      	mov	r6, r0
10003de4:	460d      	mov	r5, r1
10003de6:	f7ff fff3 	bl	10003dd0 <tud_inited>
10003dea:	4607      	mov	r7, r0
10003dec:	2800      	cmp	r0, #0
10003dee:	d154      	bne.n	10003e9a <tud_rhport_init+0xba>
10003df0:	b305      	cbz	r5, 10003e34 <tud_rhport_init+0x54>
10003df2:	2254      	movs	r2, #84	@ 0x54
10003df4:	2100      	movs	r1, #0
10003df6:	4837      	ldr	r0, [pc, #220]	@ (10003ed4 <tud_rhport_init+0xf4>)
10003df8:	f002 f86e 	bl	10005ed8 <memset>
10003dfc:	4b36      	ldr	r3, [pc, #216]	@ (10003ed8 <tud_rhport_init+0xf8>)
10003dfe:	2200      	movs	r2, #0
10003e00:	701a      	strb	r2, [r3, #0]
10003e02:	4c36      	ldr	r4, [pc, #216]	@ (10003edc <tud_rhport_init+0xfc>)
10003e04:	4620      	mov	r0, r4
10003e06:	f7fc fd97 	bl	10000938 <mutex_init>
10003e0a:	4b35      	ldr	r3, [pc, #212]	@ (10003ee0 <tud_rhport_init+0x100>)
10003e0c:	601c      	str	r4, [r3, #0]
10003e0e:	4c35      	ldr	r4, [pc, #212]	@ (10003ee4 <tud_rhport_init+0x104>)
10003e10:	4620      	mov	r0, r4
10003e12:	f7fc fddb 	bl	100009cc <critical_section_init>
10003e16:	3c14      	subs	r4, #20
10003e18:	4620      	mov	r0, r4
10003e1a:	f002 f825 	bl	10005e68 <tu_fifo_clear>
10003e1e:	4b32      	ldr	r3, [pc, #200]	@ (10003ee8 <tud_rhport_init+0x108>)
10003e20:	601c      	str	r4, [r3, #0]
10003e22:	4b32      	ldr	r3, [pc, #200]	@ (10003eec <tud_rhport_init+0x10c>)
10003e24:	b123      	cbz	r3, 10003e30 <tud_rhport_init+0x50>
10003e26:	4832      	ldr	r0, [pc, #200]	@ (10003ef0 <tud_rhport_init+0x110>)
10003e28:	f7ff f94a 	bl	100030c0 <usbd_app_driver_get_cb>
10003e2c:	4b31      	ldr	r3, [pc, #196]	@ (10003ef4 <tud_rhport_init+0x114>)
10003e2e:	6018      	str	r0, [r3, #0]
10003e30:	2400      	movs	r4, #0
10003e32:	e017      	b.n	10003e64 <tud_rhport_init+0x84>
10003e34:	f44f 72e9 	mov.w	r2, #466	@ 0x1d2
10003e38:	492f      	ldr	r1, [pc, #188]	@ (10003ef8 <tud_rhport_init+0x118>)
10003e3a:	4830      	ldr	r0, [pc, #192]	@ (10003efc <tud_rhport_init+0x11c>)
10003e3c:	f7ff f8c8 	bl	10002fd0 <__wrap_printf>
10003e40:	f04f 23e0 	mov.w	r3, #3758153728	@ 0xe000e000
10003e44:	f8d3 3df0 	ldr.w	r3, [r3, #3568]	@ 0xdf0
10003e48:	f013 0f01 	tst.w	r3, #1
10003e4c:	d025      	beq.n	10003e9a <tud_rhport_init+0xba>
10003e4e:	be00      	bkpt	0x0000
10003e50:	e023      	b.n	10003e9a <tud_rhport_init+0xba>
10003e52:	1ad2      	subs	r2, r2, r3
10003e54:	4b2a      	ldr	r3, [pc, #168]	@ (10003f00 <tud_rhport_init+0x120>)
10003e56:	eb03 1342 	add.w	r3, r3, r2, lsl #5
10003e5a:	685b      	ldr	r3, [r3, #4]
10003e5c:	b17b      	cbz	r3, 10003e7e <tud_rhport_init+0x9e>
10003e5e:	4798      	blx	r3
10003e60:	3401      	adds	r4, #1
10003e62:	b2e4      	uxtb	r4, r4
10003e64:	4b22      	ldr	r3, [pc, #136]	@ (10003ef0 <tud_rhport_init+0x110>)
10003e66:	781b      	ldrb	r3, [r3, #0]
10003e68:	4622      	mov	r2, r4
10003e6a:	1c59      	adds	r1, r3, #1
10003e6c:	42a1      	cmp	r1, r4
10003e6e:	db16      	blt.n	10003e9e <tud_rhport_init+0xbe>
10003e70:	42a3      	cmp	r3, r4
10003e72:	d9ee      	bls.n	10003e52 <tud_rhport_init+0x72>
10003e74:	4b1f      	ldr	r3, [pc, #124]	@ (10003ef4 <tud_rhport_init+0x114>)
10003e76:	681b      	ldr	r3, [r3, #0]
10003e78:	eb13 1344 	adds.w	r3, r3, r4, lsl #5
10003e7c:	d1ed      	bne.n	10003e5a <tud_rhport_init+0x7a>
10003e7e:	f44f 72f8 	mov.w	r2, #496	@ 0x1f0
10003e82:	491d      	ldr	r1, [pc, #116]	@ (10003ef8 <tud_rhport_init+0x118>)
10003e84:	481d      	ldr	r0, [pc, #116]	@ (10003efc <tud_rhport_init+0x11c>)
10003e86:	f7ff f8a3 	bl	10002fd0 <__wrap_printf>
10003e8a:	f04f 23e0 	mov.w	r3, #3758153728	@ 0xe000e000
10003e8e:	f8d3 3df0 	ldr.w	r3, [r3, #3568]	@ 0xdf0
10003e92:	f013 0f01 	tst.w	r3, #1
10003e96:	d000      	beq.n	10003e9a <tud_rhport_init+0xba>
10003e98:	be00      	bkpt	0x0000
10003e9a:	4638      	mov	r0, r7
10003e9c:	bdf8      	pop	{r3, r4, r5, r6, r7, pc}
10003e9e:	4b19      	ldr	r3, [pc, #100]	@ (10003f04 <tud_rhport_init+0x124>)
10003ea0:	701e      	strb	r6, [r3, #0]
10003ea2:	4629      	mov	r1, r5
10003ea4:	4630      	mov	r0, r6
10003ea6:	f7ff fca7 	bl	100037f8 <dcd_init>
10003eaa:	4607      	mov	r7, r0
10003eac:	b118      	cbz	r0, 10003eb6 <tud_rhport_init+0xd6>
10003eae:	4630      	mov	r0, r6
10003eb0:	f7ff fc70 	bl	10003794 <dcd_int_enable>
10003eb4:	e7f1      	b.n	10003e9a <tud_rhport_init+0xba>
10003eb6:	f44f 72fc 	mov.w	r2, #504	@ 0x1f8
10003eba:	490f      	ldr	r1, [pc, #60]	@ (10003ef8 <tud_rhport_init+0x118>)
10003ebc:	480f      	ldr	r0, [pc, #60]	@ (10003efc <tud_rhport_init+0x11c>)
10003ebe:	f7ff f887 	bl	10002fd0 <__wrap_printf>
10003ec2:	f04f 23e0 	mov.w	r3, #3758153728	@ 0xe000e000
10003ec6:	f8d3 3df0 	ldr.w	r3, [r3, #3568]	@ 0xdf0
10003eca:	f013 0f01 	tst.w	r3, #1
10003ece:	d0e4      	beq.n	10003e9a <tud_rhport_init+0xba>
10003ed0:	be00      	bkpt	0x0000
10003ed2:	e7e2      	b.n	10003e9a <tud_rhport_init+0xba>
10003ed4:	20001218 	.word	0x20001218
10003ed8:	20001adb 	.word	0x20001adb
10003edc:	20001210 	.word	0x20001210
10003ee0:	2000126c 	.word	0x2000126c
10003ee4:	20000ea8 	.word	0x20000ea8
10003ee8:	20001270 	.word	0x20001270
10003eec:	100030c1 	.word	0x100030c1
10003ef0:	20001ad9 	.word	0x20001ad9
10003ef4:	20001048 	.word	0x20001048
10003ef8:	10006e80 	.word	0x10006e80
10003efc:	10006a04 	.word	0x10006a04
10003f00:	10006e90 	.word	0x10006e90
10003f04:	20000eb0 	.word	0x20000eb0

10003f08 <usbd_edpt_open>:
10003f08:	b570      	push	{r4, r5, r6, lr}
10003f0a:	4b1a      	ldr	r3, [pc, #104]	@ (10003f74 <usbd_edpt_open+0x6c>)
10003f0c:	781e      	ldrb	r6, [r3, #0]
10003f0e:	788b      	ldrb	r3, [r1, #2]
10003f10:	f013 0f70 	tst.w	r3, #112	@ 0x70
10003f14:	d10e      	bne.n	10003f34 <usbd_edpt_open+0x2c>
10003f16:	460c      	mov	r4, r1
10003f18:	4b17      	ldr	r3, [pc, #92]	@ (10003f78 <usbd_edpt_open+0x70>)
10003f1a:	7899      	ldrb	r1, [r3, #2]
10003f1c:	4620      	mov	r0, r4
10003f1e:	f001 fb79 	bl	10005614 <tu_edpt_validate>
10003f22:	4605      	mov	r5, r0
10003f24:	b1b0      	cbz	r0, 10003f54 <usbd_edpt_open+0x4c>
10003f26:	4621      	mov	r1, r4
10003f28:	4630      	mov	r0, r6
10003f2a:	f7ff fcc5 	bl	100038b8 <dcd_edpt_open>
10003f2e:	4605      	mov	r5, r0
10003f30:	4628      	mov	r0, r5
10003f32:	bd70      	pop	{r4, r5, r6, pc}
10003f34:	f240 520b 	movw	r2, #1291	@ 0x50b
10003f38:	4910      	ldr	r1, [pc, #64]	@ (10003f7c <usbd_edpt_open+0x74>)
10003f3a:	4811      	ldr	r0, [pc, #68]	@ (10003f80 <usbd_edpt_open+0x78>)
10003f3c:	f7ff f848 	bl	10002fd0 <__wrap_printf>
10003f40:	f04f 23e0 	mov.w	r3, #3758153728	@ 0xe000e000
10003f44:	f8d3 3df0 	ldr.w	r3, [r3, #3568]	@ 0xdf0
10003f48:	f013 0f01 	tst.w	r3, #1
10003f4c:	d000      	beq.n	10003f50 <usbd_edpt_open+0x48>
10003f4e:	be00      	bkpt	0x0000
10003f50:	2500      	movs	r5, #0
10003f52:	e7ed      	b.n	10003f30 <usbd_edpt_open+0x28>
10003f54:	f240 520c 	movw	r2, #1292	@ 0x50c
10003f58:	4908      	ldr	r1, [pc, #32]	@ (10003f7c <usbd_edpt_open+0x74>)
10003f5a:	4809      	ldr	r0, [pc, #36]	@ (10003f80 <usbd_edpt_open+0x78>)
10003f5c:	f7ff f838 	bl	10002fd0 <__wrap_printf>
10003f60:	f04f 23e0 	mov.w	r3, #3758153728	@ 0xe000e000
10003f64:	f8d3 3df0 	ldr.w	r3, [r3, #3568]	@ 0xdf0
10003f68:	f013 0f01 	tst.w	r3, #1
10003f6c:	d0e0      	beq.n	10003f30 <usbd_edpt_open+0x28>
10003f6e:	be00      	bkpt	0x0000
10003f70:	e7de      	b.n	10003f30 <usbd_edpt_open+0x28>
10003f72:	bf00      	nop
10003f74:	20000eb0 	.word	0x20000eb0
10003f78:	20001218 	.word	0x20001218
10003f7c:	10006de8 	.word	0x10006de8
10003f80:	10006a04 	.word	0x10006a04

10003f84 <usbd_open_edpt_pair>:
10003f84:	e92d 4ff8 	stmdb	sp!, {r3, r4, r5, r6, r7, r8, r9, sl, fp, lr}
10003f88:	4680      	mov	r8, r0
10003f8a:	460c      	mov	r4, r1
10003f8c:	4616      	mov	r6, r2
10003f8e:	461f      	mov	r7, r3
10003f90:	f8dd 9028 	ldr.w	r9, [sp, #40]	@ 0x28
10003f94:	f8dd a02c 	ldr.w	sl, [sp, #44]	@ 0x2c
10003f98:	2500      	movs	r5, #0
10003f9a:	e026      	b.n	10003fea <usbd_open_edpt_pair+0x66>
10003f9c:	f240 42e7 	movw	r2, #1255	@ 0x4e7
10003fa0:	491f      	ldr	r1, [pc, #124]	@ (10004020 <usbd_open_edpt_pair+0x9c>)
10003fa2:	4820      	ldr	r0, [pc, #128]	@ (10004024 <usbd_open_edpt_pair+0xa0>)
10003fa4:	f7ff f814 	bl	10002fd0 <__wrap_printf>
10003fa8:	f04f 23e0 	mov.w	r3, #3758153728	@ 0xe000e000
10003fac:	f8d3 3df0 	ldr.w	r3, [r3, #3568]	@ 0xdf0
10003fb0:	f013 0f01 	tst.w	r3, #1
10003fb4:	d000      	beq.n	10003fb8 <usbd_open_edpt_pair+0x34>
10003fb6:	be00      	bkpt	0x0000
10003fb8:	f04f 0b00 	mov.w	fp, #0
10003fbc:	4658      	mov	r0, fp
10003fbe:	e8bd 8ff8 	ldmia.w	sp!, {r3, r4, r5, r6, r7, r8, r9, sl, fp, pc}
10003fc2:	f44f 629d 	mov.w	r2, #1256	@ 0x4e8
10003fc6:	4916      	ldr	r1, [pc, #88]	@ (10004020 <usbd_open_edpt_pair+0x9c>)
10003fc8:	4816      	ldr	r0, [pc, #88]	@ (10004024 <usbd_open_edpt_pair+0xa0>)
10003fca:	f7ff f801 	bl	10002fd0 <__wrap_printf>
10003fce:	f04f 23e0 	mov.w	r3, #3758153728	@ 0xe000e000
10003fd2:	f8d3 3df0 	ldr.w	r3, [r3, #3568]	@ 0xdf0
10003fd6:	f013 0f01 	tst.w	r3, #1
10003fda:	d0ef      	beq.n	10003fbc <usbd_open_edpt_pair+0x38>
10003fdc:	be00      	bkpt	0x0000
10003fde:	e7ed      	b.n	10003fbc <usbd_open_edpt_pair+0x38>
10003fe0:	f88a 3000 	strb.w	r3, [sl]
10003fe4:	7823      	ldrb	r3, [r4, #0]
10003fe6:	441c      	add	r4, r3
10003fe8:	3501      	adds	r5, #1
10003fea:	42ae      	cmp	r6, r5
10003fec:	dd14      	ble.n	10004018 <usbd_open_edpt_pair+0x94>
10003fee:	7863      	ldrb	r3, [r4, #1]
10003ff0:	2b05      	cmp	r3, #5
10003ff2:	d1d3      	bne.n	10003f9c <usbd_open_edpt_pair+0x18>
10003ff4:	78e1      	ldrb	r1, [r4, #3]
10003ff6:	f001 0103 	and.w	r1, r1, #3
10003ffa:	42b9      	cmp	r1, r7
10003ffc:	d1ce      	bne.n	10003f9c <usbd_open_edpt_pair+0x18>
10003ffe:	4621      	mov	r1, r4
10004000:	4640      	mov	r0, r8
10004002:	f7ff ff81 	bl	10003f08 <usbd_edpt_open>
10004006:	4683      	mov	fp, r0
10004008:	2800      	cmp	r0, #0
1000400a:	d0da      	beq.n	10003fc2 <usbd_open_edpt_pair+0x3e>
1000400c:	78a3      	ldrb	r3, [r4, #2]
1000400e:	09da      	lsrs	r2, r3, #7
10004010:	d1e6      	bne.n	10003fe0 <usbd_open_edpt_pair+0x5c>
10004012:	f889 3000 	strb.w	r3, [r9]
10004016:	e7e5      	b.n	10003fe4 <usbd_open_edpt_pair+0x60>
10004018:	f04f 0b01 	mov.w	fp, #1
1000401c:	e7ce      	b.n	10003fbc <usbd_open_edpt_pair+0x38>
1000401e:	bf00      	nop
10004020:	10006df8 	.word	0x10006df8
10004024:	10006a04 	.word	0x10006a04

10004028 <usbd_edpt_claim>:
10004028:	b508      	push	{r3, lr}
1000402a:	f001 007f 	and.w	r0, r1, #127	@ 0x7f
1000402e:	0040      	lsls	r0, r0, #1
10004030:	eb00 10d1 	add.w	r0, r0, r1, lsr #7
10004034:	3030      	adds	r0, #48	@ 0x30
10004036:	4b04      	ldr	r3, [pc, #16]	@ (10004048 <usbd_edpt_claim+0x20>)
10004038:	4418      	add	r0, r3
1000403a:	4b04      	ldr	r3, [pc, #16]	@ (1000404c <usbd_edpt_claim+0x24>)
1000403c:	6819      	ldr	r1, [r3, #0]
1000403e:	3004      	adds	r0, #4
10004040:	f001 faa2 	bl	10005588 <tu_edpt_claim>
10004044:	bd08      	pop	{r3, pc}
10004046:	bf00      	nop
10004048:	20001218 	.word	0x20001218
1000404c:	2000126c 	.word	0x2000126c

10004050 <usbd_edpt_release>:
10004050:	b508      	push	{r3, lr}
10004052:	f001 007f 	and.w	r0, r1, #127	@ 0x7f
10004056:	0040      	lsls	r0, r0, #1
10004058:	eb00 10d1 	add.w	r0, r0, r1, lsr #7
1000405c:	3030      	adds	r0, #48	@ 0x30
1000405e:	4b04      	ldr	r3, [pc, #16]	@ (10004070 <usbd_edpt_release+0x20>)
10004060:	4418      	add	r0, r3
10004062:	4b04      	ldr	r3, [pc, #16]	@ (10004074 <usbd_edpt_release+0x24>)
10004064:	6819      	ldr	r1, [r3, #0]
10004066:	3004      	adds	r0, #4
10004068:	f001 fab6 	bl	100055d8 <tu_edpt_release>
1000406c:	bd08      	pop	{r3, pc}
1000406e:	bf00      	nop
10004070:	20001218 	.word	0x20001218
10004074:	2000126c 	.word	0x2000126c

10004078 <usbd_edpt_xfer>:
10004078:	b570      	push	{r4, r5, r6, lr}
1000407a:	481f      	ldr	r0, [pc, #124]	@ (100040f8 <usbd_edpt_xfer+0x80>)
1000407c:	7800      	ldrb	r0, [r0, #0]
1000407e:	f001 057f 	and.w	r5, r1, #127	@ 0x7f
10004082:	4c1e      	ldr	r4, [pc, #120]	@ (100040fc <usbd_edpt_xfer+0x84>)
10004084:	eb04 0c45 	add.w	ip, r4, r5, lsl #1
10004088:	eb0c 1cd1 	add.w	ip, ip, r1, lsr #7
1000408c:	f89c 4034 	ldrb.w	r4, [ip, #52]	@ 0x34
10004090:	f014 0f01 	tst.w	r4, #1
10004094:	d11f      	bne.n	100040d6 <usbd_edpt_xfer+0x5e>
10004096:	09ce      	lsrs	r6, r1, #7
10004098:	4c18      	ldr	r4, [pc, #96]	@ (100040fc <usbd_edpt_xfer+0x84>)
1000409a:	eb04 0445 	add.w	r4, r4, r5, lsl #1
1000409e:	4434      	add	r4, r6
100040a0:	f894 c034 	ldrb.w	ip, [r4, #52]	@ 0x34
100040a4:	f04c 0c01 	orr.w	ip, ip, #1
100040a8:	f884 c034 	strb.w	ip, [r4, #52]	@ 0x34
100040ac:	3430      	adds	r4, #48	@ 0x30
100040ae:	f7ff fc19 	bl	100038e4 <dcd_edpt_xfer>
100040b2:	b9f8      	cbnz	r0, 100040f4 <usbd_edpt_xfer+0x7c>
100040b4:	7922      	ldrb	r2, [r4, #4]
100040b6:	f022 0201 	bic.w	r2, r2, #1
100040ba:	7122      	strb	r2, [r4, #4]
100040bc:	7922      	ldrb	r2, [r4, #4]
100040be:	f022 0204 	bic.w	r2, r2, #4
100040c2:	7122      	strb	r2, [r4, #4]
100040c4:	f04f 23e0 	mov.w	r3, #3758153728	@ 0xe000e000
100040c8:	f8d3 3df0 	ldr.w	r3, [r3, #3568]	@ 0xdf0
100040cc:	f013 0f01 	tst.w	r3, #1
100040d0:	d010      	beq.n	100040f4 <usbd_edpt_xfer+0x7c>
100040d2:	be00      	bkpt	0x0000
100040d4:	e00e      	b.n	100040f4 <usbd_edpt_xfer+0x7c>
100040d6:	f240 5239 	movw	r2, #1337	@ 0x539
100040da:	4909      	ldr	r1, [pc, #36]	@ (10004100 <usbd_edpt_xfer+0x88>)
100040dc:	4809      	ldr	r0, [pc, #36]	@ (10004104 <usbd_edpt_xfer+0x8c>)
100040de:	f7fe ff77 	bl	10002fd0 <__wrap_printf>
100040e2:	f04f 23e0 	mov.w	r3, #3758153728	@ 0xe000e000
100040e6:	f8d3 3df0 	ldr.w	r3, [r3, #3568]	@ 0xdf0
100040ea:	f013 0f01 	tst.w	r3, #1
100040ee:	d000      	beq.n	100040f2 <usbd_edpt_xfer+0x7a>
100040f0:	be00      	bkpt	0x0000
100040f2:	2000      	movs	r0, #0
100040f4:	bd70      	pop	{r4, r5, r6, pc}
100040f6:	bf00      	nop
100040f8:	20000eb0 	.word	0x20000eb0
100040fc:	20001218 	.word	0x20001218
10004100:	10006dd8 	.word	0x10006dd8
10004104:	10006a04 	.word	0x10006a04

10004108 <usbd_edpt_stall>:
10004108:	b538      	push	{r3, r4, r5, lr}
1000410a:	f001 057f 	and.w	r5, r1, #127	@ 0x7f
1000410e:	09cc      	lsrs	r4, r1, #7
10004110:	4b0a      	ldr	r3, [pc, #40]	@ (1000413c <usbd_edpt_stall+0x34>)
10004112:	7818      	ldrb	r0, [r3, #0]
10004114:	f7ff fbfc 	bl	10003910 <dcd_edpt_stall>
10004118:	4b09      	ldr	r3, [pc, #36]	@ (10004140 <usbd_edpt_stall+0x38>)
1000411a:	eb03 0345 	add.w	r3, r3, r5, lsl #1
1000411e:	4423      	add	r3, r4
10004120:	f893 2034 	ldrb.w	r2, [r3, #52]	@ 0x34
10004124:	f042 0202 	orr.w	r2, r2, #2
10004128:	f883 2034 	strb.w	r2, [r3, #52]	@ 0x34
1000412c:	f893 2034 	ldrb.w	r2, [r3, #52]	@ 0x34
10004130:	f042 0201 	orr.w	r2, r2, #1
10004134:	f883 2034 	strb.w	r2, [r3, #52]	@ 0x34
10004138:	bd38      	pop	{r3, r4, r5, pc}
1000413a:	bf00      	nop
1000413c:	20000eb0 	.word	0x20000eb0
10004140:	20001218 	.word	0x20001218

10004144 <usbd_edpt_clear_stall>:
10004144:	b538      	push	{r3, r4, r5, lr}
10004146:	f001 057f 	and.w	r5, r1, #127	@ 0x7f
1000414a:	09cc      	lsrs	r4, r1, #7
1000414c:	4b0a      	ldr	r3, [pc, #40]	@ (10004178 <usbd_edpt_clear_stall+0x34>)
1000414e:	7818      	ldrb	r0, [r3, #0]
10004150:	f7ff fbfa 	bl	10003948 <dcd_edpt_clear_stall>
10004154:	4b09      	ldr	r3, [pc, #36]	@ (1000417c <usbd_edpt_clear_stall+0x38>)
10004156:	eb03 0345 	add.w	r3, r3, r5, lsl #1
1000415a:	4423      	add	r3, r4
1000415c:	f893 2034 	ldrb.w	r2, [r3, #52]	@ 0x34
10004160:	f022 0202 	bic.w	r2, r2, #2
10004164:	f883 2034 	strb.w	r2, [r3, #52]	@ 0x34
10004168:	f893 2034 	ldrb.w	r2, [r3, #52]	@ 0x34
1000416c:	f022 0201 	bic.w	r2, r2, #1
10004170:	f883 2034 	strb.w	r2, [r3, #52]	@ 0x34
10004174:	bd38      	pop	{r3, r4, r5, pc}
10004176:	bf00      	nop
10004178:	20000eb0 	.word	0x20000eb0
1000417c:	20001218 	.word	0x20001218

10004180 <usbd_edpt_stalled>:
10004180:	f001 027f 	and.w	r2, r1, #127	@ 0x7f
10004184:	4b04      	ldr	r3, [pc, #16]	@ (10004198 <usbd_edpt_stalled+0x18>)
10004186:	eb03 0342 	add.w	r3, r3, r2, lsl #1
1000418a:	eb03 11d1 	add.w	r1, r3, r1, lsr #7
1000418e:	f891 0034 	ldrb.w	r0, [r1, #52]	@ 0x34
10004192:	f3c0 0040 	ubfx	r0, r0, #1, #1
10004196:	4770      	bx	lr
10004198:	20001218 	.word	0x20001218

1000419c <process_control_request>:
1000419c:	e92d 41f0 	stmdb	sp!, {r4, r5, r6, r7, r8, lr}
100041a0:	b082      	sub	sp, #8
100041a2:	4606      	mov	r6, r0
100041a4:	460c      	mov	r4, r1
100041a6:	2000      	movs	r0, #0
100041a8:	f000 fbd2 	bl	10004950 <usbd_control_set_complete_callback>
100041ac:	7823      	ldrb	r3, [r4, #0]
100041ae:	f003 0360 	and.w	r3, r3, #96	@ 0x60
100041b2:	2b60      	cmp	r3, #96	@ 0x60
100041b4:	d021      	beq.n	100041fa <process_control_request+0x5e>
100041b6:	2b40      	cmp	r3, #64	@ 0x40
100041b8:	d032      	beq.n	10004220 <process_control_request+0x84>
100041ba:	7822      	ldrb	r2, [r4, #0]
100041bc:	f002 021f 	and.w	r2, r2, #31
100041c0:	2a01      	cmp	r2, #1
100041c2:	f000 8101 	beq.w	100043c8 <process_control_request+0x22c>
100041c6:	2a02      	cmp	r2, #2
100041c8:	f000 8142 	beq.w	10004450 <process_control_request+0x2b4>
100041cc:	2a00      	cmp	r2, #0
100041ce:	f040 81c9 	bne.w	10004564 <process_control_request+0x3c8>
100041d2:	2b20      	cmp	r3, #32
100041d4:	d02e      	beq.n	10004234 <process_control_request+0x98>
100041d6:	2b00      	cmp	r3, #0
100041d8:	d14d      	bne.n	10004276 <process_control_request+0xda>
100041da:	7863      	ldrb	r3, [r4, #1]
100041dc:	2b09      	cmp	r3, #9
100041de:	f200 80e8 	bhi.w	100043b2 <process_control_request+0x216>
100041e2:	e8df f013 	tbh	[pc, r3, lsl #1]
100041e6:	00d3      	.short	0x00d3
100041e8:	00e600c3 	.word	0x00e600c3
100041ec:	00e600b3 	.word	0x00e600b3
100041f0:	00ad0052 	.word	0x00ad0052
100041f4:	006100e6 	.word	0x006100e6
100041f8:	006e      	.short	0x006e
100041fa:	f44f 7235 	mov.w	r2, #724	@ 0x2d4
100041fe:	49b2      	ldr	r1, [pc, #712]	@ (100044c8 <process_control_request+0x32c>)
10004200:	48b2      	ldr	r0, [pc, #712]	@ (100044cc <process_control_request+0x330>)
10004202:	f7fe fee5 	bl	10002fd0 <__wrap_printf>
10004206:	f04f 23e0 	mov.w	r3, #3758153728	@ 0xe000e000
1000420a:	f8d3 3df0 	ldr.w	r3, [r3, #3568]	@ 0xdf0
1000420e:	f013 0f01 	tst.w	r3, #1
10004212:	d000      	beq.n	10004216 <process_control_request+0x7a>
10004214:	be00      	bkpt	0x0000
10004216:	2500      	movs	r5, #0
10004218:	4628      	mov	r0, r5
1000421a:	b002      	add	sp, #8
1000421c:	e8bd 81f0 	ldmia.w	sp!, {r4, r5, r6, r7, r8, pc}
10004220:	48ab      	ldr	r0, [pc, #684]	@ (100044d0 <process_control_request+0x334>)
10004222:	f000 fb95 	bl	10004950 <usbd_control_set_complete_callback>
10004226:	4622      	mov	r2, r4
10004228:	2101      	movs	r1, #1
1000422a:	4630      	mov	r0, r6
1000422c:	f7fe ff30 	bl	10003090 <tud_vendor_control_xfer_cb>
10004230:	4605      	mov	r5, r0
10004232:	e7f1      	b.n	10004218 <process_control_request+0x7c>
10004234:	88a3      	ldrh	r3, [r4, #4]
10004236:	b2db      	uxtb	r3, r3
10004238:	2b0f      	cmp	r3, #15
1000423a:	f200 819d 	bhi.w	10004578 <process_control_request+0x3dc>
1000423e:	4aa5      	ldr	r2, [pc, #660]	@ (100044d4 <process_control_request+0x338>)
10004240:	4413      	add	r3, r2
10004242:	791b      	ldrb	r3, [r3, #4]
10004244:	4aa4      	ldr	r2, [pc, #656]	@ (100044d8 <process_control_request+0x33c>)
10004246:	7812      	ldrb	r2, [r2, #0]
10004248:	4293      	cmp	r3, r2
1000424a:	d206      	bcs.n	1000425a <process_control_request+0xbe>
1000424c:	4aa3      	ldr	r2, [pc, #652]	@ (100044dc <process_control_request+0x340>)
1000424e:	6811      	ldr	r1, [r2, #0]
10004250:	eb11 1143 	adds.w	r1, r1, r3, lsl #5
10004254:	d109      	bne.n	1000426a <process_control_request+0xce>
10004256:	2500      	movs	r5, #0
10004258:	e7de      	b.n	10004218 <process_control_request+0x7c>
1000425a:	1c51      	adds	r1, r2, #1
1000425c:	4299      	cmp	r1, r3
1000425e:	f2c0 818d 	blt.w	1000457c <process_control_request+0x3e0>
10004262:	1a9b      	subs	r3, r3, r2
10004264:	499e      	ldr	r1, [pc, #632]	@ (100044e0 <process_control_request+0x344>)
10004266:	eb01 1143 	add.w	r1, r1, r3, lsl #5
1000426a:	4622      	mov	r2, r4
1000426c:	4630      	mov	r0, r6
1000426e:	f7ff fc23 	bl	10003ab8 <invoke_class_control>
10004272:	4605      	mov	r5, r0
10004274:	e7d0      	b.n	10004218 <process_control_request+0x7c>
10004276:	f04f 23e0 	mov.w	r3, #3758153728	@ 0xe000e000
1000427a:	f8d3 3df0 	ldr.w	r3, [r3, #3568]	@ 0xdf0
1000427e:	f013 0f01 	tst.w	r3, #1
10004282:	d000      	beq.n	10004286 <process_control_request+0xea>
10004284:	be00      	bkpt	0x0000
10004286:	2500      	movs	r5, #0
10004288:	e7c6      	b.n	10004218 <process_control_request+0x7c>
1000428a:	4620      	mov	r0, r4
1000428c:	f000 fb66 	bl	1000495c <usbd_control_set_request>
10004290:	8861      	ldrh	r1, [r4, #2]
10004292:	b2c9      	uxtb	r1, r1
10004294:	4630      	mov	r0, r6
10004296:	f7ff fa91 	bl	100037bc <dcd_set_address>
1000429a:	4a8e      	ldr	r2, [pc, #568]	@ (100044d4 <process_control_request+0x338>)
1000429c:	7813      	ldrb	r3, [r2, #0]
1000429e:	f043 0302 	orr.w	r3, r3, #2
100042a2:	7013      	strb	r3, [r2, #0]
100042a4:	2501      	movs	r5, #1
100042a6:	e7b7      	b.n	10004218 <process_control_request+0x7c>
100042a8:	4b8a      	ldr	r3, [pc, #552]	@ (100044d4 <process_control_request+0x338>)
100042aa:	785b      	ldrb	r3, [r3, #1]
100042ac:	f88d 3006 	strb.w	r3, [sp, #6]
100042b0:	2301      	movs	r3, #1
100042b2:	f10d 0206 	add.w	r2, sp, #6
100042b6:	4621      	mov	r1, r4
100042b8:	4630      	mov	r0, r6
100042ba:	f000 fae9 	bl	10004890 <tud_control_xfer>
100042be:	2501      	movs	r5, #1
100042c0:	e7aa      	b.n	10004218 <process_control_request+0x7c>
100042c2:	8865      	ldrh	r5, [r4, #2]
100042c4:	b2ed      	uxtb	r5, r5
100042c6:	4b83      	ldr	r3, [pc, #524]	@ (100044d4 <process_control_request+0x338>)
100042c8:	785b      	ldrb	r3, [r3, #1]
100042ca:	42ab      	cmp	r3, r5
100042cc:	d032      	beq.n	10004334 <process_control_request+0x198>
100042ce:	4b81      	ldr	r3, [pc, #516]	@ (100044d4 <process_control_request+0x338>)
100042d0:	785b      	ldrb	r3, [r3, #1]
100042d2:	b95b      	cbnz	r3, 100042ec <process_control_request+0x150>
100042d4:	4b7f      	ldr	r3, [pc, #508]	@ (100044d4 <process_control_request+0x338>)
100042d6:	705d      	strb	r5, [r3, #1]
100042d8:	b355      	cbz	r5, 10004330 <process_control_request+0x194>
100042da:	4629      	mov	r1, r5
100042dc:	4630      	mov	r0, r6
100042de:	f7ff fbf9 	bl	10003ad4 <process_set_config>
100042e2:	4605      	mov	r5, r0
100042e4:	b190      	cbz	r0, 1000430c <process_control_request+0x170>
100042e6:	f7ff fd5d 	bl	10003da4 <tud_mount_cb>
100042ea:	e023      	b.n	10004334 <process_control_request+0x198>
100042ec:	2100      	movs	r1, #0
100042ee:	4630      	mov	r0, r6
100042f0:	f7ff fac4 	bl	1000387c <dcd_sof_enable>
100042f4:	4630      	mov	r0, r6
100042f6:	f7ff faf0 	bl	100038da <dcd_edpt_close_all>
100042fa:	4f76      	ldr	r7, [pc, #472]	@ (100044d4 <process_control_request+0x338>)
100042fc:	f897 8002 	ldrb.w	r8, [r7, #2]
10004300:	4630      	mov	r0, r6
10004302:	f7ff fb8b 	bl	10003a1c <configuration_reset>
10004306:	f887 8002 	strb.w	r8, [r7, #2]
1000430a:	e7e3      	b.n	100042d4 <process_control_request+0x138>
1000430c:	f44f 7249 	mov.w	r2, #804	@ 0x324
10004310:	496d      	ldr	r1, [pc, #436]	@ (100044c8 <process_control_request+0x32c>)
10004312:	486e      	ldr	r0, [pc, #440]	@ (100044cc <process_control_request+0x330>)
10004314:	f7fe fe5c 	bl	10002fd0 <__wrap_printf>
10004318:	f04f 23e0 	mov.w	r3, #3758153728	@ 0xe000e000
1000431c:	f8d3 3df0 	ldr.w	r3, [r3, #3568]	@ 0xdf0
10004320:	f013 0f01 	tst.w	r3, #1
10004324:	d000      	beq.n	10004328 <process_control_request+0x18c>
10004326:	be00      	bkpt	0x0000
10004328:	4b6a      	ldr	r3, [pc, #424]	@ (100044d4 <process_control_request+0x338>)
1000432a:	2200      	movs	r2, #0
1000432c:	705a      	strb	r2, [r3, #1]
1000432e:	e773      	b.n	10004218 <process_control_request+0x7c>
10004330:	f7ff fd39 	bl	10003da6 <tud_umount_cb>
10004334:	4621      	mov	r1, r4
10004336:	4630      	mov	r0, r6
10004338:	f000 fa96 	bl	10004868 <tud_control_status>
1000433c:	2501      	movs	r5, #1
1000433e:	e76b      	b.n	10004218 <process_control_request+0x7c>
10004340:	4621      	mov	r1, r4
10004342:	4630      	mov	r0, r6
10004344:	f7ff fcb2 	bl	10003cac <process_get_descriptor>
10004348:	4605      	mov	r5, r0
1000434a:	e765      	b.n	10004218 <process_control_request+0x7c>
1000434c:	8863      	ldrh	r3, [r4, #2]
1000434e:	2b01      	cmp	r3, #1
10004350:	d001      	beq.n	10004356 <process_control_request+0x1ba>
10004352:	2500      	movs	r5, #0
10004354:	e760      	b.n	10004218 <process_control_request+0x7c>
10004356:	4a5f      	ldr	r2, [pc, #380]	@ (100044d4 <process_control_request+0x338>)
10004358:	7813      	ldrb	r3, [r2, #0]
1000435a:	f043 0308 	orr.w	r3, r3, #8
1000435e:	7013      	strb	r3, [r2, #0]
10004360:	4621      	mov	r1, r4
10004362:	4630      	mov	r0, r6
10004364:	f000 fa80 	bl	10004868 <tud_control_status>
10004368:	2501      	movs	r5, #1
1000436a:	e755      	b.n	10004218 <process_control_request+0x7c>
1000436c:	8863      	ldrh	r3, [r4, #2]
1000436e:	2b01      	cmp	r3, #1
10004370:	d001      	beq.n	10004376 <process_control_request+0x1da>
10004372:	2500      	movs	r5, #0
10004374:	e750      	b.n	10004218 <process_control_request+0x7c>
10004376:	4a57      	ldr	r2, [pc, #348]	@ (100044d4 <process_control_request+0x338>)
10004378:	7813      	ldrb	r3, [r2, #0]
1000437a:	f023 0308 	bic.w	r3, r3, #8
1000437e:	7013      	strb	r3, [r2, #0]
10004380:	4621      	mov	r1, r4
10004382:	4630      	mov	r0, r6
10004384:	f000 fa70 	bl	10004868 <tud_control_status>
10004388:	2501      	movs	r5, #1
1000438a:	e745      	b.n	10004218 <process_control_request+0x7c>
1000438c:	4b51      	ldr	r3, [pc, #324]	@ (100044d4 <process_control_request+0x338>)
1000438e:	781a      	ldrb	r2, [r3, #0]
10004390:	0893      	lsrs	r3, r2, #2
10004392:	f003 0302 	and.w	r3, r3, #2
10004396:	f3c2 1240 	ubfx	r2, r2, #5, #1
1000439a:	4313      	orrs	r3, r2
1000439c:	f8ad 3006 	strh.w	r3, [sp, #6]
100043a0:	2302      	movs	r3, #2
100043a2:	f10d 0206 	add.w	r2, sp, #6
100043a6:	4621      	mov	r1, r4
100043a8:	4630      	mov	r0, r6
100043aa:	f000 fa71 	bl	10004890 <tud_control_xfer>
100043ae:	2501      	movs	r5, #1
100043b0:	e732      	b.n	10004218 <process_control_request+0x7c>
100043b2:	f04f 23e0 	mov.w	r3, #3758153728	@ 0xe000e000
100043b6:	f8d3 3df0 	ldr.w	r3, [r3, #3568]	@ 0xdf0
100043ba:	f013 0f01 	tst.w	r3, #1
100043be:	f000 80df 	beq.w	10004580 <process_control_request+0x3e4>
100043c2:	be00      	bkpt	0x0000
100043c4:	2500      	movs	r5, #0
100043c6:	e727      	b.n	10004218 <process_control_request+0x7c>
100043c8:	88a3      	ldrh	r3, [r4, #4]
100043ca:	b2db      	uxtb	r3, r3
100043cc:	2b0f      	cmp	r3, #15
100043ce:	f200 80d9 	bhi.w	10004584 <process_control_request+0x3e8>
100043d2:	4a40      	ldr	r2, [pc, #256]	@ (100044d4 <process_control_request+0x338>)
100043d4:	4413      	add	r3, r2
100043d6:	791b      	ldrb	r3, [r3, #4]
100043d8:	4a3f      	ldr	r2, [pc, #252]	@ (100044d8 <process_control_request+0x33c>)
100043da:	7812      	ldrb	r2, [r2, #0]
100043dc:	4293      	cmp	r3, r2
100043de:	d222      	bcs.n	10004426 <process_control_request+0x28a>
100043e0:	4a3e      	ldr	r2, [pc, #248]	@ (100044dc <process_control_request+0x340>)
100043e2:	6811      	ldr	r1, [r2, #0]
100043e4:	eb11 1143 	adds.w	r1, r1, r3, lsl #5
100043e8:	f000 80ce 	beq.w	10004588 <process_control_request+0x3ec>
100043ec:	4622      	mov	r2, r4
100043ee:	4630      	mov	r0, r6
100043f0:	f7ff fb62 	bl	10003ab8 <invoke_class_control>
100043f4:	4605      	mov	r5, r0
100043f6:	2800      	cmp	r0, #0
100043f8:	f47f af0e 	bne.w	10004218 <process_control_request+0x7c>
100043fc:	7823      	ldrb	r3, [r4, #0]
100043fe:	f013 0f60 	tst.w	r3, #96	@ 0x60
10004402:	f47f af09 	bne.w	10004218 <process_control_request+0x7c>
10004406:	7863      	ldrb	r3, [r4, #1]
10004408:	3b0a      	subs	r3, #10
1000440a:	2b01      	cmp	r3, #1
1000440c:	f63f af04 	bhi.w	10004218 <process_control_request+0x7c>
10004410:	f000 fa9e 	bl	10004950 <usbd_control_set_complete_callback>
10004414:	7863      	ldrb	r3, [r4, #1]
10004416:	2b0a      	cmp	r3, #10
10004418:	d00e      	beq.n	10004438 <process_control_request+0x29c>
1000441a:	4621      	mov	r1, r4
1000441c:	4630      	mov	r0, r6
1000441e:	f000 fa23 	bl	10004868 <tud_control_status>
10004422:	2501      	movs	r5, #1
10004424:	e6f8      	b.n	10004218 <process_control_request+0x7c>
10004426:	1c51      	adds	r1, r2, #1
10004428:	4299      	cmp	r1, r3
1000442a:	f2c0 80af 	blt.w	1000458c <process_control_request+0x3f0>
1000442e:	1a9b      	subs	r3, r3, r2
10004430:	492b      	ldr	r1, [pc, #172]	@ (100044e0 <process_control_request+0x344>)
10004432:	eb01 1143 	add.w	r1, r1, r3, lsl #5
10004436:	e7d9      	b.n	100043ec <process_control_request+0x250>
10004438:	2300      	movs	r3, #0
1000443a:	f88d 3006 	strb.w	r3, [sp, #6]
1000443e:	2301      	movs	r3, #1
10004440:	f10d 0206 	add.w	r2, sp, #6
10004444:	4621      	mov	r1, r4
10004446:	4630      	mov	r0, r6
10004448:	f000 fa22 	bl	10004890 <tud_control_xfer>
1000444c:	2501      	movs	r5, #1
1000444e:	e6e3      	b.n	10004218 <process_control_request+0x7c>
10004450:	88a2      	ldrh	r2, [r4, #4]
10004452:	b2d1      	uxtb	r1, r2
10004454:	f002 057f 	and.w	r5, r2, #127	@ 0x7f
10004458:	f3c2 10c0 	ubfx	r0, r2, #7, #1
1000445c:	f012 0f70 	tst.w	r2, #112	@ 0x70
10004460:	d117      	bne.n	10004492 <process_control_request+0x2f6>
10004462:	4a1c      	ldr	r2, [pc, #112]	@ (100044d4 <process_control_request+0x338>)
10004464:	eb02 0245 	add.w	r2, r2, r5, lsl #1
10004468:	4402      	add	r2, r0
1000446a:	7d12      	ldrb	r2, [r2, #20]
1000446c:	481a      	ldr	r0, [pc, #104]	@ (100044d8 <process_control_request+0x33c>)
1000446e:	7800      	ldrb	r0, [r0, #0]
10004470:	4282      	cmp	r2, r0
10004472:	d21e      	bcs.n	100044b2 <process_control_request+0x316>
10004474:	4819      	ldr	r0, [pc, #100]	@ (100044dc <process_control_request+0x340>)
10004476:	6805      	ldr	r5, [r0, #0]
10004478:	eb05 1542 	add.w	r5, r5, r2, lsl #5
1000447c:	b393      	cbz	r3, 100044e4 <process_control_request+0x348>
1000447e:	2d00      	cmp	r5, #0
10004480:	f000 8086 	beq.w	10004590 <process_control_request+0x3f4>
10004484:	4622      	mov	r2, r4
10004486:	4629      	mov	r1, r5
10004488:	4630      	mov	r0, r6
1000448a:	f7ff fb15 	bl	10003ab8 <invoke_class_control>
1000448e:	4605      	mov	r5, r0
10004490:	e6c2      	b.n	10004218 <process_control_request+0x7c>
10004492:	f240 3295 	movw	r2, #917	@ 0x395
10004496:	490c      	ldr	r1, [pc, #48]	@ (100044c8 <process_control_request+0x32c>)
10004498:	480c      	ldr	r0, [pc, #48]	@ (100044cc <process_control_request+0x330>)
1000449a:	f7fe fd99 	bl	10002fd0 <__wrap_printf>
1000449e:	f04f 23e0 	mov.w	r3, #3758153728	@ 0xe000e000
100044a2:	f8d3 3df0 	ldr.w	r3, [r3, #3568]	@ 0xdf0
100044a6:	f013 0f01 	tst.w	r3, #1
100044aa:	d000      	beq.n	100044ae <process_control_request+0x312>
100044ac:	be00      	bkpt	0x0000
100044ae:	2500      	movs	r5, #0
100044b0:	e6b2      	b.n	10004218 <process_control_request+0x7c>
100044b2:	1c45      	adds	r5, r0, #1
100044b4:	4295      	cmp	r5, r2
100044b6:	db04      	blt.n	100044c2 <process_control_request+0x326>
100044b8:	1a12      	subs	r2, r2, r0
100044ba:	4d09      	ldr	r5, [pc, #36]	@ (100044e0 <process_control_request+0x344>)
100044bc:	eb05 1542 	add.w	r5, r5, r2, lsl #5
100044c0:	e7dc      	b.n	1000447c <process_control_request+0x2e0>
100044c2:	2500      	movs	r5, #0
100044c4:	e7da      	b.n	1000447c <process_control_request+0x2e0>
100044c6:	bf00      	nop
100044c8:	10006e44 	.word	0x10006e44
100044cc:	10006a04 	.word	0x10006a04
100044d0:	10003091 	.word	0x10003091
100044d4:	20001218 	.word	0x20001218
100044d8:	20001ad9 	.word	0x20001ad9
100044dc:	20001048 	.word	0x20001048
100044e0:	10006e90 	.word	0x10006e90
100044e4:	7863      	ldrb	r3, [r4, #1]
100044e6:	2b01      	cmp	r3, #1
100044e8:	d010      	beq.n	1000450c <process_control_request+0x370>
100044ea:	2b03      	cmp	r3, #3
100044ec:	d00e      	beq.n	1000450c <process_control_request+0x370>
100044ee:	bb7b      	cbnz	r3, 10004550 <process_control_request+0x3b4>
100044f0:	4630      	mov	r0, r6
100044f2:	f7ff fe45 	bl	10004180 <usbd_edpt_stalled>
100044f6:	f8ad 0006 	strh.w	r0, [sp, #6]
100044fa:	2302      	movs	r3, #2
100044fc:	f10d 0206 	add.w	r2, sp, #6
10004500:	4621      	mov	r1, r4
10004502:	4630      	mov	r0, r6
10004504:	f000 f9c4 	bl	10004890 <tud_control_xfer>
10004508:	2501      	movs	r5, #1
1000450a:	e685      	b.n	10004218 <process_control_request+0x7c>
1000450c:	8862      	ldrh	r2, [r4, #2]
1000450e:	b922      	cbnz	r2, 1000451a <process_control_request+0x37e>
10004510:	2b01      	cmp	r3, #1
10004512:	d019      	beq.n	10004548 <process_control_request+0x3ac>
10004514:	4630      	mov	r0, r6
10004516:	f7ff fdf7 	bl	10004108 <usbd_edpt_stall>
1000451a:	2d00      	cmp	r5, #0
1000451c:	d03a      	beq.n	10004594 <process_control_request+0x3f8>
1000451e:	4622      	mov	r2, r4
10004520:	4629      	mov	r1, r5
10004522:	4630      	mov	r0, r6
10004524:	f7ff fac8 	bl	10003ab8 <invoke_class_control>
10004528:	2000      	movs	r0, #0
1000452a:	f000 fa11 	bl	10004950 <usbd_control_set_complete_callback>
1000452e:	4b1b      	ldr	r3, [pc, #108]	@ (1000459c <process_control_request+0x400>)
10004530:	f893 5035 	ldrb.w	r5, [r3, #53]	@ 0x35
10004534:	f015 0501 	ands.w	r5, r5, #1
10004538:	f47f ae6e 	bne.w	10004218 <process_control_request+0x7c>
1000453c:	4621      	mov	r1, r4
1000453e:	4630      	mov	r0, r6
10004540:	f000 f992 	bl	10004868 <tud_control_status>
10004544:	2501      	movs	r5, #1
10004546:	e667      	b.n	10004218 <process_control_request+0x7c>
10004548:	4630      	mov	r0, r6
1000454a:	f7ff fdfb 	bl	10004144 <usbd_edpt_clear_stall>
1000454e:	e7e4      	b.n	1000451a <process_control_request+0x37e>
10004550:	f04f 23e0 	mov.w	r3, #3758153728	@ 0xe000e000
10004554:	f8d3 3df0 	ldr.w	r3, [r3, #3568]	@ 0xdf0
10004558:	f013 0f01 	tst.w	r3, #1
1000455c:	d000      	beq.n	10004560 <process_control_request+0x3c4>
1000455e:	be00      	bkpt	0x0000
10004560:	2500      	movs	r5, #0
10004562:	e659      	b.n	10004218 <process_control_request+0x7c>
10004564:	f04f 23e0 	mov.w	r3, #3758153728	@ 0xe000e000
10004568:	f8d3 3df0 	ldr.w	r3, [r3, #3568]	@ 0xdf0
1000456c:	f013 0f01 	tst.w	r3, #1
10004570:	d012      	beq.n	10004598 <process_control_request+0x3fc>
10004572:	be00      	bkpt	0x0000
10004574:	2500      	movs	r5, #0
10004576:	e64f      	b.n	10004218 <process_control_request+0x7c>
10004578:	2500      	movs	r5, #0
1000457a:	e64d      	b.n	10004218 <process_control_request+0x7c>
1000457c:	2500      	movs	r5, #0
1000457e:	e64b      	b.n	10004218 <process_control_request+0x7c>
10004580:	2500      	movs	r5, #0
10004582:	e649      	b.n	10004218 <process_control_request+0x7c>
10004584:	2500      	movs	r5, #0
10004586:	e647      	b.n	10004218 <process_control_request+0x7c>
10004588:	2500      	movs	r5, #0
1000458a:	e645      	b.n	10004218 <process_control_request+0x7c>
1000458c:	2500      	movs	r5, #0
1000458e:	e643      	b.n	10004218 <process_control_request+0x7c>
10004590:	2500      	movs	r5, #0
10004592:	e641      	b.n	10004218 <process_control_request+0x7c>
10004594:	2501      	movs	r5, #1
10004596:	e63f      	b.n	10004218 <process_control_request+0x7c>
10004598:	2500      	movs	r5, #0
1000459a:	e63d      	b.n	10004218 <process_control_request+0x7c>
1000459c:	20001218 	.word	0x20001218

100045a0 <tud_task_ext>:
100045a0:	b510      	push	{r4, lr}
100045a2:	b084      	sub	sp, #16
100045a4:	f7ff fc14 	bl	10003dd0 <tud_inited>
100045a8:	b948      	cbnz	r0, 100045be <tud_task_ext+0x1e>
100045aa:	b004      	add	sp, #16
100045ac:	bd10      	pop	{r4, pc}
100045ae:	f89d 0004 	ldrb.w	r0, [sp, #4]
100045b2:	f7ff fa7b 	bl	10003aac <usbd_reset>
100045b6:	f89d 2008 	ldrb.w	r2, [sp, #8]
100045ba:	4b85      	ldr	r3, [pc, #532]	@ (100047d0 <tud_task_ext+0x230>)
100045bc:	709a      	strb	r2, [r3, #2]
100045be:	4b85      	ldr	r3, [pc, #532]	@ (100047d4 <tud_task_ext+0x234>)
100045c0:	681c      	ldr	r4, [r3, #0]
100045c2:	6963      	ldr	r3, [r4, #20]
100045c4:	f3ef 8210 	mrs	r2, PRIMASK
100045c8:	b672      	cpsid	i
100045ca:	e8d3 0fcf 	ldaexb	r0, [r3]
100045ce:	2101      	movs	r1, #1
100045d0:	2800      	cmp	r0, #0
100045d2:	d1fa      	bne.n	100045ca <tud_task_ext+0x2a>
100045d4:	e8c3 1f40 	strexb	r0, r1, [r3]
100045d8:	2800      	cmp	r0, #0
100045da:	d1f6      	bne.n	100045ca <tud_task_ext+0x2a>
100045dc:	f3bf 8f5f 	dmb	sy
100045e0:	61a2      	str	r2, [r4, #24]
100045e2:	a901      	add	r1, sp, #4
100045e4:	4620      	mov	r0, r4
100045e6:	f001 fbe7 	bl	10005db8 <tu_fifo_read>
100045ea:	6961      	ldr	r1, [r4, #20]
100045ec:	69a3      	ldr	r3, [r4, #24]
100045ee:	2200      	movs	r2, #0
100045f0:	e8c1 2f8f 	stlb	r2, [r1]
100045f4:	f383 8810 	msr	PRIMASK, r3
100045f8:	2800      	cmp	r0, #0
100045fa:	d0d6      	beq.n	100045aa <tud_task_ext+0xa>
100045fc:	f89d 3005 	ldrb.w	r3, [sp, #5]
10004600:	3b01      	subs	r3, #1
10004602:	2b07      	cmp	r3, #7
10004604:	f200 80da 	bhi.w	100047bc <tud_task_ext+0x21c>
10004608:	a201      	add	r2, pc, #4	@ (adr r2, 10004610 <tud_task_ext+0x70>)
1000460a:	f852 f023 	ldr.w	pc, [r2, r3, lsl #2]
1000460e:	bf00      	nop
10004610:	100045af 	.word	0x100045af
10004614:	10004631 	.word	0x10004631
10004618:	100047a9 	.word	0x100047a9
1000461c:	1000476f 	.word	0x1000476f
10004620:	10004789 	.word	0x10004789
10004624:	1000463f 	.word	0x1000463f
10004628:	100046d5 	.word	0x100046d5
1000462c:	1000479b 	.word	0x1000479b
10004630:	f89d 0004 	ldrb.w	r0, [sp, #4]
10004634:	f7ff fa3a 	bl	10003aac <usbd_reset>
10004638:	f7ff fbb5 	bl	10003da6 <tud_umount_cb>
1000463c:	e7bf      	b.n	100045be <tud_task_ext+0x1e>
1000463e:	4b66      	ldr	r3, [pc, #408]	@ (100047d8 <tud_task_ext+0x238>)
10004640:	781b      	ldrb	r3, [r3, #0]
10004642:	2b00      	cmp	r3, #0
10004644:	d036      	beq.n	100046b4 <tud_task_ext+0x114>
10004646:	4a64      	ldr	r2, [pc, #400]	@ (100047d8 <tud_task_ext+0x238>)
10004648:	7813      	ldrb	r3, [r2, #0]
1000464a:	3b01      	subs	r3, #1
1000464c:	b2db      	uxtb	r3, r3
1000464e:	7013      	strb	r3, [r2, #0]
10004650:	7813      	ldrb	r3, [r2, #0]
10004652:	2b00      	cmp	r3, #0
10004654:	d1b3      	bne.n	100045be <tud_task_ext+0x1e>
10004656:	4b5e      	ldr	r3, [pc, #376]	@ (100047d0 <tud_task_ext+0x230>)
10004658:	781a      	ldrb	r2, [r3, #0]
1000465a:	f042 0201 	orr.w	r2, r2, #1
1000465e:	701a      	strb	r2, [r3, #0]
10004660:	f893 2034 	ldrb.w	r2, [r3, #52]	@ 0x34
10004664:	f022 0201 	bic.w	r2, r2, #1
10004668:	f883 2034 	strb.w	r2, [r3, #52]	@ 0x34
1000466c:	f893 2034 	ldrb.w	r2, [r3, #52]	@ 0x34
10004670:	f022 0204 	bic.w	r2, r2, #4
10004674:	f883 2034 	strb.w	r2, [r3, #52]	@ 0x34
10004678:	f893 2035 	ldrb.w	r2, [r3, #53]	@ 0x35
1000467c:	f022 0201 	bic.w	r2, r2, #1
10004680:	f883 2035 	strb.w	r2, [r3, #53]	@ 0x35
10004684:	f893 2035 	ldrb.w	r2, [r3, #53]	@ 0x35
10004688:	f022 0204 	bic.w	r2, r2, #4
1000468c:	f883 2035 	strb.w	r2, [r3, #53]	@ 0x35
10004690:	a902      	add	r1, sp, #8
10004692:	f89d 0004 	ldrb.w	r0, [sp, #4]
10004696:	f7ff fd81 	bl	1000419c <process_control_request>
1000469a:	2800      	cmp	r0, #0
1000469c:	d18f      	bne.n	100045be <tud_task_ext+0x1e>
1000469e:	2100      	movs	r1, #0
100046a0:	f89d 0004 	ldrb.w	r0, [sp, #4]
100046a4:	f7ff f934 	bl	10003910 <dcd_edpt_stall>
100046a8:	2180      	movs	r1, #128	@ 0x80
100046aa:	f89d 0004 	ldrb.w	r0, [sp, #4]
100046ae:	f7ff f92f 	bl	10003910 <dcd_edpt_stall>
100046b2:	e784      	b.n	100045be <tud_task_ext+0x1e>
100046b4:	f240 2265 	movw	r2, #613	@ 0x265
100046b8:	4948      	ldr	r1, [pc, #288]	@ (100047dc <tud_task_ext+0x23c>)
100046ba:	4849      	ldr	r0, [pc, #292]	@ (100047e0 <tud_task_ext+0x240>)
100046bc:	f7fe fc88 	bl	10002fd0 <__wrap_printf>
100046c0:	f04f 23e0 	mov.w	r3, #3758153728	@ 0xe000e000
100046c4:	f8d3 3df0 	ldr.w	r3, [r3, #3568]	@ 0xdf0
100046c8:	f013 0f01 	tst.w	r3, #1
100046cc:	f43f af6d 	beq.w	100045aa <tud_task_ext+0xa>
100046d0:	be00      	bkpt	0x0000
100046d2:	e76a      	b.n	100045aa <tud_task_ext+0xa>
100046d4:	f89d 1008 	ldrb.w	r1, [sp, #8]
100046d8:	f001 007f 	and.w	r0, r1, #127	@ 0x7f
100046dc:	09cc      	lsrs	r4, r1, #7
100046de:	4b3c      	ldr	r3, [pc, #240]	@ (100047d0 <tud_task_ext+0x230>)
100046e0:	eb03 0340 	add.w	r3, r3, r0, lsl #1
100046e4:	eb03 13d1 	add.w	r3, r3, r1, lsr #7
100046e8:	f893 2034 	ldrb.w	r2, [r3, #52]	@ 0x34
100046ec:	f022 0201 	bic.w	r2, r2, #1
100046f0:	f883 2034 	strb.w	r2, [r3, #52]	@ 0x34
100046f4:	f893 2034 	ldrb.w	r2, [r3, #52]	@ 0x34
100046f8:	f022 0204 	bic.w	r2, r2, #4
100046fc:	f883 2034 	strb.w	r2, [r3, #52]	@ 0x34
10004700:	b1a8      	cbz	r0, 1000472e <tud_task_ext+0x18e>
10004702:	4b33      	ldr	r3, [pc, #204]	@ (100047d0 <tud_task_ext+0x230>)
10004704:	eb03 0340 	add.w	r3, r3, r0, lsl #1
10004708:	4423      	add	r3, r4
1000470a:	7d1b      	ldrb	r3, [r3, #20]
1000470c:	4a35      	ldr	r2, [pc, #212]	@ (100047e4 <tud_task_ext+0x244>)
1000470e:	7812      	ldrb	r2, [r2, #0]
10004710:	4293      	cmp	r3, r2
10004712:	d214      	bcs.n	1000473e <tud_task_ext+0x19e>
10004714:	4a34      	ldr	r2, [pc, #208]	@ (100047e8 <tud_task_ext+0x248>)
10004716:	6812      	ldr	r2, [r2, #0]
10004718:	eb12 1343 	adds.w	r3, r2, r3, lsl #5
1000471c:	d017      	beq.n	1000474e <tud_task_ext+0x1ae>
1000471e:	699c      	ldr	r4, [r3, #24]
10004720:	9b03      	ldr	r3, [sp, #12]
10004722:	f89d 2009 	ldrb.w	r2, [sp, #9]
10004726:	f89d 0004 	ldrb.w	r0, [sp, #4]
1000472a:	47a0      	blx	r4
1000472c:	e747      	b.n	100045be <tud_task_ext+0x1e>
1000472e:	9b03      	ldr	r3, [sp, #12]
10004730:	f89d 2009 	ldrb.w	r2, [sp, #9]
10004734:	f89d 0004 	ldrb.w	r0, [sp, #4]
10004738:	f000 f91e 	bl	10004978 <usbd_control_xfer_cb>
1000473c:	e73f      	b.n	100045be <tud_task_ext+0x1e>
1000473e:	1c50      	adds	r0, r2, #1
10004740:	4298      	cmp	r0, r3
10004742:	db04      	blt.n	1000474e <tud_task_ext+0x1ae>
10004744:	1a9b      	subs	r3, r3, r2
10004746:	4a29      	ldr	r2, [pc, #164]	@ (100047ec <tud_task_ext+0x24c>)
10004748:	eb02 1343 	add.w	r3, r2, r3, lsl #5
1000474c:	e7e7      	b.n	1000471e <tud_task_ext+0x17e>
1000474e:	f44f 7224 	mov.w	r2, #656	@ 0x290
10004752:	4922      	ldr	r1, [pc, #136]	@ (100047dc <tud_task_ext+0x23c>)
10004754:	4822      	ldr	r0, [pc, #136]	@ (100047e0 <tud_task_ext+0x240>)
10004756:	f7fe fc3b 	bl	10002fd0 <__wrap_printf>
1000475a:	f04f 23e0 	mov.w	r3, #3758153728	@ 0xe000e000
1000475e:	f8d3 3df0 	ldr.w	r3, [r3, #3568]	@ 0xdf0
10004762:	f013 0f01 	tst.w	r3, #1
10004766:	f43f af20 	beq.w	100045aa <tud_task_ext+0xa>
1000476a:	be00      	bkpt	0x0000
1000476c:	e71d      	b.n	100045aa <tud_task_ext+0xa>
1000476e:	4b18      	ldr	r3, [pc, #96]	@ (100047d0 <tud_task_ext+0x230>)
10004770:	781b      	ldrb	r3, [r3, #0]
10004772:	f013 0f01 	tst.w	r3, #1
10004776:	f43f af22 	beq.w	100045be <tud_task_ext+0x1e>
1000477a:	4b15      	ldr	r3, [pc, #84]	@ (100047d0 <tud_task_ext+0x230>)
1000477c:	7818      	ldrb	r0, [r3, #0]
1000477e:	f3c0 00c0 	ubfx	r0, r0, #3, #1
10004782:	f7ff fb11 	bl	10003da8 <tud_suspend_cb>
10004786:	e71a      	b.n	100045be <tud_task_ext+0x1e>
10004788:	4b11      	ldr	r3, [pc, #68]	@ (100047d0 <tud_task_ext+0x230>)
1000478a:	781b      	ldrb	r3, [r3, #0]
1000478c:	f013 0f01 	tst.w	r3, #1
10004790:	f43f af15 	beq.w	100045be <tud_task_ext+0x1e>
10004794:	f7ff fb09 	bl	10003daa <tud_resume_cb>
10004798:	e711      	b.n	100045be <tud_task_ext+0x1e>
1000479a:	9b02      	ldr	r3, [sp, #8]
1000479c:	2b00      	cmp	r3, #0
1000479e:	f43f af0e 	beq.w	100045be <tud_task_ext+0x1e>
100047a2:	9803      	ldr	r0, [sp, #12]
100047a4:	4798      	blx	r3
100047a6:	e70a      	b.n	100045be <tud_task_ext+0x1e>
100047a8:	4b09      	ldr	r3, [pc, #36]	@ (100047d0 <tud_task_ext+0x230>)
100047aa:	78db      	ldrb	r3, [r3, #3]
100047ac:	f013 0f01 	tst.w	r3, #1
100047b0:	f43f af05 	beq.w	100045be <tud_task_ext+0x1e>
100047b4:	9802      	ldr	r0, [sp, #8]
100047b6:	f7ff fa74 	bl	10003ca2 <tud_sof_cb>
100047ba:	e700      	b.n	100045be <tud_task_ext+0x1e>
100047bc:	f04f 23e0 	mov.w	r3, #3758153728	@ 0xe000e000
100047c0:	f8d3 3df0 	ldr.w	r3, [r3, #3568]	@ 0xdf0
100047c4:	f013 0f01 	tst.w	r3, #1
100047c8:	f43f aef9 	beq.w	100045be <tud_task_ext+0x1e>
100047cc:	be00      	bkpt	0x0000
100047ce:	e6f6      	b.n	100045be <tud_task_ext+0x1e>
100047d0:	20001218 	.word	0x20001218
100047d4:	20001270 	.word	0x20001270
100047d8:	20001adb 	.word	0x20001adb
100047dc:	10006e70 	.word	0x10006e70
100047e0:	10006a04 	.word	0x10006a04
100047e4:	20001ad9 	.word	0x20001ad9
100047e8:	20001048 	.word	0x20001048
100047ec:	10006e90 	.word	0x10006e90

100047f0 <status_stage_xact>:
100047f0:	b508      	push	{r3, lr}
100047f2:	f991 3000 	ldrsb.w	r3, [r1]
100047f6:	2b00      	cmp	r3, #0
100047f8:	db05      	blt.n	10004806 <status_stage_xact+0x16>
100047fa:	2180      	movs	r1, #128	@ 0x80
100047fc:	2300      	movs	r3, #0
100047fe:	461a      	mov	r2, r3
10004800:	f7ff fc3a 	bl	10004078 <usbd_edpt_xfer>
10004804:	bd08      	pop	{r3, pc}
10004806:	2100      	movs	r1, #0
10004808:	e7f8      	b.n	100047fc <status_stage_xact+0xc>
	...

1000480c <data_stage_xact>:
1000480c:	b5f8      	push	{r3, r4, r5, r6, r7, lr}
1000480e:	4607      	mov	r7, r0
10004810:	4b13      	ldr	r3, [pc, #76]	@ (10004860 <data_stage_xact+0x54>)
10004812:	899e      	ldrh	r6, [r3, #12]
10004814:	89dd      	ldrh	r5, [r3, #14]
10004816:	1b74      	subs	r4, r6, r5
10004818:	b2a4      	uxth	r4, r4
1000481a:	2c40      	cmp	r4, #64	@ 0x40
1000481c:	bf28      	it	cs
1000481e:	2440      	movcs	r4, #64	@ 0x40
10004820:	f993 3000 	ldrsb.w	r3, [r3]
10004824:	2b00      	cmp	r3, #0
10004826:	db08      	blt.n	1000483a <data_stage_xact+0x2e>
10004828:	2100      	movs	r1, #0
1000482a:	42ae      	cmp	r6, r5
1000482c:	d013      	beq.n	10004856 <data_stage_xact+0x4a>
1000482e:	4a0d      	ldr	r2, [pc, #52]	@ (10004864 <data_stage_xact+0x58>)
10004830:	4623      	mov	r3, r4
10004832:	4638      	mov	r0, r7
10004834:	f7ff fc20 	bl	10004078 <usbd_edpt_xfer>
10004838:	bdf8      	pop	{r3, r4, r5, r6, r7, pc}
1000483a:	42ae      	cmp	r6, r5
1000483c:	d009      	beq.n	10004852 <data_stage_xact+0x46>
1000483e:	4b08      	ldr	r3, [pc, #32]	@ (10004860 <data_stage_xact+0x54>)
10004840:	6899      	ldr	r1, [r3, #8]
10004842:	2c40      	cmp	r4, #64	@ 0x40
10004844:	d809      	bhi.n	1000485a <data_stage_xact+0x4e>
10004846:	4622      	mov	r2, r4
10004848:	4806      	ldr	r0, [pc, #24]	@ (10004864 <data_stage_xact+0x58>)
1000484a:	f001 fb93 	bl	10005f74 <memcpy>
1000484e:	2180      	movs	r1, #128	@ 0x80
10004850:	e7eb      	b.n	1000482a <data_stage_xact+0x1e>
10004852:	2180      	movs	r1, #128	@ 0x80
10004854:	e7e9      	b.n	1000482a <data_stage_xact+0x1e>
10004856:	2200      	movs	r2, #0
10004858:	e7ea      	b.n	10004830 <data_stage_xact+0x24>
1000485a:	2000      	movs	r0, #0
1000485c:	e7ec      	b.n	10004838 <data_stage_xact+0x2c>
1000485e:	bf00      	nop
10004860:	200011d8 	.word	0x200011d8
10004864:	20001198 	.word	0x20001198

10004868 <tud_control_status>:
10004868:	b508      	push	{r3, lr}
1000486a:	4686      	mov	lr, r0
1000486c:	460b      	mov	r3, r1
1000486e:	4a07      	ldr	r2, [pc, #28]	@ (1000488c <tud_control_status+0x24>)
10004870:	4694      	mov	ip, r2
10004872:	6808      	ldr	r0, [r1, #0]
10004874:	6849      	ldr	r1, [r1, #4]
10004876:	e8ac 0003 	stmia.w	ip!, {r0, r1}
1000487a:	2100      	movs	r1, #0
1000487c:	6091      	str	r1, [r2, #8]
1000487e:	81d1      	strh	r1, [r2, #14]
10004880:	8191      	strh	r1, [r2, #12]
10004882:	4619      	mov	r1, r3
10004884:	4670      	mov	r0, lr
10004886:	f7ff ffb3 	bl	100047f0 <status_stage_xact>
1000488a:	bd08      	pop	{r3, pc}
1000488c:	200011d8 	.word	0x200011d8

10004890 <tud_control_xfer>:
10004890:	b538      	push	{r3, r4, r5, lr}
10004892:	4605      	mov	r5, r0
10004894:	468c      	mov	ip, r1
10004896:	4c26      	ldr	r4, [pc, #152]	@ (10004930 <tud_control_xfer+0xa0>)
10004898:	46a6      	mov	lr, r4
1000489a:	6808      	ldr	r0, [r1, #0]
1000489c:	6849      	ldr	r1, [r1, #4]
1000489e:	e8ae 0003 	stmia.w	lr!, {r0, r1}
100048a2:	60a2      	str	r2, [r4, #8]
100048a4:	2100      	movs	r1, #0
100048a6:	81e1      	strh	r1, [r4, #14]
100048a8:	f8bc 1006 	ldrh.w	r1, [ip, #6]
100048ac:	428b      	cmp	r3, r1
100048ae:	bf28      	it	cs
100048b0:	460b      	movcs	r3, r1
100048b2:	81a3      	strh	r3, [r4, #12]
100048b4:	f8bc 1006 	ldrh.w	r1, [ip, #6]
100048b8:	b329      	cbz	r1, 10004906 <tud_control_xfer+0x76>
100048ba:	b103      	cbz	r3, 100048be <tud_control_xfer+0x2e>
100048bc:	b132      	cbz	r2, 100048cc <tud_control_xfer+0x3c>
100048be:	4628      	mov	r0, r5
100048c0:	f7ff ffa4 	bl	1000480c <data_stage_xact>
100048c4:	4604      	mov	r4, r0
100048c6:	b180      	cbz	r0, 100048ea <tud_control_xfer+0x5a>
100048c8:	4620      	mov	r0, r4
100048ca:	bd38      	pop	{r3, r4, r5, pc}
100048cc:	2272      	movs	r2, #114	@ 0x72
100048ce:	4919      	ldr	r1, [pc, #100]	@ (10004934 <tud_control_xfer+0xa4>)
100048d0:	4819      	ldr	r0, [pc, #100]	@ (10004938 <tud_control_xfer+0xa8>)
100048d2:	f7fe fb7d 	bl	10002fd0 <__wrap_printf>
100048d6:	f04f 23e0 	mov.w	r3, #3758153728	@ 0xe000e000
100048da:	f8d3 3df0 	ldr.w	r3, [r3, #3568]	@ 0xdf0
100048de:	f013 0f01 	tst.w	r3, #1
100048e2:	d000      	beq.n	100048e6 <tud_control_xfer+0x56>
100048e4:	be00      	bkpt	0x0000
100048e6:	2400      	movs	r4, #0
100048e8:	e7ee      	b.n	100048c8 <tud_control_xfer+0x38>
100048ea:	2274      	movs	r2, #116	@ 0x74
100048ec:	4911      	ldr	r1, [pc, #68]	@ (10004934 <tud_control_xfer+0xa4>)
100048ee:	4812      	ldr	r0, [pc, #72]	@ (10004938 <tud_control_xfer+0xa8>)
100048f0:	f7fe fb6e 	bl	10002fd0 <__wrap_printf>
100048f4:	f04f 23e0 	mov.w	r3, #3758153728	@ 0xe000e000
100048f8:	f8d3 3df0 	ldr.w	r3, [r3, #3568]	@ 0xdf0
100048fc:	f013 0f01 	tst.w	r3, #1
10004900:	d0e2      	beq.n	100048c8 <tud_control_xfer+0x38>
10004902:	be00      	bkpt	0x0000
10004904:	e7e0      	b.n	100048c8 <tud_control_xfer+0x38>
10004906:	4661      	mov	r1, ip
10004908:	4628      	mov	r0, r5
1000490a:	f7ff ff71 	bl	100047f0 <status_stage_xact>
1000490e:	4604      	mov	r4, r0
10004910:	2800      	cmp	r0, #0
10004912:	d1d9      	bne.n	100048c8 <tud_control_xfer+0x38>
10004914:	2276      	movs	r2, #118	@ 0x76
10004916:	4907      	ldr	r1, [pc, #28]	@ (10004934 <tud_control_xfer+0xa4>)
10004918:	4807      	ldr	r0, [pc, #28]	@ (10004938 <tud_control_xfer+0xa8>)
1000491a:	f7fe fb59 	bl	10002fd0 <__wrap_printf>
1000491e:	f04f 23e0 	mov.w	r3, #3758153728	@ 0xe000e000
10004922:	f8d3 3df0 	ldr.w	r3, [r3, #3568]	@ 0xdf0
10004926:	f013 0f01 	tst.w	r3, #1
1000492a:	d0cd      	beq.n	100048c8 <tud_control_xfer+0x38>
1000492c:	be00      	bkpt	0x0000
1000492e:	e7cb      	b.n	100048c8 <tud_control_xfer+0x38>
10004930:	200011d8 	.word	0x200011d8
10004934:	10006ee8 	.word	0x10006ee8
10004938:	10006a04 	.word	0x10006a04

1000493c <usbd_control_reset>:
1000493c:	4b03      	ldr	r3, [pc, #12]	@ (1000494c <usbd_control_reset+0x10>)
1000493e:	2200      	movs	r2, #0
10004940:	601a      	str	r2, [r3, #0]
10004942:	605a      	str	r2, [r3, #4]
10004944:	609a      	str	r2, [r3, #8]
10004946:	60da      	str	r2, [r3, #12]
10004948:	611a      	str	r2, [r3, #16]
1000494a:	4770      	bx	lr
1000494c:	200011d8 	.word	0x200011d8

10004950 <usbd_control_set_complete_callback>:
10004950:	4b01      	ldr	r3, [pc, #4]	@ (10004958 <usbd_control_set_complete_callback+0x8>)
10004952:	6118      	str	r0, [r3, #16]
10004954:	4770      	bx	lr
10004956:	bf00      	nop
10004958:	200011d8 	.word	0x200011d8

1000495c <usbd_control_set_request>:
1000495c:	4601      	mov	r1, r0
1000495e:	4b05      	ldr	r3, [pc, #20]	@ (10004974 <usbd_control_set_request+0x18>)
10004960:	461a      	mov	r2, r3
10004962:	6800      	ldr	r0, [r0, #0]
10004964:	6849      	ldr	r1, [r1, #4]
10004966:	c203      	stmia	r2!, {r0, r1}
10004968:	2200      	movs	r2, #0
1000496a:	609a      	str	r2, [r3, #8]
1000496c:	81da      	strh	r2, [r3, #14]
1000496e:	819a      	strh	r2, [r3, #12]
10004970:	4770      	bx	lr
10004972:	bf00      	nop
10004974:	200011d8 	.word	0x200011d8

10004978 <usbd_control_xfer_cb>:
10004978:	b538      	push	{r3, r4, r5, lr}
1000497a:	4605      	mov	r5, r0
1000497c:	461c      	mov	r4, r3
1000497e:	4b3d      	ldr	r3, [pc, #244]	@ (10004a74 <usbd_control_xfer_cb+0xfc>)
10004980:	781b      	ldrb	r3, [r3, #0]
10004982:	09db      	lsrs	r3, r3, #7
10004984:	ebb3 1fd1 	cmp.w	r3, r1, lsr #7
10004988:	d01c      	beq.n	100049c4 <usbd_control_xfer_cb+0x4c>
1000498a:	b17c      	cbz	r4, 100049ac <usbd_control_xfer_cb+0x34>
1000498c:	229d      	movs	r2, #157	@ 0x9d
1000498e:	493a      	ldr	r1, [pc, #232]	@ (10004a78 <usbd_control_xfer_cb+0x100>)
10004990:	483a      	ldr	r0, [pc, #232]	@ (10004a7c <usbd_control_xfer_cb+0x104>)
10004992:	f7fe fb1d 	bl	10002fd0 <__wrap_printf>
10004996:	f04f 23e0 	mov.w	r3, #3758153728	@ 0xe000e000
1000499a:	f8d3 3df0 	ldr.w	r3, [r3, #3568]	@ 0xdf0
1000499e:	f013 0f01 	tst.w	r3, #1
100049a2:	d000      	beq.n	100049a6 <usbd_control_xfer_cb+0x2e>
100049a4:	be00      	bkpt	0x0000
100049a6:	2400      	movs	r4, #0
100049a8:	4620      	mov	r0, r4
100049aa:	bd38      	pop	{r3, r4, r5, pc}
100049ac:	4c31      	ldr	r4, [pc, #196]	@ (10004a74 <usbd_control_xfer_cb+0xfc>)
100049ae:	4621      	mov	r1, r4
100049b0:	f7fe ff72 	bl	10003898 <dcd_edpt0_status_complete>
100049b4:	6923      	ldr	r3, [r4, #16]
100049b6:	b11b      	cbz	r3, 100049c0 <usbd_control_xfer_cb+0x48>
100049b8:	4622      	mov	r2, r4
100049ba:	2103      	movs	r1, #3
100049bc:	4628      	mov	r0, r5
100049be:	4798      	blx	r3
100049c0:	2401      	movs	r4, #1
100049c2:	e7f1      	b.n	100049a8 <usbd_control_xfer_cb+0x30>
100049c4:	4b2b      	ldr	r3, [pc, #172]	@ (10004a74 <usbd_control_xfer_cb+0xfc>)
100049c6:	f993 3000 	ldrsb.w	r3, [r3]
100049ca:	2b00      	cmp	r3, #0
100049cc:	db07      	blt.n	100049de <usbd_control_xfer_cb+0x66>
100049ce:	4b29      	ldr	r3, [pc, #164]	@ (10004a74 <usbd_control_xfer_cb+0xfc>)
100049d0:	6898      	ldr	r0, [r3, #8]
100049d2:	2800      	cmp	r0, #0
100049d4:	d04c      	beq.n	10004a70 <usbd_control_xfer_cb+0xf8>
100049d6:	4622      	mov	r2, r4
100049d8:	4929      	ldr	r1, [pc, #164]	@ (10004a80 <usbd_control_xfer_cb+0x108>)
100049da:	f001 facb 	bl	10005f74 <memcpy>
100049de:	4a25      	ldr	r2, [pc, #148]	@ (10004a74 <usbd_control_xfer_cb+0xfc>)
100049e0:	89d3      	ldrh	r3, [r2, #14]
100049e2:	fa13 f384 	uxtah	r3, r3, r4
100049e6:	b29b      	uxth	r3, r3
100049e8:	81d3      	strh	r3, [r2, #14]
100049ea:	6891      	ldr	r1, [r2, #8]
100049ec:	4421      	add	r1, r4
100049ee:	6091      	str	r1, [r2, #8]
100049f0:	88d2      	ldrh	r2, [r2, #6]
100049f2:	4293      	cmp	r3, r2
100049f4:	d001      	beq.n	100049fa <usbd_control_xfer_cb+0x82>
100049f6:	2c3f      	cmp	r4, #63	@ 0x3f
100049f8:	d826      	bhi.n	10004a48 <usbd_control_xfer_cb+0xd0>
100049fa:	4b1e      	ldr	r3, [pc, #120]	@ (10004a74 <usbd_control_xfer_cb+0xfc>)
100049fc:	691b      	ldr	r3, [r3, #16]
100049fe:	b123      	cbz	r3, 10004a0a <usbd_control_xfer_cb+0x92>
10004a00:	4a1c      	ldr	r2, [pc, #112]	@ (10004a74 <usbd_control_xfer_cb+0xfc>)
10004a02:	2102      	movs	r1, #2
10004a04:	4628      	mov	r0, r5
10004a06:	4798      	blx	r3
10004a08:	b1a0      	cbz	r0, 10004a34 <usbd_control_xfer_cb+0xbc>
10004a0a:	491a      	ldr	r1, [pc, #104]	@ (10004a74 <usbd_control_xfer_cb+0xfc>)
10004a0c:	4628      	mov	r0, r5
10004a0e:	f7ff feef 	bl	100047f0 <status_stage_xact>
10004a12:	4604      	mov	r4, r0
10004a14:	2800      	cmp	r0, #0
10004a16:	d1c7      	bne.n	100049a8 <usbd_control_xfer_cb+0x30>
10004a18:	22c5      	movs	r2, #197	@ 0xc5
10004a1a:	4917      	ldr	r1, [pc, #92]	@ (10004a78 <usbd_control_xfer_cb+0x100>)
10004a1c:	4817      	ldr	r0, [pc, #92]	@ (10004a7c <usbd_control_xfer_cb+0x104>)
10004a1e:	f7fe fad7 	bl	10002fd0 <__wrap_printf>
10004a22:	f04f 23e0 	mov.w	r3, #3758153728	@ 0xe000e000
10004a26:	f8d3 3df0 	ldr.w	r3, [r3, #3568]	@ 0xdf0
10004a2a:	f013 0f01 	tst.w	r3, #1
10004a2e:	d0bb      	beq.n	100049a8 <usbd_control_xfer_cb+0x30>
10004a30:	be00      	bkpt	0x0000
10004a32:	e7b9      	b.n	100049a8 <usbd_control_xfer_cb+0x30>
10004a34:	2100      	movs	r1, #0
10004a36:	4628      	mov	r0, r5
10004a38:	f7fe ff6a 	bl	10003910 <dcd_edpt_stall>
10004a3c:	2180      	movs	r1, #128	@ 0x80
10004a3e:	4628      	mov	r0, r5
10004a40:	f7fe ff66 	bl	10003910 <dcd_edpt_stall>
10004a44:	2401      	movs	r4, #1
10004a46:	e7af      	b.n	100049a8 <usbd_control_xfer_cb+0x30>
10004a48:	4628      	mov	r0, r5
10004a4a:	f7ff fedf 	bl	1000480c <data_stage_xact>
10004a4e:	4604      	mov	r4, r0
10004a50:	2800      	cmp	r0, #0
10004a52:	d1a9      	bne.n	100049a8 <usbd_control_xfer_cb+0x30>
10004a54:	22cd      	movs	r2, #205	@ 0xcd
10004a56:	4908      	ldr	r1, [pc, #32]	@ (10004a78 <usbd_control_xfer_cb+0x100>)
10004a58:	4808      	ldr	r0, [pc, #32]	@ (10004a7c <usbd_control_xfer_cb+0x104>)
10004a5a:	f7fe fab9 	bl	10002fd0 <__wrap_printf>
10004a5e:	f04f 23e0 	mov.w	r3, #3758153728	@ 0xe000e000
10004a62:	f8d3 3df0 	ldr.w	r3, [r3, #3568]	@ 0xdf0
10004a66:	f013 0f01 	tst.w	r3, #1
10004a6a:	d09d      	beq.n	100049a8 <usbd_control_xfer_cb+0x30>
10004a6c:	be00      	bkpt	0x0000
10004a6e:	e79b      	b.n	100049a8 <usbd_control_xfer_cb+0x30>
10004a70:	2400      	movs	r4, #0
10004a72:	e799      	b.n	100049a8 <usbd_control_xfer_cb+0x30>
10004a74:	200011d8 	.word	0x200011d8
10004a78:	10006ed0 	.word	0x10006ed0
10004a7c:	10006a04 	.word	0x10006a04
10004a80:	20001198 	.word	0x20001198

10004a84 <_prep_out_transaction>:
10004a84:	b570      	push	{r4, r5, r6, lr}
10004a86:	4605      	mov	r5, r0
10004a88:	f7ff f990 	bl	10003dac <tud_mounted>
10004a8c:	b910      	cbnz	r0, 10004a94 <_prep_out_transaction+0x10>
10004a8e:	2400      	movs	r4, #0
10004a90:	4620      	mov	r0, r4
10004a92:	bd70      	pop	{r4, r5, r6, pc}
10004a94:	f7ff f994 	bl	10003dc0 <tud_suspended>
10004a98:	4604      	mov	r4, r0
10004a9a:	2800      	cmp	r0, #0
10004a9c:	d1f7      	bne.n	10004a8e <_prep_out_transaction+0xa>
10004a9e:	4b1c      	ldr	r3, [pc, #112]	@ (10004b10 <_prep_out_transaction+0x8c>)
10004aa0:	22c8      	movs	r2, #200	@ 0xc8
10004aa2:	fb02 3305 	mla	r3, r2, r5, r3
10004aa6:	78db      	ldrb	r3, [r3, #3]
10004aa8:	2b00      	cmp	r3, #0
10004aaa:	d0f0      	beq.n	10004a8e <_prep_out_transaction+0xa>
10004aac:	26c8      	movs	r6, #200	@ 0xc8
10004aae:	fb05 f606 	mul.w	r6, r5, r6
10004ab2:	3610      	adds	r6, #16
10004ab4:	4b16      	ldr	r3, [pc, #88]	@ (10004b10 <_prep_out_transaction+0x8c>)
10004ab6:	441e      	add	r6, r3
10004ab8:	4630      	mov	r0, r6
10004aba:	f001 f967 	bl	10005d8c <tu_fifo_remaining>
10004abe:	283f      	cmp	r0, #63	@ 0x3f
10004ac0:	d9e6      	bls.n	10004a90 <_prep_out_transaction+0xc>
10004ac2:	4b13      	ldr	r3, [pc, #76]	@ (10004b10 <_prep_out_transaction+0x8c>)
10004ac4:	22c8      	movs	r2, #200	@ 0xc8
10004ac6:	fb02 3305 	mla	r3, r2, r5, r3
10004aca:	78d9      	ldrb	r1, [r3, #3]
10004acc:	2000      	movs	r0, #0
10004ace:	f7ff faab 	bl	10004028 <usbd_edpt_claim>
10004ad2:	b908      	cbnz	r0, 10004ad8 <_prep_out_transaction+0x54>
10004ad4:	4604      	mov	r4, r0
10004ad6:	e7db      	b.n	10004a90 <_prep_out_transaction+0xc>
10004ad8:	4630      	mov	r0, r6
10004ada:	f001 f957 	bl	10005d8c <tu_fifo_remaining>
10004ade:	283f      	cmp	r0, #63	@ 0x3f
10004ae0:	d90d      	bls.n	10004afe <_prep_out_transaction+0x7a>
10004ae2:	490b      	ldr	r1, [pc, #44]	@ (10004b10 <_prep_out_transaction+0x8c>)
10004ae4:	23c8      	movs	r3, #200	@ 0xc8
10004ae6:	fb03 1105 	mla	r1, r3, r5, r1
10004aea:	2340      	movs	r3, #64	@ 0x40
10004aec:	4a09      	ldr	r2, [pc, #36]	@ (10004b14 <_prep_out_transaction+0x90>)
10004aee:	eb02 12c5 	add.w	r2, r2, r5, lsl #7
10004af2:	78c9      	ldrb	r1, [r1, #3]
10004af4:	2000      	movs	r0, #0
10004af6:	f7ff fabf 	bl	10004078 <usbd_edpt_xfer>
10004afa:	4604      	mov	r4, r0
10004afc:	e7c8      	b.n	10004a90 <_prep_out_transaction+0xc>
10004afe:	4b04      	ldr	r3, [pc, #16]	@ (10004b10 <_prep_out_transaction+0x8c>)
10004b00:	22c8      	movs	r2, #200	@ 0xc8
10004b02:	fb02 3305 	mla	r3, r2, r5, r3
10004b06:	78d9      	ldrb	r1, [r3, #3]
10004b08:	2000      	movs	r0, #0
10004b0a:	f7ff faa1 	bl	10004050 <usbd_edpt_release>
10004b0e:	e7bf      	b.n	10004a90 <_prep_out_transaction+0xc>
10004b10:	200010d0 	.word	0x200010d0
10004b14:	2000104c 	.word	0x2000104c

10004b18 <tud_cdc_n_connected>:
10004b18:	b510      	push	{r4, lr}
10004b1a:	4604      	mov	r4, r0
10004b1c:	f7ff f946 	bl	10003dac <tud_mounted>
10004b20:	b908      	cbnz	r0, 10004b26 <tud_cdc_n_connected+0xe>
10004b22:	2000      	movs	r0, #0
10004b24:	bd10      	pop	{r4, pc}
10004b26:	f7ff f94b 	bl	10003dc0 <tud_suspended>
10004b2a:	b948      	cbnz	r0, 10004b40 <tud_cdc_n_connected+0x28>
10004b2c:	4b06      	ldr	r3, [pc, #24]	@ (10004b48 <tud_cdc_n_connected+0x30>)
10004b2e:	22c8      	movs	r2, #200	@ 0xc8
10004b30:	fb02 3304 	mla	r3, r2, r4, r3
10004b34:	791b      	ldrb	r3, [r3, #4]
10004b36:	f013 0f01 	tst.w	r3, #1
10004b3a:	d003      	beq.n	10004b44 <tud_cdc_n_connected+0x2c>
10004b3c:	2001      	movs	r0, #1
10004b3e:	e7f1      	b.n	10004b24 <tud_cdc_n_connected+0xc>
10004b40:	2000      	movs	r0, #0
10004b42:	e7ef      	b.n	10004b24 <tud_cdc_n_connected+0xc>
10004b44:	2000      	movs	r0, #0
10004b46:	e7ed      	b.n	10004b24 <tud_cdc_n_connected+0xc>
10004b48:	200010d0 	.word	0x200010d0

10004b4c <tud_cdc_n_available>:
10004b4c:	b508      	push	{r3, lr}
10004b4e:	23c8      	movs	r3, #200	@ 0xc8
10004b50:	fb03 f000 	mul.w	r0, r3, r0
10004b54:	3010      	adds	r0, #16
10004b56:	4b02      	ldr	r3, [pc, #8]	@ (10004b60 <tud_cdc_n_available+0x14>)
10004b58:	4418      	add	r0, r3
10004b5a:	f001 f8e6 	bl	10005d2a <tu_fifo_count>
10004b5e:	bd08      	pop	{r3, pc}
10004b60:	200010d0 	.word	0x200010d0

10004b64 <tud_cdc_n_read>:
10004b64:	b538      	push	{r3, r4, r5, lr}
10004b66:	4604      	mov	r4, r0
10004b68:	23c8      	movs	r3, #200	@ 0xc8
10004b6a:	fb00 f303 	mul.w	r3, r0, r3
10004b6e:	3310      	adds	r3, #16
10004b70:	4808      	ldr	r0, [pc, #32]	@ (10004b94 <tud_cdc_n_read+0x30>)
10004b72:	4418      	add	r0, r3
10004b74:	f64f 73fe 	movw	r3, #65534	@ 0xfffe
10004b78:	429a      	cmp	r2, r3
10004b7a:	d808      	bhi.n	10004b8e <tud_cdc_n_read+0x2a>
10004b7c:	b292      	uxth	r2, r2
10004b7e:	f001 f93a 	bl	10005df6 <tu_fifo_read_n>
10004b82:	4605      	mov	r5, r0
10004b84:	4620      	mov	r0, r4
10004b86:	f7ff ff7d 	bl	10004a84 <_prep_out_transaction>
10004b8a:	4628      	mov	r0, r5
10004b8c:	bd38      	pop	{r3, r4, r5, pc}
10004b8e:	f64f 72ff 	movw	r2, #65535	@ 0xffff
10004b92:	e7f4      	b.n	10004b7e <tud_cdc_n_read+0x1a>
10004b94:	200010d0 	.word	0x200010d0

10004b98 <tud_cdc_n_write_flush>:
10004b98:	b570      	push	{r4, r5, r6, lr}
10004b9a:	4605      	mov	r5, r0
10004b9c:	f7ff f906 	bl	10003dac <tud_mounted>
10004ba0:	b908      	cbnz	r0, 10004ba6 <tud_cdc_n_write_flush+0xe>
10004ba2:	2000      	movs	r0, #0
10004ba4:	bd70      	pop	{r4, r5, r6, pc}
10004ba6:	f7ff f90b 	bl	10003dc0 <tud_suspended>
10004baa:	2800      	cmp	r0, #0
10004bac:	d1f9      	bne.n	10004ba2 <tud_cdc_n_write_flush+0xa>
10004bae:	24c8      	movs	r4, #200	@ 0xc8
10004bb0:	fb05 f404 	mul.w	r4, r5, r4
10004bb4:	3420      	adds	r4, #32
10004bb6:	4b22      	ldr	r3, [pc, #136]	@ (10004c40 <tud_cdc_n_write_flush+0xa8>)
10004bb8:	441c      	add	r4, r3
10004bba:	3404      	adds	r4, #4
10004bbc:	4620      	mov	r0, r4
10004bbe:	f001 f8b4 	bl	10005d2a <tu_fifo_count>
10004bc2:	b908      	cbnz	r0, 10004bc8 <tud_cdc_n_write_flush+0x30>
10004bc4:	2000      	movs	r0, #0
10004bc6:	e7ed      	b.n	10004ba4 <tud_cdc_n_write_flush+0xc>
10004bc8:	4b1d      	ldr	r3, [pc, #116]	@ (10004c40 <tud_cdc_n_write_flush+0xa8>)
10004bca:	22c8      	movs	r2, #200	@ 0xc8
10004bcc:	fb02 3305 	mla	r3, r2, r5, r3
10004bd0:	7899      	ldrb	r1, [r3, #2]
10004bd2:	2000      	movs	r0, #0
10004bd4:	f7ff fa28 	bl	10004028 <usbd_edpt_claim>
10004bd8:	b908      	cbnz	r0, 10004bde <tud_cdc_n_write_flush+0x46>
10004bda:	2000      	movs	r0, #0
10004bdc:	e7e2      	b.n	10004ba4 <tud_cdc_n_write_flush+0xc>
10004bde:	01ee      	lsls	r6, r5, #7
10004be0:	3640      	adds	r6, #64	@ 0x40
10004be2:	4b18      	ldr	r3, [pc, #96]	@ (10004c44 <tud_cdc_n_write_flush+0xac>)
10004be4:	441e      	add	r6, r3
10004be6:	2240      	movs	r2, #64	@ 0x40
10004be8:	4631      	mov	r1, r6
10004bea:	4620      	mov	r0, r4
10004bec:	f001 f903 	bl	10005df6 <tu_fifo_read_n>
10004bf0:	4604      	mov	r4, r0
10004bf2:	b1d8      	cbz	r0, 10004c2c <tud_cdc_n_write_flush+0x94>
10004bf4:	4912      	ldr	r1, [pc, #72]	@ (10004c40 <tud_cdc_n_write_flush+0xa8>)
10004bf6:	23c8      	movs	r3, #200	@ 0xc8
10004bf8:	fb03 1105 	mla	r1, r3, r5, r1
10004bfc:	4603      	mov	r3, r0
10004bfe:	4632      	mov	r2, r6
10004c00:	7889      	ldrb	r1, [r1, #2]
10004c02:	2000      	movs	r0, #0
10004c04:	f7ff fa38 	bl	10004078 <usbd_edpt_xfer>
10004c08:	b108      	cbz	r0, 10004c0e <tud_cdc_n_write_flush+0x76>
10004c0a:	4620      	mov	r0, r4
10004c0c:	e7ca      	b.n	10004ba4 <tud_cdc_n_write_flush+0xc>
10004c0e:	22d5      	movs	r2, #213	@ 0xd5
10004c10:	490d      	ldr	r1, [pc, #52]	@ (10004c48 <tud_cdc_n_write_flush+0xb0>)
10004c12:	480e      	ldr	r0, [pc, #56]	@ (10004c4c <tud_cdc_n_write_flush+0xb4>)
10004c14:	f7fe f9dc 	bl	10002fd0 <__wrap_printf>
10004c18:	f04f 23e0 	mov.w	r3, #3758153728	@ 0xe000e000
10004c1c:	f8d3 3df0 	ldr.w	r3, [r3, #3568]	@ 0xdf0
10004c20:	f013 0f01 	tst.w	r3, #1
10004c24:	d000      	beq.n	10004c28 <tud_cdc_n_write_flush+0x90>
10004c26:	be00      	bkpt	0x0000
10004c28:	2000      	movs	r0, #0
10004c2a:	e7bb      	b.n	10004ba4 <tud_cdc_n_write_flush+0xc>
10004c2c:	4b04      	ldr	r3, [pc, #16]	@ (10004c40 <tud_cdc_n_write_flush+0xa8>)
10004c2e:	22c8      	movs	r2, #200	@ 0xc8
10004c30:	fb02 3305 	mla	r3, r2, r5, r3
10004c34:	7899      	ldrb	r1, [r3, #2]
10004c36:	2000      	movs	r0, #0
10004c38:	f7ff fa0a 	bl	10004050 <usbd_edpt_release>
10004c3c:	2000      	movs	r0, #0
10004c3e:	e7b1      	b.n	10004ba4 <tud_cdc_n_write_flush+0xc>
10004c40:	200010d0 	.word	0x200010d0
10004c44:	2000104c 	.word	0x2000104c
10004c48:	10006f18 	.word	0x10006f18
10004c4c:	10006a04 	.word	0x10006a04

10004c50 <tud_cdc_n_write>:
10004c50:	b570      	push	{r4, r5, r6, lr}
10004c52:	4605      	mov	r5, r0
10004c54:	24c8      	movs	r4, #200	@ 0xc8
10004c56:	fb00 f404 	mul.w	r4, r0, r4
10004c5a:	3420      	adds	r4, #32
10004c5c:	4b0c      	ldr	r3, [pc, #48]	@ (10004c90 <tud_cdc_n_write+0x40>)
10004c5e:	441c      	add	r4, r3
10004c60:	3404      	adds	r4, #4
10004c62:	f64f 73fe 	movw	r3, #65534	@ 0xfffe
10004c66:	429a      	cmp	r2, r3
10004c68:	d80b      	bhi.n	10004c82 <tud_cdc_n_write+0x32>
10004c6a:	b292      	uxth	r2, r2
10004c6c:	4620      	mov	r0, r4
10004c6e:	f001 f8f6 	bl	10005e5e <tu_fifo_write_n>
10004c72:	4606      	mov	r6, r0
10004c74:	4620      	mov	r0, r4
10004c76:	f001 f858 	bl	10005d2a <tu_fifo_count>
10004c7a:	283f      	cmp	r0, #63	@ 0x3f
10004c7c:	d804      	bhi.n	10004c88 <tud_cdc_n_write+0x38>
10004c7e:	4630      	mov	r0, r6
10004c80:	bd70      	pop	{r4, r5, r6, pc}
10004c82:	f64f 72ff 	movw	r2, #65535	@ 0xffff
10004c86:	e7f1      	b.n	10004c6c <tud_cdc_n_write+0x1c>
10004c88:	4628      	mov	r0, r5
10004c8a:	f7ff ff85 	bl	10004b98 <tud_cdc_n_write_flush>
10004c8e:	e7f6      	b.n	10004c7e <tud_cdc_n_write+0x2e>
10004c90:	200010d0 	.word	0x200010d0

10004c94 <tud_cdc_n_write_available>:
10004c94:	b508      	push	{r3, lr}
10004c96:	23c8      	movs	r3, #200	@ 0xc8
10004c98:	fb03 f000 	mul.w	r0, r3, r0
10004c9c:	3020      	adds	r0, #32
10004c9e:	4b03      	ldr	r3, [pc, #12]	@ (10004cac <tud_cdc_n_write_available+0x18>)
10004ca0:	4418      	add	r0, r3
10004ca2:	3004      	adds	r0, #4
10004ca4:	f001 f872 	bl	10005d8c <tu_fifo_remaining>
10004ca8:	bd08      	pop	{r3, pc}
10004caa:	bf00      	nop
10004cac:	200010d0 	.word	0x200010d0

10004cb0 <cdcd_init>:
10004cb0:	e92d 43f0 	stmdb	sp!, {r4, r5, r6, r7, r8, r9, lr}
10004cb4:	b083      	sub	sp, #12
10004cb6:	22c8      	movs	r2, #200	@ 0xc8
10004cb8:	2100      	movs	r1, #0
10004cba:	4824      	ldr	r0, [pc, #144]	@ (10004d4c <cdcd_init+0x9c>)
10004cbc:	f001 f90c 	bl	10005ed8 <memset>
10004cc0:	2500      	movs	r5, #0
10004cc2:	4b23      	ldr	r3, [pc, #140]	@ (10004d50 <cdcd_init+0xa0>)
10004cc4:	701d      	strb	r5, [r3, #0]
10004cc6:	b115      	cbz	r5, 10004cce <cdcd_init+0x1e>
10004cc8:	b003      	add	sp, #12
10004cca:	e8bd 83f0 	ldmia.w	sp!, {r4, r5, r6, r7, r8, r9, pc}
10004cce:	4f1f      	ldr	r7, [pc, #124]	@ (10004d4c <cdcd_init+0x9c>)
10004cd0:	24c8      	movs	r4, #200	@ 0xc8
10004cd2:	fb05 f404 	mul.w	r4, r5, r4
10004cd6:	193e      	adds	r6, r7, r4
10004cd8:	23ff      	movs	r3, #255	@ 0xff
10004cda:	7173      	strb	r3, [r6, #5]
10004cdc:	f44f 33e1 	mov.w	r3, #115200	@ 0x1c200
10004ce0:	60b3      	str	r3, [r6, #8]
10004ce2:	f04f 0800 	mov.w	r8, #0
10004ce6:	f886 800c 	strb.w	r8, [r6, #12]
10004cea:	f886 800d 	strb.w	r8, [r6, #13]
10004cee:	2308      	movs	r3, #8
10004cf0:	73b3      	strb	r3, [r6, #14]
10004cf2:	f104 0138 	add.w	r1, r4, #56	@ 0x38
10004cf6:	f104 0010 	add.w	r0, r4, #16
10004cfa:	f8cd 8000 	str.w	r8, [sp]
10004cfe:	2301      	movs	r3, #1
10004d00:	2240      	movs	r2, #64	@ 0x40
10004d02:	4439      	add	r1, r7
10004d04:	4438      	add	r0, r7
10004d06:	f000 ffdf 	bl	10005cc8 <tu_fifo_config>
10004d0a:	f104 0178 	add.w	r1, r4, #120	@ 0x78
10004d0e:	f104 0020 	add.w	r0, r4, #32
10004d12:	4438      	add	r0, r7
10004d14:	2301      	movs	r3, #1
10004d16:	9300      	str	r3, [sp, #0]
10004d18:	2240      	movs	r2, #64	@ 0x40
10004d1a:	4439      	add	r1, r7
10004d1c:	3004      	adds	r0, #4
10004d1e:	f000 ffd3 	bl	10005cc8 <tu_fifo_config>
10004d22:	f104 09b8 	add.w	r9, r4, #184	@ 0xb8
10004d26:	44b9      	add	r9, r7
10004d28:	4648      	mov	r0, r9
10004d2a:	f7fb fe05 	bl	10000938 <mutex_init>
10004d2e:	34c0      	adds	r4, #192	@ 0xc0
10004d30:	443c      	add	r4, r7
10004d32:	4620      	mov	r0, r4
10004d34:	f7fb fe00 	bl	10000938 <mutex_init>
10004d38:	f8c6 801c 	str.w	r8, [r6, #28]
10004d3c:	f8c6 9020 	str.w	r9, [r6, #32]
10004d40:	6334      	str	r4, [r6, #48]	@ 0x30
10004d42:	f8c6 8034 	str.w	r8, [r6, #52]	@ 0x34
10004d46:	3501      	adds	r5, #1
10004d48:	b2ed      	uxtb	r5, r5
10004d4a:	e7bc      	b.n	10004cc6 <cdcd_init+0x16>
10004d4c:	200010d0 	.word	0x200010d0
10004d50:	200010cc 	.word	0x200010cc

10004d54 <cdcd_deinit>:
10004d54:	2300      	movs	r3, #0
10004d56:	b10b      	cbz	r3, 10004d5c <cdcd_deinit+0x8>
10004d58:	2001      	movs	r0, #1
10004d5a:	4770      	bx	lr
10004d5c:	469c      	mov	ip, r3
10004d5e:	4a0c      	ldr	r2, [pc, #48]	@ (10004d90 <cdcd_deinit+0x3c>)
10004d60:	21c8      	movs	r1, #200	@ 0xc8
10004d62:	fb01 2203 	mla	r2, r1, r3, r2
10004d66:	6a11      	ldr	r1, [r2, #32]
10004d68:	6b10      	ldr	r0, [r2, #48]	@ 0x30
10004d6a:	b131      	cbz	r1, 10004d7a <cdcd_deinit+0x26>
10004d6c:	4a08      	ldr	r2, [pc, #32]	@ (10004d90 <cdcd_deinit+0x3c>)
10004d6e:	21c8      	movs	r1, #200	@ 0xc8
10004d70:	fb01 2203 	mla	r2, r1, r3, r2
10004d74:	2100      	movs	r1, #0
10004d76:	61d1      	str	r1, [r2, #28]
10004d78:	6211      	str	r1, [r2, #32]
10004d7a:	b130      	cbz	r0, 10004d8a <cdcd_deinit+0x36>
10004d7c:	4a04      	ldr	r2, [pc, #16]	@ (10004d90 <cdcd_deinit+0x3c>)
10004d7e:	21c8      	movs	r1, #200	@ 0xc8
10004d80:	fb01 220c 	mla	r2, r1, ip, r2
10004d84:	2100      	movs	r1, #0
10004d86:	6311      	str	r1, [r2, #48]	@ 0x30
10004d88:	6351      	str	r1, [r2, #52]	@ 0x34
10004d8a:	3301      	adds	r3, #1
10004d8c:	b2db      	uxtb	r3, r3
10004d8e:	e7e2      	b.n	10004d56 <cdcd_deinit+0x2>
10004d90:	200010d0 	.word	0x200010d0

10004d94 <cdcd_reset>:
10004d94:	b538      	push	{r3, r4, r5, lr}
10004d96:	2400      	movs	r4, #0
10004d98:	b104      	cbz	r4, 10004d9c <cdcd_reset+0x8>
10004d9a:	bd38      	pop	{r3, r4, r5, pc}
10004d9c:	4625      	mov	r5, r4
10004d9e:	23c8      	movs	r3, #200	@ 0xc8
10004da0:	fb04 f303 	mul.w	r3, r4, r3
10004da4:	4917      	ldr	r1, [pc, #92]	@ (10004e04 <cdcd_reset+0x70>)
10004da6:	1858      	adds	r0, r3, r1
10004da8:	2200      	movs	r2, #0
10004daa:	50ca      	str	r2, [r1, r3]
10004dac:	7102      	strb	r2, [r0, #4]
10004dae:	4b16      	ldr	r3, [pc, #88]	@ (10004e08 <cdcd_reset+0x74>)
10004db0:	781b      	ldrb	r3, [r3, #0]
10004db2:	f013 0f01 	tst.w	r3, #1
10004db6:	d011      	beq.n	10004ddc <cdcd_reset+0x48>
10004db8:	4b13      	ldr	r3, [pc, #76]	@ (10004e08 <cdcd_reset+0x74>)
10004dba:	781b      	ldrb	r3, [r3, #0]
10004dbc:	f013 0f02 	tst.w	r3, #2
10004dc0:	d015      	beq.n	10004dee <cdcd_reset+0x5a>
10004dc2:	23c8      	movs	r3, #200	@ 0xc8
10004dc4:	fb03 f005 	mul.w	r0, r3, r5
10004dc8:	3020      	adds	r0, #32
10004dca:	4b0e      	ldr	r3, [pc, #56]	@ (10004e04 <cdcd_reset+0x70>)
10004dcc:	4418      	add	r0, r3
10004dce:	2101      	movs	r1, #1
10004dd0:	3004      	adds	r0, #4
10004dd2:	f001 f864 	bl	10005e9e <tu_fifo_set_overwritable>
10004dd6:	3401      	adds	r4, #1
10004dd8:	b2e4      	uxtb	r4, r4
10004dda:	e7dd      	b.n	10004d98 <cdcd_reset+0x4>
10004ddc:	23c8      	movs	r3, #200	@ 0xc8
10004dde:	fb04 f303 	mul.w	r3, r4, r3
10004de2:	3310      	adds	r3, #16
10004de4:	4608      	mov	r0, r1
10004de6:	4418      	add	r0, r3
10004de8:	f001 f83e 	bl	10005e68 <tu_fifo_clear>
10004dec:	e7e4      	b.n	10004db8 <cdcd_reset+0x24>
10004dee:	20c8      	movs	r0, #200	@ 0xc8
10004df0:	fb05 f000 	mul.w	r0, r5, r0
10004df4:	3020      	adds	r0, #32
10004df6:	4b03      	ldr	r3, [pc, #12]	@ (10004e04 <cdcd_reset+0x70>)
10004df8:	4418      	add	r0, r3
10004dfa:	3004      	adds	r0, #4
10004dfc:	f001 f834 	bl	10005e68 <tu_fifo_clear>
10004e00:	e7df      	b.n	10004dc2 <cdcd_reset+0x2e>
10004e02:	bf00      	nop
10004e04:	200010d0 	.word	0x200010d0
10004e08:	200010cc 	.word	0x200010cc

10004e0c <cdcd_open>:
10004e0c:	e92d 41f0 	stmdb	sp!, {r4, r5, r6, r7, r8, lr}
10004e10:	b082      	sub	sp, #8
10004e12:	794b      	ldrb	r3, [r1, #5]
10004e14:	2b02      	cmp	r3, #2
10004e16:	d17d      	bne.n	10004f14 <cdcd_open+0x108>
10004e18:	4606      	mov	r6, r0
10004e1a:	798b      	ldrb	r3, [r1, #6]
10004e1c:	2b02      	cmp	r3, #2
10004e1e:	d17e      	bne.n	10004f1e <cdcd_open+0x112>
10004e20:	2700      	movs	r7, #0
10004e22:	b13f      	cbz	r7, 10004e34 <cdcd_open+0x28>
10004e24:	b98f      	cbnz	r7, 10004e4a <cdcd_open+0x3e>
10004e26:	788b      	ldrb	r3, [r1, #2]
10004e28:	f888 3000 	strb.w	r3, [r8]
10004e2c:	780b      	ldrb	r3, [r1, #0]
10004e2e:	18cc      	adds	r4, r1, r3
10004e30:	2509      	movs	r5, #9
10004e32:	e01e      	b.n	10004e72 <cdcd_open+0x66>
10004e34:	20c8      	movs	r0, #200	@ 0xc8
10004e36:	4b3b      	ldr	r3, [pc, #236]	@ (10004f24 <cdcd_open+0x118>)
10004e38:	fb00 3807 	mla	r8, r0, r7, r3
10004e3c:	f898 3002 	ldrb.w	r3, [r8, #2]
10004e40:	2b00      	cmp	r3, #0
10004e42:	d0ef      	beq.n	10004e24 <cdcd_open+0x18>
10004e44:	3701      	adds	r7, #1
10004e46:	b2ff      	uxtb	r7, r7
10004e48:	e7eb      	b.n	10004e22 <cdcd_open+0x16>
10004e4a:	f240 1241 	movw	r2, #321	@ 0x141
10004e4e:	4936      	ldr	r1, [pc, #216]	@ (10004f28 <cdcd_open+0x11c>)
10004e50:	4836      	ldr	r0, [pc, #216]	@ (10004f2c <cdcd_open+0x120>)
10004e52:	f7fe f8bd 	bl	10002fd0 <__wrap_printf>
10004e56:	f04f 23e0 	mov.w	r3, #3758153728	@ 0xe000e000
10004e5a:	f8d3 3df0 	ldr.w	r3, [r3, #3568]	@ 0xdf0
10004e5e:	f013 0f01 	tst.w	r3, #1
10004e62:	d000      	beq.n	10004e66 <cdcd_open+0x5a>
10004e64:	be00      	bkpt	0x0000
10004e66:	2500      	movs	r5, #0
10004e68:	e055      	b.n	10004f16 <cdcd_open+0x10a>
10004e6a:	7823      	ldrb	r3, [r4, #0]
10004e6c:	441d      	add	r5, r3
10004e6e:	b2ad      	uxth	r5, r5
10004e70:	441c      	add	r4, r3
10004e72:	7863      	ldrb	r3, [r4, #1]
10004e74:	2b24      	cmp	r3, #36	@ 0x24
10004e76:	d101      	bne.n	10004e7c <cdcd_open+0x70>
10004e78:	4295      	cmp	r5, r2
10004e7a:	d9f6      	bls.n	10004e6a <cdcd_open+0x5e>
10004e7c:	2b05      	cmp	r3, #5
10004e7e:	d009      	beq.n	10004e94 <cdcd_open+0x88>
10004e80:	7863      	ldrb	r3, [r4, #1]
10004e82:	2b04      	cmp	r3, #4
10004e84:	d102      	bne.n	10004e8c <cdcd_open+0x80>
10004e86:	7963      	ldrb	r3, [r4, #5]
10004e88:	2b0a      	cmp	r3, #10
10004e8a:	d020      	beq.n	10004ece <cdcd_open+0xc2>
10004e8c:	4638      	mov	r0, r7
10004e8e:	f7ff fdf9 	bl	10004a84 <_prep_out_transaction>
10004e92:	e040      	b.n	10004f16 <cdcd_open+0x10a>
10004e94:	4621      	mov	r1, r4
10004e96:	4630      	mov	r0, r6
10004e98:	f7ff f836 	bl	10003f08 <usbd_edpt_open>
10004e9c:	b138      	cbz	r0, 10004eae <cdcd_open+0xa2>
10004e9e:	78a3      	ldrb	r3, [r4, #2]
10004ea0:	f888 3001 	strb.w	r3, [r8, #1]
10004ea4:	7823      	ldrb	r3, [r4, #0]
10004ea6:	441d      	add	r5, r3
10004ea8:	b2ad      	uxth	r5, r5
10004eaa:	441c      	add	r4, r3
10004eac:	e7e8      	b.n	10004e80 <cdcd_open+0x74>
10004eae:	f240 1253 	movw	r2, #339	@ 0x153
10004eb2:	491d      	ldr	r1, [pc, #116]	@ (10004f28 <cdcd_open+0x11c>)
10004eb4:	481d      	ldr	r0, [pc, #116]	@ (10004f2c <cdcd_open+0x120>)
10004eb6:	f7fe f88b 	bl	10002fd0 <__wrap_printf>
10004eba:	f04f 23e0 	mov.w	r3, #3758153728	@ 0xe000e000
10004ebe:	f8d3 3df0 	ldr.w	r3, [r3, #3568]	@ 0xdf0
10004ec2:	f013 0f01 	tst.w	r3, #1
10004ec6:	d000      	beq.n	10004eca <cdcd_open+0xbe>
10004ec8:	be00      	bkpt	0x0000
10004eca:	2500      	movs	r5, #0
10004ecc:	e023      	b.n	10004f16 <cdcd_open+0x10a>
10004ece:	7821      	ldrb	r1, [r4, #0]
10004ed0:	440d      	add	r5, r1
10004ed2:	b2ad      	uxth	r5, r5
10004ed4:	f108 0302 	add.w	r3, r8, #2
10004ed8:	9301      	str	r3, [sp, #4]
10004eda:	f108 0303 	add.w	r3, r8, #3
10004ede:	9300      	str	r3, [sp, #0]
10004ee0:	2302      	movs	r3, #2
10004ee2:	461a      	mov	r2, r3
10004ee4:	4421      	add	r1, r4
10004ee6:	4630      	mov	r0, r6
10004ee8:	f7ff f84c 	bl	10003f84 <usbd_open_edpt_pair>
10004eec:	b110      	cbz	r0, 10004ef4 <cdcd_open+0xe8>
10004eee:	350e      	adds	r5, #14
10004ef0:	b2ad      	uxth	r5, r5
10004ef2:	e7cb      	b.n	10004e8c <cdcd_open+0x80>
10004ef4:	f44f 72b1 	mov.w	r2, #354	@ 0x162
10004ef8:	490b      	ldr	r1, [pc, #44]	@ (10004f28 <cdcd_open+0x11c>)
10004efa:	480c      	ldr	r0, [pc, #48]	@ (10004f2c <cdcd_open+0x120>)
10004efc:	f7fe f868 	bl	10002fd0 <__wrap_printf>
10004f00:	f04f 23e0 	mov.w	r3, #3758153728	@ 0xe000e000
10004f04:	f8d3 3df0 	ldr.w	r3, [r3, #3568]	@ 0xdf0
10004f08:	f013 0f01 	tst.w	r3, #1
10004f0c:	d000      	beq.n	10004f10 <cdcd_open+0x104>
10004f0e:	be00      	bkpt	0x0000
10004f10:	2500      	movs	r5, #0
10004f12:	e000      	b.n	10004f16 <cdcd_open+0x10a>
10004f14:	2500      	movs	r5, #0
10004f16:	4628      	mov	r0, r5
10004f18:	b002      	add	sp, #8
10004f1a:	e8bd 81f0 	ldmia.w	sp!, {r4, r5, r6, r7, r8, pc}
10004f1e:	2500      	movs	r5, #0
10004f20:	e7f9      	b.n	10004f16 <cdcd_open+0x10a>
10004f22:	bf00      	nop
10004f24:	200010d0 	.word	0x200010d0
10004f28:	10006f0c 	.word	0x10006f0c
10004f2c:	10006a04 	.word	0x10006a04

10004f30 <cdcd_control_xfer_cb>:
10004f30:	7813      	ldrb	r3, [r2, #0]
10004f32:	f003 0360 	and.w	r3, r3, #96	@ 0x60
10004f36:	2b20      	cmp	r3, #32
10004f38:	d176      	bne.n	10005028 <cdcd_control_xfer_cb+0xf8>
10004f3a:	b570      	push	{r4, r5, r6, lr}
10004f3c:	4694      	mov	ip, r2
10004f3e:	2400      	movs	r4, #0
10004f40:	b154      	cbz	r4, 10004f58 <cdcd_control_xfer_cb+0x28>
10004f42:	2c00      	cmp	r4, #0
10004f44:	d172      	bne.n	1000502c <cdcd_control_xfer_cb+0xfc>
10004f46:	f89c 3001 	ldrb.w	r3, [ip, #1]
10004f4a:	3b20      	subs	r3, #32
10004f4c:	2b03      	cmp	r3, #3
10004f4e:	d86f      	bhi.n	10005030 <cdcd_control_xfer_cb+0x100>
10004f50:	e8df f003 	tbb	[pc, r3]
10004f54:	56342810 	.word	0x56342810
10004f58:	23c8      	movs	r3, #200	@ 0xc8
10004f5a:	fb04 f303 	mul.w	r3, r4, r3
10004f5e:	4a38      	ldr	r2, [pc, #224]	@ (10005040 <cdcd_control_xfer_cb+0x110>)
10004f60:	eb03 0e02 	add.w	lr, r3, r2
10004f64:	5cd2      	ldrb	r2, [r2, r3]
10004f66:	f8bc 3004 	ldrh.w	r3, [ip, #4]
10004f6a:	429a      	cmp	r2, r3
10004f6c:	d0e9      	beq.n	10004f42 <cdcd_control_xfer_cb+0x12>
10004f6e:	3401      	adds	r4, #1
10004f70:	b2e4      	uxtb	r4, r4
10004f72:	e7e5      	b.n	10004f40 <cdcd_control_xfer_cb+0x10>
10004f74:	2901      	cmp	r1, #1
10004f76:	d003      	beq.n	10004f80 <cdcd_control_xfer_cb+0x50>
10004f78:	2903      	cmp	r1, #3
10004f7a:	d009      	beq.n	10004f90 <cdcd_control_xfer_cb+0x60>
10004f7c:	2001      	movs	r0, #1
10004f7e:	e056      	b.n	1000502e <cdcd_control_xfer_cb+0xfe>
10004f80:	2307      	movs	r3, #7
10004f82:	f10e 0208 	add.w	r2, lr, #8
10004f86:	4661      	mov	r1, ip
10004f88:	f7ff fc82 	bl	10004890 <tud_control_xfer>
10004f8c:	2001      	movs	r0, #1
10004f8e:	e04e      	b.n	1000502e <cdcd_control_xfer_cb+0xfe>
10004f90:	4b2c      	ldr	r3, [pc, #176]	@ (10005044 <cdcd_control_xfer_cb+0x114>)
10004f92:	2b00      	cmp	r3, #0
10004f94:	d04e      	beq.n	10005034 <cdcd_control_xfer_cb+0x104>
10004f96:	f10e 0108 	add.w	r1, lr, #8
10004f9a:	4620      	mov	r0, r4
10004f9c:	f7fe f896 	bl	100030cc <tud_cdc_line_coding_cb>
10004fa0:	2001      	movs	r0, #1
10004fa2:	e044      	b.n	1000502e <cdcd_control_xfer_cb+0xfe>
10004fa4:	2901      	cmp	r1, #1
10004fa6:	d001      	beq.n	10004fac <cdcd_control_xfer_cb+0x7c>
10004fa8:	2001      	movs	r0, #1
10004faa:	e040      	b.n	1000502e <cdcd_control_xfer_cb+0xfe>
10004fac:	2307      	movs	r3, #7
10004fae:	f10e 0208 	add.w	r2, lr, #8
10004fb2:	4661      	mov	r1, ip
10004fb4:	f7ff fc6c 	bl	10004890 <tud_control_xfer>
10004fb8:	2001      	movs	r0, #1
10004fba:	e038      	b.n	1000502e <cdcd_control_xfer_cb+0xfe>
10004fbc:	2901      	cmp	r1, #1
10004fbe:	d003      	beq.n	10004fc8 <cdcd_control_xfer_cb+0x98>
10004fc0:	2903      	cmp	r1, #3
10004fc2:	d006      	beq.n	10004fd2 <cdcd_control_xfer_cb+0xa2>
10004fc4:	2001      	movs	r0, #1
10004fc6:	e032      	b.n	1000502e <cdcd_control_xfer_cb+0xfe>
10004fc8:	4661      	mov	r1, ip
10004fca:	f7ff fc4d 	bl	10004868 <tud_control_status>
10004fce:	2001      	movs	r0, #1
10004fd0:	e02d      	b.n	1000502e <cdcd_control_xfer_cb+0xfe>
10004fd2:	f8bc 3002 	ldrh.w	r3, [ip, #2]
10004fd6:	f003 0501 	and.w	r5, r3, #1
10004fda:	f3c3 0640 	ubfx	r6, r3, #1, #1
10004fde:	f88e 3004 	strb.w	r3, [lr, #4]
10004fe2:	f085 0101 	eor.w	r1, r5, #1
10004fe6:	f10e 0024 	add.w	r0, lr, #36	@ 0x24
10004fea:	f000 ff58 	bl	10005e9e <tu_fifo_set_overwritable>
10004fee:	4b16      	ldr	r3, [pc, #88]	@ (10005048 <cdcd_control_xfer_cb+0x118>)
10004ff0:	b313      	cbz	r3, 10005038 <cdcd_control_xfer_cb+0x108>
10004ff2:	4632      	mov	r2, r6
10004ff4:	4629      	mov	r1, r5
10004ff6:	4620      	mov	r0, r4
10004ff8:	f3af 8000 	nop.w
10004ffc:	2001      	movs	r0, #1
10004ffe:	e016      	b.n	1000502e <cdcd_control_xfer_cb+0xfe>
10005000:	2901      	cmp	r1, #1
10005002:	d003      	beq.n	1000500c <cdcd_control_xfer_cb+0xdc>
10005004:	2903      	cmp	r1, #3
10005006:	d006      	beq.n	10005016 <cdcd_control_xfer_cb+0xe6>
10005008:	2001      	movs	r0, #1
1000500a:	e010      	b.n	1000502e <cdcd_control_xfer_cb+0xfe>
1000500c:	4661      	mov	r1, ip
1000500e:	f7ff fc2b 	bl	10004868 <tud_control_status>
10005012:	2001      	movs	r0, #1
10005014:	e00b      	b.n	1000502e <cdcd_control_xfer_cb+0xfe>
10005016:	4b0d      	ldr	r3, [pc, #52]	@ (1000504c <cdcd_control_xfer_cb+0x11c>)
10005018:	b183      	cbz	r3, 1000503c <cdcd_control_xfer_cb+0x10c>
1000501a:	f8bc 1002 	ldrh.w	r1, [ip, #2]
1000501e:	4620      	mov	r0, r4
10005020:	f3af 8000 	nop.w
10005024:	2001      	movs	r0, #1
10005026:	e002      	b.n	1000502e <cdcd_control_xfer_cb+0xfe>
10005028:	2000      	movs	r0, #0
1000502a:	4770      	bx	lr
1000502c:	2000      	movs	r0, #0
1000502e:	bd70      	pop	{r4, r5, r6, pc}
10005030:	2000      	movs	r0, #0
10005032:	e7fc      	b.n	1000502e <cdcd_control_xfer_cb+0xfe>
10005034:	2001      	movs	r0, #1
10005036:	e7fa      	b.n	1000502e <cdcd_control_xfer_cb+0xfe>
10005038:	2001      	movs	r0, #1
1000503a:	e7f8      	b.n	1000502e <cdcd_control_xfer_cb+0xfe>
1000503c:	2001      	movs	r0, #1
1000503e:	e7f6      	b.n	1000502e <cdcd_control_xfer_cb+0xfe>
10005040:	200010d0 	.word	0x200010d0
10005044:	100030cd 	.word	0x100030cd
	...

10005050 <cdcd_xfer_cb>:
10005050:	e92d 4ff8 	stmdb	sp!, {r3, r4, r5, r6, r7, r8, r9, sl, fp, lr}
10005054:	4680      	mov	r8, r0
10005056:	460d      	mov	r5, r1
10005058:	461f      	mov	r7, r3
1000505a:	2400      	movs	r4, #0
1000505c:	b15c      	cbz	r4, 10005076 <cdcd_xfer_cb+0x26>
1000505e:	b9bc      	cbnz	r4, 10005090 <cdcd_xfer_cb+0x40>
10005060:	46a2      	mov	sl, r4
10005062:	78f3      	ldrb	r3, [r6, #3]
10005064:	42ab      	cmp	r3, r5
10005066:	d023      	beq.n	100050b0 <cdcd_xfer_cb+0x60>
10005068:	78b3      	ldrb	r3, [r6, #2]
1000506a:	42ab      	cmp	r3, r5
1000506c:	d055      	beq.n	1000511a <cdcd_xfer_cb+0xca>
1000506e:	2401      	movs	r4, #1
10005070:	4620      	mov	r0, r4
10005072:	e8bd 8ff8 	ldmia.w	sp!, {r3, r4, r5, r6, r7, r8, r9, sl, fp, pc}
10005076:	23c8      	movs	r3, #200	@ 0xc8
10005078:	4e3c      	ldr	r6, [pc, #240]	@ (1000516c <cdcd_xfer_cb+0x11c>)
1000507a:	fb03 6604 	mla	r6, r3, r4, r6
1000507e:	78f3      	ldrb	r3, [r6, #3]
10005080:	42ab      	cmp	r3, r5
10005082:	d0ec      	beq.n	1000505e <cdcd_xfer_cb+0xe>
10005084:	78b3      	ldrb	r3, [r6, #2]
10005086:	42ab      	cmp	r3, r5
10005088:	d0e9      	beq.n	1000505e <cdcd_xfer_cb+0xe>
1000508a:	3401      	adds	r4, #1
1000508c:	b2e4      	uxtb	r4, r4
1000508e:	e7e5      	b.n	1000505c <cdcd_xfer_cb+0xc>
10005090:	f44f 72e6 	mov.w	r2, #460	@ 0x1cc
10005094:	4936      	ldr	r1, [pc, #216]	@ (10005170 <cdcd_xfer_cb+0x120>)
10005096:	4837      	ldr	r0, [pc, #220]	@ (10005174 <cdcd_xfer_cb+0x124>)
10005098:	f7fd ff9a 	bl	10002fd0 <__wrap_printf>
1000509c:	f04f 23e0 	mov.w	r3, #3758153728	@ 0xe000e000
100050a0:	f8d3 3df0 	ldr.w	r3, [r3, #3568]	@ 0xdf0
100050a4:	f013 0f01 	tst.w	r3, #1
100050a8:	d000      	beq.n	100050ac <cdcd_xfer_cb+0x5c>
100050aa:	be00      	bkpt	0x0000
100050ac:	2400      	movs	r4, #0
100050ae:	e7df      	b.n	10005070 <cdcd_xfer_cb+0x20>
100050b0:	f106 0b10 	add.w	fp, r6, #16
100050b4:	b2ba      	uxth	r2, r7
100050b6:	4930      	ldr	r1, [pc, #192]	@ (10005178 <cdcd_xfer_cb+0x128>)
100050b8:	eb01 11c4 	add.w	r1, r1, r4, lsl #7
100050bc:	4658      	mov	r0, fp
100050be:	f000 fece 	bl	10005e5e <tu_fifo_write_n>
100050c2:	4b2e      	ldr	r3, [pc, #184]	@ (1000517c <cdcd_xfer_cb+0x12c>)
100050c4:	b1db      	cbz	r3, 100050fe <cdcd_xfer_cb+0xae>
100050c6:	7973      	ldrb	r3, [r6, #5]
100050c8:	2bff      	cmp	r3, #255	@ 0xff
100050ca:	d018      	beq.n	100050fe <cdcd_xfer_cb+0xae>
100050cc:	f04f 0900 	mov.w	r9, #0
100050d0:	e001      	b.n	100050d6 <cdcd_xfer_cb+0x86>
100050d2:	f109 0901 	add.w	r9, r9, #1
100050d6:	45b9      	cmp	r9, r7
100050d8:	d211      	bcs.n	100050fe <cdcd_xfer_cb+0xae>
100050da:	7972      	ldrb	r2, [r6, #5]
100050dc:	4b26      	ldr	r3, [pc, #152]	@ (10005178 <cdcd_xfer_cb+0x128>)
100050de:	eb03 13ca 	add.w	r3, r3, sl, lsl #7
100050e2:	f813 3009 	ldrb.w	r3, [r3, r9]
100050e6:	429a      	cmp	r2, r3
100050e8:	d1f3      	bne.n	100050d2 <cdcd_xfer_cb+0x82>
100050ea:	4658      	mov	r0, fp
100050ec:	f000 fe31 	bl	10005d52 <tu_fifo_empty>
100050f0:	2800      	cmp	r0, #0
100050f2:	d1ee      	bne.n	100050d2 <cdcd_xfer_cb+0x82>
100050f4:	7971      	ldrb	r1, [r6, #5]
100050f6:	4620      	mov	r0, r4
100050f8:	f3af 8000 	nop.w
100050fc:	e7e9      	b.n	100050d2 <cdcd_xfer_cb+0x82>
100050fe:	4b20      	ldr	r3, [pc, #128]	@ (10005180 <cdcd_xfer_cb+0x130>)
10005100:	b11b      	cbz	r3, 1000510a <cdcd_xfer_cb+0xba>
10005102:	4658      	mov	r0, fp
10005104:	f000 fe25 	bl	10005d52 <tu_fifo_empty>
10005108:	b118      	cbz	r0, 10005112 <cdcd_xfer_cb+0xc2>
1000510a:	4620      	mov	r0, r4
1000510c:	f7ff fcba 	bl	10004a84 <_prep_out_transaction>
10005110:	e7aa      	b.n	10005068 <cdcd_xfer_cb+0x18>
10005112:	4620      	mov	r0, r4
10005114:	f3af 8000 	nop.w
10005118:	e7f7      	b.n	1000510a <cdcd_xfer_cb+0xba>
1000511a:	4b1a      	ldr	r3, [pc, #104]	@ (10005184 <cdcd_xfer_cb+0x134>)
1000511c:	b113      	cbz	r3, 10005124 <cdcd_xfer_cb+0xd4>
1000511e:	4620      	mov	r0, r4
10005120:	f3af 8000 	nop.w
10005124:	4620      	mov	r0, r4
10005126:	f7ff fd37 	bl	10004b98 <tud_cdc_n_write_flush>
1000512a:	b108      	cbz	r0, 10005130 <cdcd_xfer_cb+0xe0>
1000512c:	2401      	movs	r4, #1
1000512e:	e79f      	b.n	10005070 <cdcd_xfer_cb+0x20>
10005130:	f106 0024 	add.w	r0, r6, #36	@ 0x24
10005134:	f000 fdf9 	bl	10005d2a <tu_fifo_count>
10005138:	b9a0      	cbnz	r0, 10005164 <cdcd_xfer_cb+0x114>
1000513a:	b1af      	cbz	r7, 10005168 <cdcd_xfer_cb+0x118>
1000513c:	f017 0f3f 	tst.w	r7, #63	@ 0x3f
10005140:	d001      	beq.n	10005146 <cdcd_xfer_cb+0xf6>
10005142:	2401      	movs	r4, #1
10005144:	e794      	b.n	10005070 <cdcd_xfer_cb+0x20>
10005146:	78b1      	ldrb	r1, [r6, #2]
10005148:	4640      	mov	r0, r8
1000514a:	f7fe ff6d 	bl	10004028 <usbd_edpt_claim>
1000514e:	4604      	mov	r4, r0
10005150:	b908      	cbnz	r0, 10005156 <cdcd_xfer_cb+0x106>
10005152:	2401      	movs	r4, #1
10005154:	e78c      	b.n	10005070 <cdcd_xfer_cb+0x20>
10005156:	2300      	movs	r3, #0
10005158:	461a      	mov	r2, r3
1000515a:	78b1      	ldrb	r1, [r6, #2]
1000515c:	4640      	mov	r0, r8
1000515e:	f7fe ff8b 	bl	10004078 <usbd_edpt_xfer>
10005162:	e785      	b.n	10005070 <cdcd_xfer_cb+0x20>
10005164:	2401      	movs	r4, #1
10005166:	e783      	b.n	10005070 <cdcd_xfer_cb+0x20>
10005168:	2401      	movs	r4, #1
1000516a:	e781      	b.n	10005070 <cdcd_xfer_cb+0x20>
1000516c:	200010d0 	.word	0x200010d0
10005170:	10006efc 	.word	0x10006efc
10005174:	10006a04 	.word	0x10006a04
10005178:	2000104c 	.word	0x2000104c
	...

10005188 <tud_vendor_n_mounted>:
10005188:	b990      	cbnz	r0, 100051b0 <tud_vendor_n_mounted+0x28>
1000518a:	4b0a      	ldr	r3, [pc, #40]	@ (100051b4 <tud_vendor_n_mounted+0x2c>)
1000518c:	f44f 7113 	mov.w	r1, #588	@ 0x24c
10005190:	fb01 3300 	mla	r3, r1, r0, r3
10005194:	f893 3129 	ldrb.w	r3, [r3, #297]	@ 0x129
10005198:	b933      	cbnz	r3, 100051a8 <tud_vendor_n_mounted+0x20>
1000519a:	4b06      	ldr	r3, [pc, #24]	@ (100051b4 <tud_vendor_n_mounted+0x2c>)
1000519c:	fb01 3300 	mla	r3, r1, r0, r3
100051a0:	795b      	ldrb	r3, [r3, #5]
100051a2:	b11b      	cbz	r3, 100051ac <tud_vendor_n_mounted+0x24>
100051a4:	2001      	movs	r0, #1
100051a6:	4770      	bx	lr
100051a8:	2001      	movs	r0, #1
100051aa:	4770      	bx	lr
100051ac:	2000      	movs	r0, #0
100051ae:	4770      	bx	lr
100051b0:	2000      	movs	r0, #0
100051b2:	4770      	bx	lr
100051b4:	200013b4 	.word	0x200013b4

100051b8 <tud_vendor_n_write_flush>:
100051b8:	b108      	cbz	r0, 100051be <tud_vendor_n_write_flush+0x6>
100051ba:	2000      	movs	r0, #0
100051bc:	4770      	bx	lr
100051be:	b508      	push	{r3, lr}
100051c0:	f44f 7213 	mov.w	r2, #588	@ 0x24c
100051c4:	4903      	ldr	r1, [pc, #12]	@ (100051d4 <tud_vendor_n_write_flush+0x1c>)
100051c6:	fb02 1100 	mla	r1, r2, r0, r1
100051ca:	3104      	adds	r1, #4
100051cc:	f000 fb2c 	bl	10005828 <tu_edpt_stream_write_xfer>
100051d0:	bd08      	pop	{r3, pc}
100051d2:	bf00      	nop
100051d4:	200013b4 	.word	0x200013b4

100051d8 <vendord_init>:
100051d8:	e92d 47f0 	stmdb	sp!, {r4, r5, r6, r7, r8, r9, sl, lr}
100051dc:	b084      	sub	sp, #16
100051de:	f44f 7213 	mov.w	r2, #588	@ 0x24c
100051e2:	2100      	movs	r1, #0
100051e4:	481e      	ldr	r0, [pc, #120]	@ (10005260 <vendord_init+0x88>)
100051e6:	f000 fe77 	bl	10005ed8 <memset>
100051ea:	2400      	movs	r4, #0
100051ec:	b114      	cbz	r4, 100051f4 <vendord_init+0x1c>
100051ee:	b004      	add	sp, #16
100051f0:	e8bd 87f0 	ldmia.w	sp!, {r4, r5, r6, r7, r8, r9, sl, pc}
100051f4:	f44f 7513 	mov.w	r5, #588	@ 0x24c
100051f8:	fb04 f505 	mul.w	r5, r4, r5
100051fc:	f505 73a4 	add.w	r3, r5, #328	@ 0x148
10005200:	4f17      	ldr	r7, [pc, #92]	@ (10005260 <vendord_init+0x88>)
10005202:	443b      	add	r3, r7
10005204:	3304      	adds	r3, #4
10005206:	01e6      	lsls	r6, r4, #7
10005208:	f8df a058 	ldr.w	sl, [pc, #88]	@ 10005264 <vendord_init+0x8c>
1000520c:	eb0a 12c4 	add.w	r2, sl, r4, lsl #7
10005210:	f505 7094 	add.w	r0, r5, #296	@ 0x128
10005214:	f04f 0940 	mov.w	r9, #64	@ 0x40
10005218:	f8cd 900c 	str.w	r9, [sp, #12]
1000521c:	9202      	str	r2, [sp, #8]
1000521e:	f44f 7880 	mov.w	r8, #256	@ 0x100
10005222:	f8cd 8004 	str.w	r8, [sp, #4]
10005226:	9300      	str	r3, [sp, #0]
10005228:	2300      	movs	r3, #0
1000522a:	461a      	mov	r2, r3
1000522c:	4619      	mov	r1, r3
1000522e:	4438      	add	r0, r7
10005230:	f000 fa85 	bl	1000573e <tu_edpt_stream_init>
10005234:	f105 0320 	add.w	r3, r5, #32
10005238:	443b      	add	r3, r7
1000523a:	3308      	adds	r3, #8
1000523c:	444e      	add	r6, r9
1000523e:	4456      	add	r6, sl
10005240:	19e8      	adds	r0, r5, r7
10005242:	f8cd 900c 	str.w	r9, [sp, #12]
10005246:	9602      	str	r6, [sp, #8]
10005248:	f8cd 8004 	str.w	r8, [sp, #4]
1000524c:	9300      	str	r3, [sp, #0]
1000524e:	2300      	movs	r3, #0
10005250:	2201      	movs	r2, #1
10005252:	4619      	mov	r1, r3
10005254:	3004      	adds	r0, #4
10005256:	f000 fa72 	bl	1000573e <tu_edpt_stream_init>
1000525a:	3401      	adds	r4, #1
1000525c:	b2e4      	uxtb	r4, r4
1000525e:	e7c5      	b.n	100051ec <vendord_init+0x14>
10005260:	200013b4 	.word	0x200013b4
10005264:	20001334 	.word	0x20001334

10005268 <vendord_deinit>:
10005268:	b570      	push	{r4, r5, r6, lr}
1000526a:	2400      	movs	r4, #0
1000526c:	b10c      	cbz	r4, 10005272 <vendord_deinit+0xa>
1000526e:	2001      	movs	r0, #1
10005270:	bd70      	pop	{r4, r5, r6, pc}
10005272:	f44f 7513 	mov.w	r5, #588	@ 0x24c
10005276:	fb04 f505 	mul.w	r5, r4, r5
1000527a:	f505 7094 	add.w	r0, r5, #296	@ 0x128
1000527e:	4e05      	ldr	r6, [pc, #20]	@ (10005294 <vendord_deinit+0x2c>)
10005280:	4430      	add	r0, r6
10005282:	f000 fa86 	bl	10005792 <tu_edpt_stream_deinit>
10005286:	19a8      	adds	r0, r5, r6
10005288:	3004      	adds	r0, #4
1000528a:	f000 fa82 	bl	10005792 <tu_edpt_stream_deinit>
1000528e:	3401      	adds	r4, #1
10005290:	b2e4      	uxtb	r4, r4
10005292:	e7eb      	b.n	1000526c <vendord_deinit+0x4>
10005294:	200013b4 	.word	0x200013b4

10005298 <vendord_reset>:
10005298:	e92d 41f0 	stmdb	sp!, {r4, r5, r6, r7, r8, lr}
1000529c:	2500      	movs	r5, #0
1000529e:	b10d      	cbz	r5, 100052a4 <vendord_reset+0xc>
100052a0:	e8bd 81f0 	ldmia.w	sp!, {r4, r5, r6, r7, r8, pc}
100052a4:	f44f 7413 	mov.w	r4, #588	@ 0x24c
100052a8:	fb05 f404 	mul.w	r4, r5, r4
100052ac:	4e0b      	ldr	r6, [pc, #44]	@ (100052dc <vendord_reset+0x44>)
100052ae:	eb04 0806 	add.w	r8, r4, r6
100052b2:	2700      	movs	r7, #0
100052b4:	5537      	strb	r7, [r6, r4]
100052b6:	f504 7098 	add.w	r0, r4, #304	@ 0x130
100052ba:	4430      	add	r0, r6
100052bc:	f000 fdd4 	bl	10005e68 <tu_fifo_clear>
100052c0:	f104 0008 	add.w	r0, r4, #8
100052c4:	4430      	add	r0, r6
100052c6:	3004      	adds	r0, #4
100052c8:	f000 fdce 	bl	10005e68 <tu_fifo_clear>
100052cc:	f888 7129 	strb.w	r7, [r8, #297]	@ 0x129
100052d0:	f888 7005 	strb.w	r7, [r8, #5]
100052d4:	3501      	adds	r5, #1
100052d6:	b2ed      	uxtb	r5, r5
100052d8:	e7e1      	b.n	1000529e <vendord_reset+0x6>
100052da:	bf00      	nop
100052dc:	200013b4 	.word	0x200013b4

100052e0 <vendord_open>:
100052e0:	794b      	ldrb	r3, [r1, #5]
100052e2:	2bff      	cmp	r3, #255	@ 0xff
100052e4:	f040 8094 	bne.w	10005410 <vendord_open+0x130>
100052e8:	e92d 47f0 	stmdb	sp!, {r4, r5, r6, r7, r8, r9, sl, lr}
100052ec:	4680      	mov	r8, r0
100052ee:	460f      	mov	r7, r1
100052f0:	780c      	ldrb	r4, [r1, #0]
100052f2:	440c      	add	r4, r1
100052f4:	18a5      	adds	r5, r4, r2
100052f6:	2600      	movs	r6, #0
100052f8:	b116      	cbz	r6, 10005300 <vendord_open+0x20>
100052fa:	2000      	movs	r0, #0
100052fc:	e8bd 87f0 	ldmia.w	sp!, {r4, r5, r6, r7, r8, r9, sl, pc}
10005300:	4630      	mov	r0, r6
10005302:	f7ff ff41 	bl	10005188 <tud_vendor_n_mounted>
10005306:	b110      	cbz	r0, 1000530e <vendord_open+0x2e>
10005308:	3601      	adds	r6, #1
1000530a:	b2f6      	uxtb	r6, r6
1000530c:	e7f4      	b.n	100052f8 <vendord_open+0x18>
1000530e:	f44f 7313 	mov.w	r3, #588	@ 0x24c
10005312:	fb06 f303 	mul.w	r3, r6, r3
10005316:	4a3f      	ldr	r2, [pc, #252]	@ (10005414 <vendord_open+0x134>)
10005318:	eb03 0902 	add.w	r9, r3, r2
1000531c:	78b9      	ldrb	r1, [r7, #2]
1000531e:	54d1      	strb	r1, [r2, r3]
10005320:	e02a      	b.n	10005378 <vendord_open+0x98>
10005322:	42ac      	cmp	r4, r5
10005324:	d271      	bcs.n	1000540a <vendord_open+0x12a>
10005326:	4621      	mov	r1, r4
10005328:	4640      	mov	r0, r8
1000532a:	f7fe fded 	bl	10003f08 <usbd_edpt_open>
1000532e:	b370      	cbz	r0, 1000538e <vendord_open+0xae>
10005330:	3601      	adds	r6, #1
10005332:	b2f6      	uxtb	r6, r6
10005334:	78a3      	ldrb	r3, [r4, #2]
10005336:	09db      	lsrs	r3, r3, #7
10005338:	d138      	bne.n	100053ac <vendord_open+0xcc>
1000533a:	f509 7a94 	add.w	sl, r9, #296	@ 0x128
1000533e:	f509 7098 	add.w	r0, r9, #304	@ 0x130
10005342:	f000 fd91 	bl	10005e68 <tu_fifo_clear>
10005346:	78a3      	ldrb	r3, [r4, #2]
10005348:	f889 3129 	strb.w	r3, [r9, #297]	@ 0x129
1000534c:	88a3      	ldrh	r3, [r4, #4]
1000534e:	f3c3 030a 	ubfx	r3, r3, #0, #11
10005352:	f5b3 7f00 	cmp.w	r3, #512	@ 0x200
10005356:	bf14      	ite	ne
10005358:	2300      	movne	r3, #0
1000535a:	2301      	moveq	r3, #1
1000535c:	f899 2128 	ldrb.w	r2, [r9, #296]	@ 0x128
10005360:	f363 0241 	bfi	r2, r3, #1, #1
10005364:	f889 2128 	strb.w	r2, [r9, #296]	@ 0x128
10005368:	4651      	mov	r1, sl
1000536a:	4640      	mov	r0, r8
1000536c:	f000 faa8 	bl	100058c0 <tu_edpt_stream_read_xfer>
10005370:	2800      	cmp	r0, #0
10005372:	d03b      	beq.n	100053ec <vendord_open+0x10c>
10005374:	7823      	ldrb	r3, [r4, #0]
10005376:	441c      	add	r4, r3
10005378:	793b      	ldrb	r3, [r7, #4]
1000537a:	42b3      	cmp	r3, r6
1000537c:	d945      	bls.n	1000540a <vendord_open+0x12a>
1000537e:	7863      	ldrb	r3, [r4, #1]
10005380:	2b05      	cmp	r3, #5
10005382:	d0ce      	beq.n	10005322 <vendord_open+0x42>
10005384:	42ac      	cmp	r4, r5
10005386:	d2cc      	bcs.n	10005322 <vendord_open+0x42>
10005388:	7823      	ldrb	r3, [r4, #0]
1000538a:	441c      	add	r4, r3
1000538c:	e7f7      	b.n	1000537e <vendord_open+0x9e>
1000538e:	22e0      	movs	r2, #224	@ 0xe0
10005390:	4921      	ldr	r1, [pc, #132]	@ (10005418 <vendord_open+0x138>)
10005392:	4822      	ldr	r0, [pc, #136]	@ (1000541c <vendord_open+0x13c>)
10005394:	f7fd fe1c 	bl	10002fd0 <__wrap_printf>
10005398:	f04f 23e0 	mov.w	r3, #3758153728	@ 0xe000e000
1000539c:	f8d3 3df0 	ldr.w	r3, [r3, #3568]	@ 0xdf0
100053a0:	f013 0f01 	tst.w	r3, #1
100053a4:	d000      	beq.n	100053a8 <vendord_open+0xc8>
100053a6:	be00      	bkpt	0x0000
100053a8:	2000      	movs	r0, #0
100053aa:	e7a7      	b.n	100052fc <vendord_open+0x1c>
100053ac:	f109 000c 	add.w	r0, r9, #12
100053b0:	f000 fd5a 	bl	10005e68 <tu_fifo_clear>
100053b4:	78a3      	ldrb	r3, [r4, #2]
100053b6:	f889 3005 	strb.w	r3, [r9, #5]
100053ba:	88a3      	ldrh	r3, [r4, #4]
100053bc:	f3c3 030a 	ubfx	r3, r3, #0, #11
100053c0:	f5b3 7f00 	cmp.w	r3, #512	@ 0x200
100053c4:	bf14      	ite	ne
100053c6:	2300      	movne	r3, #0
100053c8:	2301      	moveq	r3, #1
100053ca:	f899 2004 	ldrb.w	r2, [r9, #4]
100053ce:	f363 0241 	bfi	r2, r3, #1, #1
100053d2:	f889 2004 	strb.w	r2, [r9, #4]
100053d6:	480f      	ldr	r0, [pc, #60]	@ (10005414 <vendord_open+0x134>)
100053d8:	eba9 0000 	sub.w	r0, r9, r0
100053dc:	1080      	asrs	r0, r0, #2
100053de:	4b10      	ldr	r3, [pc, #64]	@ (10005420 <vendord_open+0x140>)
100053e0:	fb03 f000 	mul.w	r0, r3, r0
100053e4:	b2c0      	uxtb	r0, r0
100053e6:	f7ff fee7 	bl	100051b8 <tud_vendor_n_write_flush>
100053ea:	e7c3      	b.n	10005374 <vendord_open+0x94>
100053ec:	22e8      	movs	r2, #232	@ 0xe8
100053ee:	490a      	ldr	r1, [pc, #40]	@ (10005418 <vendord_open+0x138>)
100053f0:	480a      	ldr	r0, [pc, #40]	@ (1000541c <vendord_open+0x13c>)
100053f2:	f7fd fded 	bl	10002fd0 <__wrap_printf>
100053f6:	f04f 23e0 	mov.w	r3, #3758153728	@ 0xe000e000
100053fa:	f8d3 3df0 	ldr.w	r3, [r3, #3568]	@ 0xdf0
100053fe:	f013 0f01 	tst.w	r3, #1
10005402:	d000      	beq.n	10005406 <vendord_open+0x126>
10005404:	be00      	bkpt	0x0000
10005406:	2000      	movs	r0, #0
10005408:	e778      	b.n	100052fc <vendord_open+0x1c>
1000540a:	1be1      	subs	r1, r4, r7
1000540c:	b288      	uxth	r0, r1
1000540e:	e775      	b.n	100052fc <vendord_open+0x1c>
10005410:	2000      	movs	r0, #0
10005412:	4770      	bx	lr
10005414:	200013b4 	.word	0x200013b4
10005418:	10006f30 	.word	0x10006f30
1000541c:	10006a04 	.word	0x10006a04
10005420:	08b51d9b 	.word	0x08b51d9b

10005424 <vendord_xfer_cb>:
10005424:	e92d 41f0 	stmdb	sp!, {r4, r5, r6, r7, r8, lr}
10005428:	4605      	mov	r5, r0
1000542a:	461f      	mov	r7, r3
1000542c:	2400      	movs	r4, #0
1000542e:	b15c      	cbz	r4, 10005448 <vendord_xfer_cb+0x24>
10005430:	2c00      	cmp	r4, #0
10005432:	d148      	bne.n	100054c6 <vendord_xfer_cb+0xa2>
10005434:	46a0      	mov	r8, r4
10005436:	f896 3129 	ldrb.w	r3, [r6, #297]	@ 0x129
1000543a:	428b      	cmp	r3, r1
1000543c:	d013      	beq.n	10005466 <vendord_xfer_cb+0x42>
1000543e:	7973      	ldrb	r3, [r6, #5]
10005440:	428b      	cmp	r3, r1
10005442:	d02b      	beq.n	1000549c <vendord_xfer_cb+0x78>
10005444:	2001      	movs	r0, #1
10005446:	e03f      	b.n	100054c8 <vendord_xfer_cb+0xa4>
10005448:	f44f 7313 	mov.w	r3, #588	@ 0x24c
1000544c:	4e1f      	ldr	r6, [pc, #124]	@ (100054cc <vendord_xfer_cb+0xa8>)
1000544e:	fb03 6604 	mla	r6, r3, r4, r6
10005452:	f896 3129 	ldrb.w	r3, [r6, #297]	@ 0x129
10005456:	428b      	cmp	r3, r1
10005458:	d0ea      	beq.n	10005430 <vendord_xfer_cb+0xc>
1000545a:	7973      	ldrb	r3, [r6, #5]
1000545c:	428b      	cmp	r3, r1
1000545e:	d0e7      	beq.n	10005430 <vendord_xfer_cb+0xc>
10005460:	3401      	adds	r4, #1
10005462:	b2e4      	uxtb	r4, r4
10005464:	e7e3      	b.n	1000542e <vendord_xfer_cb+0xa>
10005466:	f8b6 3134 	ldrh.w	r3, [r6, #308]	@ 0x134
1000546a:	b97b      	cbnz	r3, 1000548c <vendord_xfer_cb+0x68>
1000546c:	4b18      	ldr	r3, [pc, #96]	@ (100054d0 <vendord_xfer_cb+0xac>)
1000546e:	b133      	cbz	r3, 1000547e <vendord_xfer_cb+0x5a>
10005470:	b2ba      	uxth	r2, r7
10005472:	4918      	ldr	r1, [pc, #96]	@ (100054d4 <vendord_xfer_cb+0xb0>)
10005474:	eb01 11c8 	add.w	r1, r1, r8, lsl #7
10005478:	4620      	mov	r0, r4
1000547a:	f3af 8000 	nop.w
1000547e:	f506 7194 	add.w	r1, r6, #296	@ 0x128
10005482:	4628      	mov	r0, r5
10005484:	f000 fa1c 	bl	100058c0 <tu_edpt_stream_read_xfer>
10005488:	2001      	movs	r0, #1
1000548a:	e01d      	b.n	100054c8 <vendord_xfer_cb+0xa4>
1000548c:	b2ba      	uxth	r2, r7
1000548e:	f8d6 112c 	ldr.w	r1, [r6, #300]	@ 0x12c
10005492:	f506 7098 	add.w	r0, r6, #304	@ 0x130
10005496:	f000 fce2 	bl	10005e5e <tu_fifo_write_n>
1000549a:	e7e7      	b.n	1000546c <vendord_xfer_cb+0x48>
1000549c:	4b0e      	ldr	r3, [pc, #56]	@ (100054d8 <vendord_xfer_cb+0xb4>)
1000549e:	b11b      	cbz	r3, 100054a8 <vendord_xfer_cb+0x84>
100054a0:	b2b9      	uxth	r1, r7
100054a2:	4620      	mov	r0, r4
100054a4:	f3af 8000 	nop.w
100054a8:	3604      	adds	r6, #4
100054aa:	4631      	mov	r1, r6
100054ac:	4628      	mov	r0, r5
100054ae:	f000 f9bb 	bl	10005828 <tu_edpt_stream_write_xfer>
100054b2:	b108      	cbz	r0, 100054b8 <vendord_xfer_cb+0x94>
100054b4:	2001      	movs	r0, #1
100054b6:	e007      	b.n	100054c8 <vendord_xfer_cb+0xa4>
100054b8:	463a      	mov	r2, r7
100054ba:	4631      	mov	r1, r6
100054bc:	4628      	mov	r0, r5
100054be:	f000 f96b 	bl	10005798 <tu_edpt_stream_write_zlp_if_needed>
100054c2:	2001      	movs	r0, #1
100054c4:	e000      	b.n	100054c8 <vendord_xfer_cb+0xa4>
100054c6:	2000      	movs	r0, #0
100054c8:	e8bd 81f0 	ldmia.w	sp!, {r4, r5, r6, r7, r8, pc}
100054cc:	200013b4 	.word	0x200013b4
100054d0:	00000000 	.word	0x00000000
100054d4:	20001334 	.word	0x20001334
100054d8:	00000000 	.word	0x00000000

100054dc <tusb_rhport_init>:
100054dc:	b510      	push	{r4, lr}
100054de:	b082      	sub	sp, #8
100054e0:	b151      	cbz	r1, 100054f8 <tusb_rhport_init+0x1c>
100054e2:	460a      	mov	r2, r1
100054e4:	2801      	cmp	r0, #1
100054e6:	d824      	bhi.n	10005532 <tusb_rhport_init+0x56>
100054e8:	780b      	ldrb	r3, [r1, #0]
100054ea:	b313      	cbz	r3, 10005532 <tusb_rhport_init+0x56>
100054ec:	4923      	ldr	r1, [pc, #140]	@ (1000557c <tusb_rhport_init+0xa0>)
100054ee:	540b      	strb	r3, [r1, r0]
100054f0:	2b01      	cmp	r3, #1
100054f2:	d02f      	beq.n	10005554 <tusb_rhport_init+0x78>
100054f4:	2401      	movs	r4, #1
100054f6:	e02a      	b.n	1000554e <tusb_rhport_init+0x72>
100054f8:	2301      	movs	r3, #1
100054fa:	f88d 3004 	strb.w	r3, [sp, #4]
100054fe:	2000      	movs	r0, #0
10005500:	f88d 0005 	strb.w	r0, [sp, #5]
10005504:	a901      	add	r1, sp, #4
10005506:	f7fe fc6b 	bl	10003de0 <tud_rhport_init>
1000550a:	4604      	mov	r4, r0
1000550c:	b118      	cbz	r0, 10005516 <tusb_rhport_init+0x3a>
1000550e:	4b1b      	ldr	r3, [pc, #108]	@ (1000557c <tusb_rhport_init+0xa0>)
10005510:	2201      	movs	r2, #1
10005512:	701a      	strb	r2, [r3, #0]
10005514:	e01b      	b.n	1000554e <tusb_rhport_init+0x72>
10005516:	2247      	movs	r2, #71	@ 0x47
10005518:	4919      	ldr	r1, [pc, #100]	@ (10005580 <tusb_rhport_init+0xa4>)
1000551a:	481a      	ldr	r0, [pc, #104]	@ (10005584 <tusb_rhport_init+0xa8>)
1000551c:	f7fd fd58 	bl	10002fd0 <__wrap_printf>
10005520:	f04f 23e0 	mov.w	r3, #3758153728	@ 0xe000e000
10005524:	f8d3 3df0 	ldr.w	r3, [r3, #3568]	@ 0xdf0
10005528:	f013 0f01 	tst.w	r3, #1
1000552c:	d00f      	beq.n	1000554e <tusb_rhport_init+0x72>
1000552e:	be00      	bkpt	0x0000
10005530:	e00d      	b.n	1000554e <tusb_rhport_init+0x72>
10005532:	225a      	movs	r2, #90	@ 0x5a
10005534:	4912      	ldr	r1, [pc, #72]	@ (10005580 <tusb_rhport_init+0xa4>)
10005536:	4813      	ldr	r0, [pc, #76]	@ (10005584 <tusb_rhport_init+0xa8>)
10005538:	f7fd fd4a 	bl	10002fd0 <__wrap_printf>
1000553c:	f04f 23e0 	mov.w	r3, #3758153728	@ 0xe000e000
10005540:	f8d3 3df0 	ldr.w	r3, [r3, #3568]	@ 0xdf0
10005544:	f013 0f01 	tst.w	r3, #1
10005548:	d000      	beq.n	1000554c <tusb_rhport_init+0x70>
1000554a:	be00      	bkpt	0x0000
1000554c:	2400      	movs	r4, #0
1000554e:	4620      	mov	r0, r4
10005550:	b002      	add	sp, #8
10005552:	bd10      	pop	{r4, pc}
10005554:	4611      	mov	r1, r2
10005556:	f7fe fc43 	bl	10003de0 <tud_rhport_init>
1000555a:	4604      	mov	r4, r0
1000555c:	2800      	cmp	r0, #0
1000555e:	d1f6      	bne.n	1000554e <tusb_rhport_init+0x72>
10005560:	225f      	movs	r2, #95	@ 0x5f
10005562:	4907      	ldr	r1, [pc, #28]	@ (10005580 <tusb_rhport_init+0xa4>)
10005564:	4807      	ldr	r0, [pc, #28]	@ (10005584 <tusb_rhport_init+0xa8>)
10005566:	f7fd fd33 	bl	10002fd0 <__wrap_printf>
1000556a:	f04f 23e0 	mov.w	r3, #3758153728	@ 0xe000e000
1000556e:	f8d3 3df0 	ldr.w	r3, [r3, #3568]	@ 0xdf0
10005572:	f013 0f01 	tst.w	r3, #1
10005576:	d0ea      	beq.n	1000554e <tusb_rhport_init+0x72>
10005578:	be00      	bkpt	0x0000
1000557a:	e7e8      	b.n	1000554e <tusb_rhport_init+0x72>
1000557c:	2000120c 	.word	0x2000120c
10005580:	10006fb0 	.word	0x10006fb0
10005584:	10006a04 	.word	0x10006a04

10005588 <tu_edpt_claim>:
10005588:	b570      	push	{r4, r5, r6, lr}
1000558a:	4604      	mov	r4, r0
1000558c:	7803      	ldrb	r3, [r0, #0]
1000558e:	f013 0001 	ands.w	r0, r3, #1
10005592:	d11f      	bne.n	100055d4 <tu_edpt_claim+0x4c>
10005594:	460d      	mov	r5, r1
10005596:	7823      	ldrb	r3, [r4, #0]
10005598:	f3c3 0680 	ubfx	r6, r3, #2, #1
1000559c:	f013 0f04 	tst.w	r3, #4
100055a0:	d119      	bne.n	100055d6 <tu_edpt_claim+0x4e>
100055a2:	f04f 31ff 	mov.w	r1, #4294967295	@ 0xffffffff
100055a6:	4628      	mov	r0, r5
100055a8:	f000 fd8e 	bl	100060c8 <__mutex_enter_timeout_ms_veneer>
100055ac:	7823      	ldrb	r3, [r4, #0]
100055ae:	f013 0301 	ands.w	r3, r3, #1
100055b2:	d108      	bne.n	100055c6 <tu_edpt_claim+0x3e>
100055b4:	7822      	ldrb	r2, [r4, #0]
100055b6:	f012 0f04 	tst.w	r2, #4
100055ba:	d109      	bne.n	100055d0 <tu_edpt_claim+0x48>
100055bc:	7823      	ldrb	r3, [r4, #0]
100055be:	f043 0304 	orr.w	r3, r3, #4
100055c2:	7023      	strb	r3, [r4, #0]
100055c4:	2601      	movs	r6, #1
100055c6:	4628      	mov	r0, r5
100055c8:	f000 fd8e 	bl	100060e8 <__mutex_exit_veneer>
100055cc:	4630      	mov	r0, r6
100055ce:	e002      	b.n	100055d6 <tu_edpt_claim+0x4e>
100055d0:	461e      	mov	r6, r3
100055d2:	e7f8      	b.n	100055c6 <tu_edpt_claim+0x3e>
100055d4:	2000      	movs	r0, #0
100055d6:	bd70      	pop	{r4, r5, r6, pc}

100055d8 <tu_edpt_release>:
100055d8:	b570      	push	{r4, r5, r6, lr}
100055da:	4605      	mov	r5, r0
100055dc:	460c      	mov	r4, r1
100055de:	f04f 31ff 	mov.w	r1, #4294967295	@ 0xffffffff
100055e2:	4620      	mov	r0, r4
100055e4:	f000 fd70 	bl	100060c8 <__mutex_enter_timeout_ms_veneer>
100055e8:	782b      	ldrb	r3, [r5, #0]
100055ea:	f3c3 0680 	ubfx	r6, r3, #2, #1
100055ee:	f013 0f04 	tst.w	r3, #4
100055f2:	d104      	bne.n	100055fe <tu_edpt_release+0x26>
100055f4:	4620      	mov	r0, r4
100055f6:	f000 fd77 	bl	100060e8 <__mutex_exit_veneer>
100055fa:	4630      	mov	r0, r6
100055fc:	bd70      	pop	{r4, r5, r6, pc}
100055fe:	782b      	ldrb	r3, [r5, #0]
10005600:	f013 0f01 	tst.w	r3, #1
10005604:	d104      	bne.n	10005610 <tu_edpt_release+0x38>
10005606:	782b      	ldrb	r3, [r5, #0]
10005608:	f023 0304 	bic.w	r3, r3, #4
1000560c:	702b      	strb	r3, [r5, #0]
1000560e:	e7f1      	b.n	100055f4 <tu_edpt_release+0x1c>
10005610:	2600      	movs	r6, #0
10005612:	e7ef      	b.n	100055f4 <tu_edpt_release+0x1c>

10005614 <tu_edpt_validate>:
10005614:	b508      	push	{r3, lr}
10005616:	8883      	ldrh	r3, [r0, #4]
10005618:	f3c3 020a 	ubfx	r2, r3, #0, #11
1000561c:	78c3      	ldrb	r3, [r0, #3]
1000561e:	f003 0303 	and.w	r3, r3, #3
10005622:	2b02      	cmp	r3, #2
10005624:	d01d      	beq.n	10005662 <tu_edpt_validate+0x4e>
10005626:	2b03      	cmp	r3, #3
10005628:	d044      	beq.n	100056b4 <tu_edpt_validate+0xa0>
1000562a:	2b01      	cmp	r3, #1
1000562c:	d15b      	bne.n	100056e6 <tu_edpt_validate+0xd2>
1000562e:	2902      	cmp	r1, #2
10005630:	d005      	beq.n	1000563e <tu_edpt_validate+0x2a>
10005632:	f240 33ff 	movw	r3, #1023	@ 0x3ff
10005636:	4293      	cmp	r3, r2
10005638:	d304      	bcc.n	10005644 <tu_edpt_validate+0x30>
1000563a:	2001      	movs	r0, #1
1000563c:	e054      	b.n	100056e8 <tu_edpt_validate+0xd4>
1000563e:	f44f 6380 	mov.w	r3, #1024	@ 0x400
10005642:	e7f8      	b.n	10005636 <tu_edpt_validate+0x22>
10005644:	22d1      	movs	r2, #209	@ 0xd1
10005646:	4929      	ldr	r1, [pc, #164]	@ (100056ec <tu_edpt_validate+0xd8>)
10005648:	4829      	ldr	r0, [pc, #164]	@ (100056f0 <tu_edpt_validate+0xdc>)
1000564a:	f7fd fcc1 	bl	10002fd0 <__wrap_printf>
1000564e:	f04f 23e0 	mov.w	r3, #3758153728	@ 0xe000e000
10005652:	f8d3 3df0 	ldr.w	r3, [r3, #3568]	@ 0xdf0
10005656:	f013 0f01 	tst.w	r3, #1
1000565a:	d000      	beq.n	1000565e <tu_edpt_validate+0x4a>
1000565c:	be00      	bkpt	0x0000
1000565e:	2000      	movs	r0, #0
10005660:	e042      	b.n	100056e8 <tu_edpt_validate+0xd4>
10005662:	2902      	cmp	r1, #2
10005664:	d003      	beq.n	1000566e <tu_edpt_validate+0x5a>
10005666:	2a40      	cmp	r2, #64	@ 0x40
10005668:	d815      	bhi.n	10005696 <tu_edpt_validate+0x82>
1000566a:	2001      	movs	r0, #1
1000566c:	e03c      	b.n	100056e8 <tu_edpt_validate+0xd4>
1000566e:	f5b2 7f00 	cmp.w	r2, #512	@ 0x200
10005672:	d101      	bne.n	10005678 <tu_edpt_validate+0x64>
10005674:	2001      	movs	r0, #1
10005676:	e037      	b.n	100056e8 <tu_edpt_validate+0xd4>
10005678:	22d8      	movs	r2, #216	@ 0xd8
1000567a:	491c      	ldr	r1, [pc, #112]	@ (100056ec <tu_edpt_validate+0xd8>)
1000567c:	481c      	ldr	r0, [pc, #112]	@ (100056f0 <tu_edpt_validate+0xdc>)
1000567e:	f7fd fca7 	bl	10002fd0 <__wrap_printf>
10005682:	f04f 23e0 	mov.w	r3, #3758153728	@ 0xe000e000
10005686:	f8d3 3df0 	ldr.w	r3, [r3, #3568]	@ 0xdf0
1000568a:	f013 0f01 	tst.w	r3, #1
1000568e:	d000      	beq.n	10005692 <tu_edpt_validate+0x7e>
10005690:	be00      	bkpt	0x0000
10005692:	2000      	movs	r0, #0
10005694:	e028      	b.n	100056e8 <tu_edpt_validate+0xd4>
10005696:	22db      	movs	r2, #219	@ 0xdb
10005698:	4914      	ldr	r1, [pc, #80]	@ (100056ec <tu_edpt_validate+0xd8>)
1000569a:	4815      	ldr	r0, [pc, #84]	@ (100056f0 <tu_edpt_validate+0xdc>)
1000569c:	f7fd fc98 	bl	10002fd0 <__wrap_printf>
100056a0:	f04f 23e0 	mov.w	r3, #3758153728	@ 0xe000e000
100056a4:	f8d3 3df0 	ldr.w	r3, [r3, #3568]	@ 0xdf0
100056a8:	f013 0f01 	tst.w	r3, #1
100056ac:	d000      	beq.n	100056b0 <tu_edpt_validate+0x9c>
100056ae:	be00      	bkpt	0x0000
100056b0:	2000      	movs	r0, #0
100056b2:	e019      	b.n	100056e8 <tu_edpt_validate+0xd4>
100056b4:	2902      	cmp	r1, #2
100056b6:	d004      	beq.n	100056c2 <tu_edpt_validate+0xae>
100056b8:	2340      	movs	r3, #64	@ 0x40
100056ba:	4293      	cmp	r3, r2
100056bc:	d304      	bcc.n	100056c8 <tu_edpt_validate+0xb4>
100056be:	2001      	movs	r0, #1
100056c0:	e012      	b.n	100056e8 <tu_edpt_validate+0xd4>
100056c2:	f44f 6380 	mov.w	r3, #1024	@ 0x400
100056c6:	e7f8      	b.n	100056ba <tu_edpt_validate+0xa6>
100056c8:	22e1      	movs	r2, #225	@ 0xe1
100056ca:	4908      	ldr	r1, [pc, #32]	@ (100056ec <tu_edpt_validate+0xd8>)
100056cc:	4808      	ldr	r0, [pc, #32]	@ (100056f0 <tu_edpt_validate+0xdc>)
100056ce:	f7fd fc7f 	bl	10002fd0 <__wrap_printf>
100056d2:	f04f 23e0 	mov.w	r3, #3758153728	@ 0xe000e000
100056d6:	f8d3 3df0 	ldr.w	r3, [r3, #3568]	@ 0xdf0
100056da:	f013 0f01 	tst.w	r3, #1
100056de:	d000      	beq.n	100056e2 <tu_edpt_validate+0xce>
100056e0:	be00      	bkpt	0x0000
100056e2:	2000      	movs	r0, #0
100056e4:	e000      	b.n	100056e8 <tu_edpt_validate+0xd4>
100056e6:	2000      	movs	r0, #0
100056e8:	bd08      	pop	{r3, pc}
100056ea:	bf00      	nop
100056ec:	10006f9c 	.word	0x10006f9c
100056f0:	10006a04 	.word	0x10006a04

100056f4 <tu_edpt_bind_driver>:
100056f4:	440a      	add	r2, r1
100056f6:	e004      	b.n	10005702 <tu_edpt_bind_driver+0xe>
100056f8:	f85d fb04 	ldr.w	pc, [sp], #4
100056fc:	f891 c000 	ldrb.w	ip, [r1]
10005700:	4461      	add	r1, ip
10005702:	4291      	cmp	r1, r2
10005704:	d21a      	bcs.n	1000573c <tu_edpt_bind_driver+0x48>
10005706:	f891 c001 	ldrb.w	ip, [r1, #1]
1000570a:	f1bc 0f05 	cmp.w	ip, #5
1000570e:	d1f5      	bne.n	100056fc <tu_edpt_bind_driver+0x8>
10005710:	b500      	push	{lr}
10005712:	f891 c002 	ldrb.w	ip, [r1, #2]
10005716:	f00c 0e7f 	and.w	lr, ip, #127	@ 0x7f
1000571a:	eb00 0e4e 	add.w	lr, r0, lr, lsl #1
1000571e:	ea4f 1cdc 	mov.w	ip, ip, lsr #7
10005722:	f80e 300c 	strb.w	r3, [lr, ip]
10005726:	f891 c000 	ldrb.w	ip, [r1]
1000572a:	4461      	add	r1, ip
1000572c:	4291      	cmp	r1, r2
1000572e:	d2e3      	bcs.n	100056f8 <tu_edpt_bind_driver+0x4>
10005730:	f891 c001 	ldrb.w	ip, [r1, #1]
10005734:	f1bc 0f05 	cmp.w	ip, #5
10005738:	d1f5      	bne.n	10005726 <tu_edpt_bind_driver+0x32>
1000573a:	e7ea      	b.n	10005712 <tu_edpt_bind_driver+0x1e>
1000573c:	4770      	bx	lr

1000573e <tu_edpt_stream_init>:
1000573e:	b5f0      	push	{r4, r5, r6, r7, lr}
10005740:	b083      	sub	sp, #12
10005742:	4604      	mov	r4, r0
10005744:	4617      	mov	r7, r2
10005746:	9d08      	ldr	r5, [sp, #32]
10005748:	f8bd 6024 	ldrh.w	r6, [sp, #36]	@ 0x24
1000574c:	f890 c000 	ldrb.w	ip, [r0]
10005750:	f361 0c00 	bfi	ip, r1, #0, #1
10005754:	f800 cb08 	strb.w	ip, [r0], #8
10005758:	9300      	str	r3, [sp, #0]
1000575a:	2301      	movs	r3, #1
1000575c:	4632      	mov	r2, r6
1000575e:	4629      	mov	r1, r5
10005760:	f000 fab2 	bl	10005cc8 <tu_fifo_config>
10005764:	b105      	cbz	r5, 10005768 <tu_edpt_stream_init+0x2a>
10005766:	b93e      	cbnz	r6, 10005778 <tu_edpt_stream_init+0x3a>
10005768:	9b0a      	ldr	r3, [sp, #40]	@ 0x28
1000576a:	6063      	str	r3, [r4, #4]
1000576c:	f8bd 302c 	ldrh.w	r3, [sp, #44]	@ 0x2c
10005770:	8063      	strh	r3, [r4, #2]
10005772:	2001      	movs	r0, #1
10005774:	b003      	add	sp, #12
10005776:	bdf0      	pop	{r4, r5, r6, r7, pc}
10005778:	f104 051c 	add.w	r5, r4, #28
1000577c:	4628      	mov	r0, r5
1000577e:	f7fb f8db 	bl	10000938 <mutex_init>
10005782:	b127      	cbz	r7, 1000578e <tu_edpt_stream_init+0x50>
10005784:	462b      	mov	r3, r5
10005786:	2500      	movs	r5, #0
10005788:	6163      	str	r3, [r4, #20]
1000578a:	61a5      	str	r5, [r4, #24]
1000578c:	e7ec      	b.n	10005768 <tu_edpt_stream_init+0x2a>
1000578e:	2300      	movs	r3, #0
10005790:	e7fa      	b.n	10005788 <tu_edpt_stream_init+0x4a>

10005792 <tu_edpt_stream_deinit>:
10005792:	2001      	movs	r0, #1
10005794:	4770      	bx	lr
	...

10005798 <tu_edpt_stream_write_zlp_if_needed>:
10005798:	b5f8      	push	{r3, r4, r5, r6, r7, lr}
1000579a:	4606      	mov	r6, r0
1000579c:	460c      	mov	r4, r1
1000579e:	4615      	mov	r5, r2
100057a0:	780b      	ldrb	r3, [r1, #0]
100057a2:	f013 0f02 	tst.w	r3, #2
100057a6:	d010      	beq.n	100057ca <tu_edpt_stream_write_zlp_if_needed+0x32>
100057a8:	f44f 7700 	mov.w	r7, #512	@ 0x200
100057ac:	f104 0008 	add.w	r0, r4, #8
100057b0:	f000 fabb 	bl	10005d2a <tu_fifo_count>
100057b4:	bb68      	cbnz	r0, 10005812 <tu_edpt_stream_write_zlp_if_needed+0x7a>
100057b6:	b375      	cbz	r5, 10005816 <tu_edpt_stream_write_zlp_if_needed+0x7e>
100057b8:	3f01      	subs	r7, #1
100057ba:	422f      	tst	r7, r5
100057bc:	d12d      	bne.n	1000581a <tu_edpt_stream_write_zlp_if_needed+0x82>
100057be:	7823      	ldrb	r3, [r4, #0]
100057c0:	f013 0f01 	tst.w	r3, #1
100057c4:	d003      	beq.n	100057ce <tu_edpt_stream_write_zlp_if_needed+0x36>
100057c6:	2000      	movs	r0, #0
100057c8:	e024      	b.n	10005814 <tu_edpt_stream_write_zlp_if_needed+0x7c>
100057ca:	2740      	movs	r7, #64	@ 0x40
100057cc:	e7ee      	b.n	100057ac <tu_edpt_stream_write_zlp_if_needed+0x14>
100057ce:	7861      	ldrb	r1, [r4, #1]
100057d0:	4630      	mov	r0, r6
100057d2:	f7fe fc29 	bl	10004028 <usbd_edpt_claim>
100057d6:	2800      	cmp	r0, #0
100057d8:	d0f5      	beq.n	100057c6 <tu_edpt_stream_write_zlp_if_needed+0x2e>
100057da:	7823      	ldrb	r3, [r4, #0]
100057dc:	f013 0f01 	tst.w	r3, #1
100057e0:	d00f      	beq.n	10005802 <tu_edpt_stream_write_zlp_if_needed+0x6a>
100057e2:	f44f 72b5 	mov.w	r2, #362	@ 0x16a
100057e6:	490e      	ldr	r1, [pc, #56]	@ (10005820 <tu_edpt_stream_write_zlp_if_needed+0x88>)
100057e8:	480e      	ldr	r0, [pc, #56]	@ (10005824 <tu_edpt_stream_write_zlp_if_needed+0x8c>)
100057ea:	f7fd fbf1 	bl	10002fd0 <__wrap_printf>
100057ee:	f04f 23e0 	mov.w	r3, #3758153728	@ 0xe000e000
100057f2:	f8d3 3df0 	ldr.w	r3, [r3, #3568]	@ 0xdf0
100057f6:	f013 0f01 	tst.w	r3, #1
100057fa:	d000      	beq.n	100057fe <tu_edpt_stream_write_zlp_if_needed+0x66>
100057fc:	be00      	bkpt	0x0000
100057fe:	2000      	movs	r0, #0
10005800:	e008      	b.n	10005814 <tu_edpt_stream_write_zlp_if_needed+0x7c>
10005802:	2300      	movs	r3, #0
10005804:	461a      	mov	r2, r3
10005806:	7861      	ldrb	r1, [r4, #1]
10005808:	4630      	mov	r0, r6
1000580a:	f7fe fc35 	bl	10004078 <usbd_edpt_xfer>
1000580e:	b908      	cbnz	r0, 10005814 <tu_edpt_stream_write_zlp_if_needed+0x7c>
10005810:	e7e7      	b.n	100057e2 <tu_edpt_stream_write_zlp_if_needed+0x4a>
10005812:	2000      	movs	r0, #0
10005814:	bdf8      	pop	{r3, r4, r5, r6, r7, pc}
10005816:	2000      	movs	r0, #0
10005818:	e7fc      	b.n	10005814 <tu_edpt_stream_write_zlp_if_needed+0x7c>
1000581a:	2000      	movs	r0, #0
1000581c:	e7fa      	b.n	10005814 <tu_edpt_stream_write_zlp_if_needed+0x7c>
1000581e:	bf00      	nop
10005820:	10006f78 	.word	0x10006f78
10005824:	10006a04 	.word	0x10006a04

10005828 <tu_edpt_stream_write_xfer>:
10005828:	b570      	push	{r4, r5, r6, lr}
1000582a:	4606      	mov	r6, r0
1000582c:	460c      	mov	r4, r1
1000582e:	f101 0508 	add.w	r5, r1, #8
10005832:	4628      	mov	r0, r5
10005834:	f000 fa79 	bl	10005d2a <tu_fifo_count>
10005838:	2800      	cmp	r0, #0
1000583a:	d03b      	beq.n	100058b4 <tu_edpt_stream_write_xfer+0x8c>
1000583c:	7823      	ldrb	r3, [r4, #0]
1000583e:	f013 0f01 	tst.w	r3, #1
10005842:	d001      	beq.n	10005848 <tu_edpt_stream_write_xfer+0x20>
10005844:	2000      	movs	r0, #0
10005846:	bd70      	pop	{r4, r5, r6, pc}
10005848:	7861      	ldrb	r1, [r4, #1]
1000584a:	4630      	mov	r0, r6
1000584c:	f7fe fbec 	bl	10004028 <usbd_edpt_claim>
10005850:	2800      	cmp	r0, #0
10005852:	d0f7      	beq.n	10005844 <tu_edpt_stream_write_xfer+0x1c>
10005854:	8862      	ldrh	r2, [r4, #2]
10005856:	6861      	ldr	r1, [r4, #4]
10005858:	4628      	mov	r0, r5
1000585a:	f000 facc 	bl	10005df6 <tu_fifo_read_n>
1000585e:	4605      	mov	r5, r0
10005860:	b1e8      	cbz	r0, 1000589e <tu_edpt_stream_write_xfer+0x76>
10005862:	7823      	ldrb	r3, [r4, #0]
10005864:	f013 0f01 	tst.w	r3, #1
10005868:	d00f      	beq.n	1000588a <tu_edpt_stream_write_xfer+0x62>
1000586a:	f44f 72bc 	mov.w	r2, #376	@ 0x178
1000586e:	4912      	ldr	r1, [pc, #72]	@ (100058b8 <tu_edpt_stream_write_xfer+0x90>)
10005870:	4812      	ldr	r0, [pc, #72]	@ (100058bc <tu_edpt_stream_write_xfer+0x94>)
10005872:	f7fd fbad 	bl	10002fd0 <__wrap_printf>
10005876:	f04f 23e0 	mov.w	r3, #3758153728	@ 0xe000e000
1000587a:	f8d3 3df0 	ldr.w	r3, [r3, #3568]	@ 0xdf0
1000587e:	f013 0f01 	tst.w	r3, #1
10005882:	d000      	beq.n	10005886 <tu_edpt_stream_write_xfer+0x5e>
10005884:	be00      	bkpt	0x0000
10005886:	2000      	movs	r0, #0
10005888:	e7dd      	b.n	10005846 <tu_edpt_stream_write_xfer+0x1e>
1000588a:	4603      	mov	r3, r0
1000588c:	6862      	ldr	r2, [r4, #4]
1000588e:	7861      	ldrb	r1, [r4, #1]
10005890:	4630      	mov	r0, r6
10005892:	f7fe fbf1 	bl	10004078 <usbd_edpt_xfer>
10005896:	2800      	cmp	r0, #0
10005898:	d0e7      	beq.n	1000586a <tu_edpt_stream_write_xfer+0x42>
1000589a:	4628      	mov	r0, r5
1000589c:	e7d3      	b.n	10005846 <tu_edpt_stream_write_xfer+0x1e>
1000589e:	7823      	ldrb	r3, [r4, #0]
100058a0:	f013 0f01 	tst.w	r3, #1
100058a4:	d001      	beq.n	100058aa <tu_edpt_stream_write_xfer+0x82>
100058a6:	2000      	movs	r0, #0
100058a8:	e7cd      	b.n	10005846 <tu_edpt_stream_write_xfer+0x1e>
100058aa:	7861      	ldrb	r1, [r4, #1]
100058ac:	4630      	mov	r0, r6
100058ae:	f7fe fbcf 	bl	10004050 <usbd_edpt_release>
100058b2:	e7f8      	b.n	100058a6 <tu_edpt_stream_write_xfer+0x7e>
100058b4:	2000      	movs	r0, #0
100058b6:	e7c6      	b.n	10005846 <tu_edpt_stream_write_xfer+0x1e>
100058b8:	10006f5c 	.word	0x10006f5c
100058bc:	10006a04 	.word	0x10006a04

100058c0 <tu_edpt_stream_read_xfer>:
100058c0:	b5f8      	push	{r3, r4, r5, r6, r7, lr}
100058c2:	4606      	mov	r6, r0
100058c4:	460c      	mov	r4, r1
100058c6:	898b      	ldrh	r3, [r1, #12]
100058c8:	bb5b      	cbnz	r3, 10005922 <tu_edpt_stream_read_xfer+0x62>
100058ca:	780b      	ldrb	r3, [r1, #0]
100058cc:	f013 0f01 	tst.w	r3, #1
100058d0:	d001      	beq.n	100058d6 <tu_edpt_stream_read_xfer+0x16>
100058d2:	2000      	movs	r0, #0
100058d4:	bdf8      	pop	{r3, r4, r5, r6, r7, pc}
100058d6:	7849      	ldrb	r1, [r1, #1]
100058d8:	f7fe fba6 	bl	10004028 <usbd_edpt_claim>
100058dc:	2800      	cmp	r0, #0
100058de:	d0f8      	beq.n	100058d2 <tu_edpt_stream_read_xfer+0x12>
100058e0:	8863      	ldrh	r3, [r4, #2]
100058e2:	7822      	ldrb	r2, [r4, #0]
100058e4:	f012 0f01 	tst.w	r2, #1
100058e8:	d00f      	beq.n	1000590a <tu_edpt_stream_read_xfer+0x4a>
100058ea:	f44f 72d9 	mov.w	r2, #434	@ 0x1b2
100058ee:	4938      	ldr	r1, [pc, #224]	@ (100059d0 <tu_edpt_stream_read_xfer+0x110>)
100058f0:	4838      	ldr	r0, [pc, #224]	@ (100059d4 <tu_edpt_stream_read_xfer+0x114>)
100058f2:	f7fd fb6d 	bl	10002fd0 <__wrap_printf>
100058f6:	f04f 23e0 	mov.w	r3, #3758153728	@ 0xe000e000
100058fa:	f8d3 3df0 	ldr.w	r3, [r3, #3568]	@ 0xdf0
100058fe:	f013 0f01 	tst.w	r3, #1
10005902:	d000      	beq.n	10005906 <tu_edpt_stream_read_xfer+0x46>
10005904:	be00      	bkpt	0x0000
10005906:	2000      	movs	r0, #0
10005908:	e7e4      	b.n	100058d4 <tu_edpt_stream_read_xfer+0x14>
1000590a:	7861      	ldrb	r1, [r4, #1]
1000590c:	b13b      	cbz	r3, 1000591e <tu_edpt_stream_read_xfer+0x5e>
1000590e:	6862      	ldr	r2, [r4, #4]
10005910:	4630      	mov	r0, r6
10005912:	f7fe fbb1 	bl	10004078 <usbd_edpt_xfer>
10005916:	2800      	cmp	r0, #0
10005918:	d0e7      	beq.n	100058ea <tu_edpt_stream_read_xfer+0x2a>
1000591a:	8860      	ldrh	r0, [r4, #2]
1000591c:	e7da      	b.n	100058d4 <tu_edpt_stream_read_xfer+0x14>
1000591e:	2200      	movs	r2, #0
10005920:	e7f6      	b.n	10005910 <tu_edpt_stream_read_xfer+0x50>
10005922:	780b      	ldrb	r3, [r1, #0]
10005924:	f013 0f02 	tst.w	r3, #2
10005928:	d00e      	beq.n	10005948 <tu_edpt_stream_read_xfer+0x88>
1000592a:	f44f 7500 	mov.w	r5, #512	@ 0x200
1000592e:	f104 0708 	add.w	r7, r4, #8
10005932:	4638      	mov	r0, r7
10005934:	f000 fa2a 	bl	10005d8c <tu_fifo_remaining>
10005938:	4285      	cmp	r5, r0
1000593a:	d847      	bhi.n	100059cc <tu_edpt_stream_read_xfer+0x10c>
1000593c:	7823      	ldrb	r3, [r4, #0]
1000593e:	f013 0f01 	tst.w	r3, #1
10005942:	d003      	beq.n	1000594c <tu_edpt_stream_read_xfer+0x8c>
10005944:	2000      	movs	r0, #0
10005946:	e7c5      	b.n	100058d4 <tu_edpt_stream_read_xfer+0x14>
10005948:	2540      	movs	r5, #64	@ 0x40
1000594a:	e7f0      	b.n	1000592e <tu_edpt_stream_read_xfer+0x6e>
1000594c:	7861      	ldrb	r1, [r4, #1]
1000594e:	4630      	mov	r0, r6
10005950:	f7fe fb6a 	bl	10004028 <usbd_edpt_claim>
10005954:	2800      	cmp	r0, #0
10005956:	d0f5      	beq.n	10005944 <tu_edpt_stream_read_xfer+0x84>
10005958:	4638      	mov	r0, r7
1000595a:	f000 fa17 	bl	10005d8c <tu_fifo_remaining>
1000595e:	4285      	cmp	r5, r0
10005960:	d829      	bhi.n	100059b6 <tu_edpt_stream_read_xfer+0xf6>
10005962:	426d      	negs	r5, r5
10005964:	b2ad      	uxth	r5, r5
10005966:	8862      	ldrh	r2, [r4, #2]
10005968:	ea05 0300 	and.w	r3, r5, r0
1000596c:	4293      	cmp	r3, r2
1000596e:	bf28      	it	cs
10005970:	4613      	movcs	r3, r2
10005972:	461d      	mov	r5, r3
10005974:	7823      	ldrb	r3, [r4, #0]
10005976:	f013 0f01 	tst.w	r3, #1
1000597a:	d00f      	beq.n	1000599c <tu_edpt_stream_read_xfer+0xdc>
1000597c:	f240 12c7 	movw	r2, #455	@ 0x1c7
10005980:	4913      	ldr	r1, [pc, #76]	@ (100059d0 <tu_edpt_stream_read_xfer+0x110>)
10005982:	4814      	ldr	r0, [pc, #80]	@ (100059d4 <tu_edpt_stream_read_xfer+0x114>)
10005984:	f7fd fb24 	bl	10002fd0 <__wrap_printf>
10005988:	f04f 23e0 	mov.w	r3, #3758153728	@ 0xe000e000
1000598c:	f8d3 3df0 	ldr.w	r3, [r3, #3568]	@ 0xdf0
10005990:	f013 0f01 	tst.w	r3, #1
10005994:	d000      	beq.n	10005998 <tu_edpt_stream_read_xfer+0xd8>
10005996:	be00      	bkpt	0x0000
10005998:	2000      	movs	r0, #0
1000599a:	e79b      	b.n	100058d4 <tu_edpt_stream_read_xfer+0x14>
1000599c:	7861      	ldrb	r1, [r4, #1]
1000599e:	b145      	cbz	r5, 100059b2 <tu_edpt_stream_read_xfer+0xf2>
100059a0:	6862      	ldr	r2, [r4, #4]
100059a2:	462b      	mov	r3, r5
100059a4:	4630      	mov	r0, r6
100059a6:	f7fe fb67 	bl	10004078 <usbd_edpt_xfer>
100059aa:	2800      	cmp	r0, #0
100059ac:	d0e6      	beq.n	1000597c <tu_edpt_stream_read_xfer+0xbc>
100059ae:	4628      	mov	r0, r5
100059b0:	e790      	b.n	100058d4 <tu_edpt_stream_read_xfer+0x14>
100059b2:	2200      	movs	r2, #0
100059b4:	e7f5      	b.n	100059a2 <tu_edpt_stream_read_xfer+0xe2>
100059b6:	7823      	ldrb	r3, [r4, #0]
100059b8:	f013 0f01 	tst.w	r3, #1
100059bc:	d001      	beq.n	100059c2 <tu_edpt_stream_read_xfer+0x102>
100059be:	2000      	movs	r0, #0
100059c0:	e788      	b.n	100058d4 <tu_edpt_stream_read_xfer+0x14>
100059c2:	7861      	ldrb	r1, [r4, #1]
100059c4:	4630      	mov	r0, r6
100059c6:	f7fe fb43 	bl	10004050 <usbd_edpt_release>
100059ca:	e7f8      	b.n	100059be <tu_edpt_stream_read_xfer+0xfe>
100059cc:	2000      	movs	r0, #0
100059ce:	e781      	b.n	100058d4 <tu_edpt_stream_read_xfer+0x14>
100059d0:	10006f40 	.word	0x10006f40
100059d4:	10006a04 	.word	0x10006a04

100059d8 <advance_index>:
100059d8:	4603      	mov	r3, r0
100059da:	440a      	add	r2, r1
100059dc:	b290      	uxth	r0, r2
100059de:	4281      	cmp	r1, r0
100059e0:	d802      	bhi.n	100059e8 <advance_index+0x10>
100059e2:	ebb0 0f43 	cmp.w	r0, r3, lsl #1
100059e6:	db03      	blt.n	100059f0 <advance_index+0x18>
100059e8:	005b      	lsls	r3, r3, #1
100059ea:	b29b      	uxth	r3, r3
100059ec:	1ac0      	subs	r0, r0, r3
100059ee:	b280      	uxth	r0, r0
100059f0:	4770      	bx	lr

100059f2 <_tu_fifo_peek>:
100059f2:	b510      	push	{r4, lr}
100059f4:	4686      	mov	lr, r0
100059f6:	4608      	mov	r0, r1
100059f8:	f8be c004 	ldrh.w	ip, [lr, #4]
100059fc:	429a      	cmp	r2, r3
100059fe:	d30c      	bcc.n	10005a1a <_tu_fifo_peek+0x28>
10005a00:	1ad4      	subs	r4, r2, r3
10005a02:	b2a4      	uxth	r4, r4
10005a04:	b324      	cbz	r4, 10005a50 <_tu_fifo_peek+0x5e>
10005a06:	45a4      	cmp	ip, r4
10005a08:	d214      	bcs.n	10005a34 <_tu_fifo_peek+0x42>
10005a0a:	4594      	cmp	ip, r2
10005a0c:	d80c      	bhi.n	10005a28 <_tu_fifo_peek+0x36>
10005a0e:	eba2 020c 	sub.w	r2, r2, ip
10005a12:	b293      	uxth	r3, r2
10005a14:	f8ae 300a 	strh.w	r3, [lr, #10]
10005a18:	e00c      	b.n	10005a34 <_tu_fifo_peek+0x42>
10005a1a:	1ad4      	subs	r4, r2, r3
10005a1c:	ea4f 014c 	mov.w	r1, ip, lsl #1
10005a20:	fa11 f484 	uxtah	r4, r1, r4
10005a24:	b2a4      	uxth	r4, r4
10005a26:	e7ed      	b.n	10005a04 <_tu_fifo_peek+0x12>
10005a28:	4462      	add	r2, ip
10005a2a:	b293      	uxth	r3, r2
10005a2c:	e7f2      	b.n	10005a14 <_tu_fifo_peek+0x22>
10005a2e:	eba3 030c 	sub.w	r3, r3, ip
10005a32:	b29b      	uxth	r3, r3
10005a34:	459c      	cmp	ip, r3
10005a36:	d9fa      	bls.n	10005a2e <_tu_fifo_peek+0x3c>
10005a38:	f8de 1000 	ldr.w	r1, [lr]
10005a3c:	f8be 2006 	ldrh.w	r2, [lr, #6]
10005a40:	f3c2 020e 	ubfx	r2, r2, #0, #15
10005a44:	fb02 1103 	mla	r1, r2, r3, r1
10005a48:	f000 fa94 	bl	10005f74 <memcpy>
10005a4c:	2001      	movs	r0, #1
10005a4e:	bd10      	pop	{r4, pc}
10005a50:	2000      	movs	r0, #0
10005a52:	e7fc      	b.n	10005a4e <_tu_fifo_peek+0x5c>

10005a54 <_ff_pull_n>:
10005a54:	e92d 43f8 	stmdb	sp!, {r3, r4, r5, r6, r7, r8, r9, lr}
10005a58:	4604      	mov	r4, r0
10005a5a:	460d      	mov	r5, r1
10005a5c:	f89d 8020 	ldrb.w	r8, [sp, #32]
10005a60:	f8b0 c004 	ldrh.w	ip, [r0, #4]
10005a64:	ebac 0003 	sub.w	r0, ip, r3
10005a68:	b280      	uxth	r0, r0
10005a6a:	eba3 0c0c 	sub.w	ip, r3, ip
10005a6e:	4494      	add	ip, r2
10005a70:	fa1f fc8c 	uxth.w	ip, ip
10005a74:	88e1      	ldrh	r1, [r4, #6]
10005a76:	f3c1 0e0e 	ubfx	lr, r1, #0, #15
10005a7a:	46f1      	mov	r9, lr
10005a7c:	fb1e f700 	smulbb	r7, lr, r0
10005a80:	fb1e fe0c 	smulbb	lr, lr, ip
10005a84:	6821      	ldr	r1, [r4, #0]
10005a86:	fb09 1103 	mla	r1, r9, r3, r1
10005a8a:	f1b8 0f00 	cmp.w	r8, #0
10005a8e:	d109      	bne.n	10005aa4 <_ff_pull_n+0x50>
10005a90:	b2bf      	uxth	r7, r7
10005a92:	fa1f f68e 	uxth.w	r6, lr
10005a96:	4290      	cmp	r0, r2
10005a98:	d306      	bcc.n	10005aa8 <_ff_pull_n+0x54>
10005a9a:	fb09 f202 	mul.w	r2, r9, r2
10005a9e:	4628      	mov	r0, r5
10005aa0:	f000 fa68 	bl	10005f74 <memcpy>
10005aa4:	e8bd 83f8 	ldmia.w	sp!, {r3, r4, r5, r6, r7, r8, r9, pc}
10005aa8:	463a      	mov	r2, r7
10005aaa:	4628      	mov	r0, r5
10005aac:	f000 fa62 	bl	10005f74 <memcpy>
10005ab0:	4632      	mov	r2, r6
10005ab2:	6821      	ldr	r1, [r4, #0]
10005ab4:	19e8      	adds	r0, r5, r7
10005ab6:	f000 fa5d 	bl	10005f74 <memcpy>
10005aba:	e7f3      	b.n	10005aa4 <_ff_pull_n+0x50>

10005abc <_tu_fifo_peek_n>:
10005abc:	b530      	push	{r4, r5, lr}
10005abe:	b083      	sub	sp, #12
10005ac0:	469e      	mov	lr, r3
10005ac2:	f8bd 3018 	ldrh.w	r3, [sp, #24]
10005ac6:	f8b0 c004 	ldrh.w	ip, [r0, #4]
10005aca:	459e      	cmp	lr, r3
10005acc:	d311      	bcc.n	10005af2 <_tu_fifo_peek_n+0x36>
10005ace:	ebae 0403 	sub.w	r4, lr, r3
10005ad2:	b2a4      	uxth	r4, r4
10005ad4:	b324      	cbz	r4, 10005b20 <_tu_fifo_peek_n+0x64>
10005ad6:	45a4      	cmp	ip, r4
10005ad8:	d207      	bcs.n	10005aea <_tu_fifo_peek_n+0x2e>
10005ada:	45f4      	cmp	ip, lr
10005adc:	d811      	bhi.n	10005b02 <_tu_fifo_peek_n+0x46>
10005ade:	ebae 0e0c 	sub.w	lr, lr, ip
10005ae2:	fa1f f38e 	uxth.w	r3, lr
10005ae6:	8143      	strh	r3, [r0, #10]
10005ae8:	4664      	mov	r4, ip
10005aea:	4294      	cmp	r4, r2
10005aec:	d310      	bcc.n	10005b10 <_tu_fifo_peek_n+0x54>
10005aee:	4614      	mov	r4, r2
10005af0:	e00e      	b.n	10005b10 <_tu_fifo_peek_n+0x54>
10005af2:	ebae 0403 	sub.w	r4, lr, r3
10005af6:	ea4f 054c 	mov.w	r5, ip, lsl #1
10005afa:	fa15 f484 	uxtah	r4, r5, r4
10005afe:	b2a4      	uxth	r4, r4
10005b00:	e7e8      	b.n	10005ad4 <_tu_fifo_peek_n+0x18>
10005b02:	44e6      	add	lr, ip
10005b04:	fa1f f38e 	uxth.w	r3, lr
10005b08:	e7ed      	b.n	10005ae6 <_tu_fifo_peek_n+0x2a>
10005b0a:	eba3 030c 	sub.w	r3, r3, ip
10005b0e:	b29b      	uxth	r3, r3
10005b10:	459c      	cmp	ip, r3
10005b12:	d9fa      	bls.n	10005b0a <_tu_fifo_peek_n+0x4e>
10005b14:	f89d 201c 	ldrb.w	r2, [sp, #28]
10005b18:	9200      	str	r2, [sp, #0]
10005b1a:	4622      	mov	r2, r4
10005b1c:	f7ff ff9a 	bl	10005a54 <_ff_pull_n>
10005b20:	4620      	mov	r0, r4
10005b22:	b003      	add	sp, #12
10005b24:	bd30      	pop	{r4, r5, pc}

10005b26 <_tu_fifo_read_n>:
10005b26:	b5f0      	push	{r4, r5, r6, r7, lr}
10005b28:	b083      	sub	sp, #12
10005b2a:	4604      	mov	r4, r0
10005b2c:	460d      	mov	r5, r1
10005b2e:	4616      	mov	r6, r2
10005b30:	461f      	mov	r7, r3
10005b32:	6900      	ldr	r0, [r0, #16]
10005b34:	b118      	cbz	r0, 10005b3e <_tu_fifo_read_n+0x18>
10005b36:	f04f 31ff 	mov.w	r1, #4294967295	@ 0xffffffff
10005b3a:	f000 fac5 	bl	100060c8 <__mutex_enter_timeout_ms_veneer>
10005b3e:	8923      	ldrh	r3, [r4, #8]
10005b40:	8962      	ldrh	r2, [r4, #10]
10005b42:	b292      	uxth	r2, r2
10005b44:	9701      	str	r7, [sp, #4]
10005b46:	9200      	str	r2, [sp, #0]
10005b48:	b29b      	uxth	r3, r3
10005b4a:	4632      	mov	r2, r6
10005b4c:	4629      	mov	r1, r5
10005b4e:	4620      	mov	r0, r4
10005b50:	f7ff ffb4 	bl	10005abc <_tu_fifo_peek_n>
10005b54:	4605      	mov	r5, r0
10005b56:	8961      	ldrh	r1, [r4, #10]
10005b58:	4602      	mov	r2, r0
10005b5a:	b289      	uxth	r1, r1
10005b5c:	88a0      	ldrh	r0, [r4, #4]
10005b5e:	f7ff ff3b 	bl	100059d8 <advance_index>
10005b62:	8160      	strh	r0, [r4, #10]
10005b64:	6920      	ldr	r0, [r4, #16]
10005b66:	b108      	cbz	r0, 10005b6c <_tu_fifo_read_n+0x46>
10005b68:	f000 fabe 	bl	100060e8 <__mutex_exit_veneer>
10005b6c:	4628      	mov	r0, r5
10005b6e:	b003      	add	sp, #12
10005b70:	bdf0      	pop	{r4, r5, r6, r7, pc}

10005b72 <_ff_push_n>:
10005b72:	e92d 41f0 	stmdb	sp!, {r4, r5, r6, r7, r8, lr}
10005b76:	4604      	mov	r4, r0
10005b78:	460d      	mov	r5, r1
10005b7a:	f89d e018 	ldrb.w	lr, [sp, #24]
10005b7e:	f8b0 c004 	ldrh.w	ip, [r0, #4]
10005b82:	ebac 0103 	sub.w	r1, ip, r3
10005b86:	b289      	uxth	r1, r1
10005b88:	eba3 0c0c 	sub.w	ip, r3, ip
10005b8c:	4494      	add	ip, r2
10005b8e:	fa1f fc8c 	uxth.w	ip, ip
10005b92:	88c6      	ldrh	r6, [r0, #6]
10005b94:	f3c6 000e 	ubfx	r0, r6, #0, #15
10005b98:	4680      	mov	r8, r0
10005b9a:	fb10 f701 	smulbb	r7, r0, r1
10005b9e:	fb10 f00c 	smulbb	r0, r0, ip
10005ba2:	b286      	uxth	r6, r0
10005ba4:	6820      	ldr	r0, [r4, #0]
10005ba6:	fb08 0003 	mla	r0, r8, r3, r0
10005baa:	f1be 0f00 	cmp.w	lr, #0
10005bae:	d107      	bne.n	10005bc0 <_ff_push_n+0x4e>
10005bb0:	b2bf      	uxth	r7, r7
10005bb2:	4291      	cmp	r1, r2
10005bb4:	d306      	bcc.n	10005bc4 <_ff_push_n+0x52>
10005bb6:	fb08 f202 	mul.w	r2, r8, r2
10005bba:	4629      	mov	r1, r5
10005bbc:	f000 f9da 	bl	10005f74 <memcpy>
10005bc0:	e8bd 81f0 	ldmia.w	sp!, {r4, r5, r6, r7, r8, pc}
10005bc4:	463a      	mov	r2, r7
10005bc6:	4629      	mov	r1, r5
10005bc8:	f000 f9d4 	bl	10005f74 <memcpy>
10005bcc:	4632      	mov	r2, r6
10005bce:	19e9      	adds	r1, r5, r7
10005bd0:	6820      	ldr	r0, [r4, #0]
10005bd2:	f000 f9cf 	bl	10005f74 <memcpy>
10005bd6:	e7f3      	b.n	10005bc0 <_ff_push_n+0x4e>

10005bd8 <_tu_fifo_write_n>:
10005bd8:	e92d 43f0 	stmdb	sp!, {r4, r5, r6, r7, r8, r9, lr}
10005bdc:	b083      	sub	sp, #12
10005bde:	4691      	mov	r9, r2
10005be0:	2a00      	cmp	r2, #0
10005be2:	d06f      	beq.n	10005cc4 <_tu_fifo_write_n+0xec>
10005be4:	4604      	mov	r4, r0
10005be6:	4688      	mov	r8, r1
10005be8:	461f      	mov	r7, r3
10005bea:	68c0      	ldr	r0, [r0, #12]
10005bec:	b118      	cbz	r0, 10005bf6 <_tu_fifo_write_n+0x1e>
10005bee:	f04f 31ff 	mov.w	r1, #4294967295	@ 0xffffffff
10005bf2:	f000 fa69 	bl	100060c8 <__mutex_enter_timeout_ms_veneer>
10005bf6:	8926      	ldrh	r6, [r4, #8]
10005bf8:	b2b6      	uxth	r6, r6
10005bfa:	f8b4 c00a 	ldrh.w	ip, [r4, #10]
10005bfe:	fa1f f18c 	uxth.w	r1, ip
10005c02:	79e3      	ldrb	r3, [r4, #7]
10005c04:	09db      	lsrs	r3, r3, #7
10005c06:	d11b      	bne.n	10005c40 <_tu_fifo_write_n+0x68>
10005c08:	88a5      	ldrh	r5, [r4, #4]
10005c0a:	428e      	cmp	r6, r1
10005c0c:	d310      	bcc.n	10005c30 <_tu_fifo_write_n+0x58>
10005c0e:	eba6 0c01 	sub.w	ip, r6, r1
10005c12:	fa1f fc8c 	uxth.w	ip, ip
10005c16:	4565      	cmp	r5, ip
10005c18:	d952      	bls.n	10005cc0 <_tu_fifo_write_n+0xe8>
10005c1a:	eba5 050c 	sub.w	r5, r5, ip
10005c1e:	b2ad      	uxth	r5, r5
10005c20:	454d      	cmp	r5, r9
10005c22:	bf28      	it	cs
10005c24:	464d      	movcs	r5, r9
10005c26:	2d00      	cmp	r5, #0
10005c28:	d042      	beq.n	10005cb0 <_tu_fifo_write_n+0xd8>
10005c2a:	88a2      	ldrh	r2, [r4, #4]
10005c2c:	4633      	mov	r3, r6
10005c2e:	e031      	b.n	10005c94 <_tu_fifo_write_n+0xbc>
10005c30:	eba6 0c01 	sub.w	ip, r6, r1
10005c34:	006b      	lsls	r3, r5, #1
10005c36:	fa13 fc8c 	uxtah	ip, r3, ip
10005c3a:	fa1f fc8c 	uxth.w	ip, ip
10005c3e:	e7ea      	b.n	10005c16 <_tu_fifo_write_n+0x3e>
10005c40:	88a5      	ldrh	r5, [r4, #4]
10005c42:	454d      	cmp	r5, r9
10005c44:	d809      	bhi.n	10005c5a <_tu_fifo_write_n+0x82>
10005c46:	b9ff      	cbnz	r7, 10005c88 <_tu_fifo_write_n+0xb0>
10005c48:	eba9 0905 	sub.w	r9, r9, r5
10005c4c:	88e3      	ldrh	r3, [r4, #6]
10005c4e:	f3c3 030e 	ubfx	r3, r3, #0, #15
10005c52:	fb03 8809 	mla	r8, r3, r9, r8
10005c56:	460e      	mov	r6, r1
10005c58:	e7e5      	b.n	10005c26 <_tu_fifo_write_n+0x4e>
10005c5a:	428e      	cmp	r6, r1
10005c5c:	d30e      	bcc.n	10005c7c <_tu_fifo_write_n+0xa4>
10005c5e:	1a73      	subs	r3, r6, r1
10005c60:	b29b      	uxth	r3, r3
10005c62:	444b      	add	r3, r9
10005c64:	ebb3 0f45 	cmp.w	r3, r5, lsl #1
10005c68:	db10      	blt.n	10005c8c <_tu_fifo_write_n+0xb4>
10005c6a:	eba5 0209 	sub.w	r2, r5, r9
10005c6e:	b292      	uxth	r2, r2
10005c70:	4628      	mov	r0, r5
10005c72:	f7ff feb1 	bl	100059d8 <advance_index>
10005c76:	4606      	mov	r6, r0
10005c78:	464d      	mov	r5, r9
10005c7a:	e7d4      	b.n	10005c26 <_tu_fifo_write_n+0x4e>
10005c7c:	1a73      	subs	r3, r6, r1
10005c7e:	006a      	lsls	r2, r5, #1
10005c80:	fa12 f383 	uxtah	r3, r2, r3
10005c84:	b29b      	uxth	r3, r3
10005c86:	e7ec      	b.n	10005c62 <_tu_fifo_write_n+0x8a>
10005c88:	460e      	mov	r6, r1
10005c8a:	e7cc      	b.n	10005c26 <_tu_fifo_write_n+0x4e>
10005c8c:	464d      	mov	r5, r9
10005c8e:	e7ca      	b.n	10005c26 <_tu_fifo_write_n+0x4e>
10005c90:	1a9b      	subs	r3, r3, r2
10005c92:	b29b      	uxth	r3, r3
10005c94:	429a      	cmp	r2, r3
10005c96:	d9fb      	bls.n	10005c90 <_tu_fifo_write_n+0xb8>
10005c98:	9700      	str	r7, [sp, #0]
10005c9a:	462a      	mov	r2, r5
10005c9c:	4641      	mov	r1, r8
10005c9e:	4620      	mov	r0, r4
10005ca0:	f7ff ff67 	bl	10005b72 <_ff_push_n>
10005ca4:	462a      	mov	r2, r5
10005ca6:	4631      	mov	r1, r6
10005ca8:	88a0      	ldrh	r0, [r4, #4]
10005caa:	f7ff fe95 	bl	100059d8 <advance_index>
10005cae:	8120      	strh	r0, [r4, #8]
10005cb0:	68e0      	ldr	r0, [r4, #12]
10005cb2:	b108      	cbz	r0, 10005cb8 <_tu_fifo_write_n+0xe0>
10005cb4:	f000 fa18 	bl	100060e8 <__mutex_exit_veneer>
10005cb8:	4628      	mov	r0, r5
10005cba:	b003      	add	sp, #12
10005cbc:	e8bd 83f0 	ldmia.w	sp!, {r4, r5, r6, r7, r8, r9, pc}
10005cc0:	2500      	movs	r5, #0
10005cc2:	e7f5      	b.n	10005cb0 <_tu_fifo_write_n+0xd8>
10005cc4:	4615      	mov	r5, r2
10005cc6:	e7f7      	b.n	10005cb8 <_tu_fifo_write_n+0xe0>

10005cc8 <tu_fifo_config>:
10005cc8:	f5b2 4f00 	cmp.w	r2, #32768	@ 0x8000
10005ccc:	d829      	bhi.n	10005d22 <tu_fifo_config+0x5a>
10005cce:	b5f8      	push	{r3, r4, r5, r6, r7, lr}
10005cd0:	4604      	mov	r4, r0
10005cd2:	460f      	mov	r7, r1
10005cd4:	4615      	mov	r5, r2
10005cd6:	461e      	mov	r6, r3
10005cd8:	68c0      	ldr	r0, [r0, #12]
10005cda:	b118      	cbz	r0, 10005ce4 <tu_fifo_config+0x1c>
10005cdc:	f04f 31ff 	mov.w	r1, #4294967295	@ 0xffffffff
10005ce0:	f000 f9f2 	bl	100060c8 <__mutex_enter_timeout_ms_veneer>
10005ce4:	6920      	ldr	r0, [r4, #16]
10005ce6:	b118      	cbz	r0, 10005cf0 <tu_fifo_config+0x28>
10005ce8:	f04f 31ff 	mov.w	r1, #4294967295	@ 0xffffffff
10005cec:	f000 f9ec 	bl	100060c8 <__mutex_enter_timeout_ms_veneer>
10005cf0:	6027      	str	r7, [r4, #0]
10005cf2:	80a5      	strh	r5, [r4, #4]
10005cf4:	88e3      	ldrh	r3, [r4, #6]
10005cf6:	f366 030e 	bfi	r3, r6, #0, #15
10005cfa:	80e3      	strh	r3, [r4, #6]
10005cfc:	79e3      	ldrb	r3, [r4, #7]
10005cfe:	f89d 2018 	ldrb.w	r2, [sp, #24]
10005d02:	f362 13c7 	bfi	r3, r2, #7, #1
10005d06:	71e3      	strb	r3, [r4, #7]
10005d08:	2300      	movs	r3, #0
10005d0a:	8163      	strh	r3, [r4, #10]
10005d0c:	8123      	strh	r3, [r4, #8]
10005d0e:	68e0      	ldr	r0, [r4, #12]
10005d10:	b108      	cbz	r0, 10005d16 <tu_fifo_config+0x4e>
10005d12:	f000 f9e9 	bl	100060e8 <__mutex_exit_veneer>
10005d16:	6920      	ldr	r0, [r4, #16]
10005d18:	b128      	cbz	r0, 10005d26 <tu_fifo_config+0x5e>
10005d1a:	f000 f9e5 	bl	100060e8 <__mutex_exit_veneer>
10005d1e:	2001      	movs	r0, #1
10005d20:	bdf8      	pop	{r3, r4, r5, r6, r7, pc}
10005d22:	2000      	movs	r0, #0
10005d24:	4770      	bx	lr
10005d26:	2001      	movs	r0, #1
10005d28:	e7fa      	b.n	10005d20 <tu_fifo_config+0x58>

10005d2a <tu_fifo_count>:
10005d2a:	4602      	mov	r2, r0
10005d2c:	8880      	ldrh	r0, [r0, #4]
10005d2e:	8913      	ldrh	r3, [r2, #8]
10005d30:	b29b      	uxth	r3, r3
10005d32:	8952      	ldrh	r2, [r2, #10]
10005d34:	b292      	uxth	r2, r2
10005d36:	4293      	cmp	r3, r2
10005d38:	d305      	bcc.n	10005d46 <tu_fifo_count+0x1c>
10005d3a:	1a9b      	subs	r3, r3, r2
10005d3c:	b29b      	uxth	r3, r3
10005d3e:	4298      	cmp	r0, r3
10005d40:	bf28      	it	cs
10005d42:	4618      	movcs	r0, r3
10005d44:	4770      	bx	lr
10005d46:	1a9b      	subs	r3, r3, r2
10005d48:	0042      	lsls	r2, r0, #1
10005d4a:	fa12 f383 	uxtah	r3, r2, r3
10005d4e:	b29b      	uxth	r3, r3
10005d50:	e7f5      	b.n	10005d3e <tu_fifo_count+0x14>

10005d52 <tu_fifo_empty>:
10005d52:	8902      	ldrh	r2, [r0, #8]
10005d54:	b292      	uxth	r2, r2
10005d56:	8943      	ldrh	r3, [r0, #10]
10005d58:	b29b      	uxth	r3, r3
10005d5a:	429a      	cmp	r2, r3
10005d5c:	bf14      	ite	ne
10005d5e:	2000      	movne	r0, #0
10005d60:	2001      	moveq	r0, #1
10005d62:	4770      	bx	lr

10005d64 <tu_fifo_full>:
10005d64:	8881      	ldrh	r1, [r0, #4]
10005d66:	8903      	ldrh	r3, [r0, #8]
10005d68:	b29b      	uxth	r3, r3
10005d6a:	8942      	ldrh	r2, [r0, #10]
10005d6c:	b292      	uxth	r2, r2
10005d6e:	4293      	cmp	r3, r2
10005d70:	d306      	bcc.n	10005d80 <tu_fifo_full+0x1c>
10005d72:	1a9b      	subs	r3, r3, r2
10005d74:	b298      	uxth	r0, r3
10005d76:	4281      	cmp	r1, r0
10005d78:	bf8c      	ite	hi
10005d7a:	2000      	movhi	r0, #0
10005d7c:	2001      	movls	r0, #1
10005d7e:	4770      	bx	lr
10005d80:	1a9b      	subs	r3, r3, r2
10005d82:	004a      	lsls	r2, r1, #1
10005d84:	fa12 f383 	uxtah	r3, r2, r3
10005d88:	b298      	uxth	r0, r3
10005d8a:	e7f4      	b.n	10005d76 <tu_fifo_full+0x12>

10005d8c <tu_fifo_remaining>:
10005d8c:	8882      	ldrh	r2, [r0, #4]
10005d8e:	8903      	ldrh	r3, [r0, #8]
10005d90:	b29b      	uxth	r3, r3
10005d92:	8941      	ldrh	r1, [r0, #10]
10005d94:	b289      	uxth	r1, r1
10005d96:	428b      	cmp	r3, r1
10005d98:	d306      	bcc.n	10005da8 <tu_fifo_remaining+0x1c>
10005d9a:	1a5b      	subs	r3, r3, r1
10005d9c:	b29b      	uxth	r3, r3
10005d9e:	429a      	cmp	r2, r3
10005da0:	d908      	bls.n	10005db4 <tu_fifo_remaining+0x28>
10005da2:	1ad0      	subs	r0, r2, r3
10005da4:	b280      	uxth	r0, r0
10005da6:	4770      	bx	lr
10005da8:	1a5b      	subs	r3, r3, r1
10005daa:	0051      	lsls	r1, r2, #1
10005dac:	fa11 f383 	uxtah	r3, r1, r3
10005db0:	b29b      	uxth	r3, r3
10005db2:	e7f4      	b.n	10005d9e <tu_fifo_remaining+0x12>
10005db4:	2000      	movs	r0, #0
10005db6:	4770      	bx	lr

10005db8 <tu_fifo_read>:
10005db8:	b538      	push	{r3, r4, r5, lr}
10005dba:	4604      	mov	r4, r0
10005dbc:	460d      	mov	r5, r1
10005dbe:	6900      	ldr	r0, [r0, #16]
10005dc0:	b118      	cbz	r0, 10005dca <tu_fifo_read+0x12>
10005dc2:	f04f 31ff 	mov.w	r1, #4294967295	@ 0xffffffff
10005dc6:	f000 f97f 	bl	100060c8 <__mutex_enter_timeout_ms_veneer>
10005dca:	8922      	ldrh	r2, [r4, #8]
10005dcc:	8963      	ldrh	r3, [r4, #10]
10005dce:	b29b      	uxth	r3, r3
10005dd0:	b292      	uxth	r2, r2
10005dd2:	4629      	mov	r1, r5
10005dd4:	4620      	mov	r0, r4
10005dd6:	f7ff fe0c 	bl	100059f2 <_tu_fifo_peek>
10005dda:	4605      	mov	r5, r0
10005ddc:	8961      	ldrh	r1, [r4, #10]
10005dde:	4602      	mov	r2, r0
10005de0:	b289      	uxth	r1, r1
10005de2:	88a0      	ldrh	r0, [r4, #4]
10005de4:	f7ff fdf8 	bl	100059d8 <advance_index>
10005de8:	8160      	strh	r0, [r4, #10]
10005dea:	6920      	ldr	r0, [r4, #16]
10005dec:	b108      	cbz	r0, 10005df2 <tu_fifo_read+0x3a>
10005dee:	f000 f97b 	bl	100060e8 <__mutex_exit_veneer>
10005df2:	4628      	mov	r0, r5
10005df4:	bd38      	pop	{r3, r4, r5, pc}

10005df6 <tu_fifo_read_n>:
10005df6:	b508      	push	{r3, lr}
10005df8:	2300      	movs	r3, #0
10005dfa:	f7ff fe94 	bl	10005b26 <_tu_fifo_read_n>
10005dfe:	bd08      	pop	{r3, pc}

10005e00 <tu_fifo_write>:
10005e00:	b5f8      	push	{r3, r4, r5, r6, r7, lr}
10005e02:	4604      	mov	r4, r0
10005e04:	460e      	mov	r6, r1
10005e06:	68c0      	ldr	r0, [r0, #12]
10005e08:	b118      	cbz	r0, 10005e12 <tu_fifo_write+0x12>
10005e0a:	f04f 31ff 	mov.w	r1, #4294967295	@ 0xffffffff
10005e0e:	f000 f95b 	bl	100060c8 <__mutex_enter_timeout_ms_veneer>
10005e12:	8925      	ldrh	r5, [r4, #8]
10005e14:	b2ad      	uxth	r5, r5
10005e16:	4620      	mov	r0, r4
10005e18:	f7ff ffa4 	bl	10005d64 <tu_fifo_full>
10005e1c:	b110      	cbz	r0, 10005e24 <tu_fifo_write+0x24>
10005e1e:	79e7      	ldrb	r7, [r4, #7]
10005e20:	09ff      	lsrs	r7, r7, #7
10005e22:	d016      	beq.n	10005e52 <tu_fifo_write+0x52>
10005e24:	88a2      	ldrh	r2, [r4, #4]
10005e26:	462b      	mov	r3, r5
10005e28:	e001      	b.n	10005e2e <tu_fifo_write+0x2e>
10005e2a:	1a9b      	subs	r3, r3, r2
10005e2c:	b29b      	uxth	r3, r3
10005e2e:	429a      	cmp	r2, r3
10005e30:	d9fb      	bls.n	10005e2a <tu_fifo_write+0x2a>
10005e32:	6820      	ldr	r0, [r4, #0]
10005e34:	88e2      	ldrh	r2, [r4, #6]
10005e36:	f3c2 020e 	ubfx	r2, r2, #0, #15
10005e3a:	4631      	mov	r1, r6
10005e3c:	fb02 0003 	mla	r0, r2, r3, r0
10005e40:	f000 f898 	bl	10005f74 <memcpy>
10005e44:	2201      	movs	r2, #1
10005e46:	4629      	mov	r1, r5
10005e48:	88a0      	ldrh	r0, [r4, #4]
10005e4a:	f7ff fdc5 	bl	100059d8 <advance_index>
10005e4e:	8120      	strh	r0, [r4, #8]
10005e50:	2701      	movs	r7, #1
10005e52:	68e0      	ldr	r0, [r4, #12]
10005e54:	b108      	cbz	r0, 10005e5a <tu_fifo_write+0x5a>
10005e56:	f000 f947 	bl	100060e8 <__mutex_exit_veneer>
10005e5a:	4638      	mov	r0, r7
10005e5c:	bdf8      	pop	{r3, r4, r5, r6, r7, pc}

10005e5e <tu_fifo_write_n>:
10005e5e:	b508      	push	{r3, lr}
10005e60:	2300      	movs	r3, #0
10005e62:	f7ff feb9 	bl	10005bd8 <_tu_fifo_write_n>
10005e66:	bd08      	pop	{r3, pc}

10005e68 <tu_fifo_clear>:
10005e68:	b510      	push	{r4, lr}
10005e6a:	4604      	mov	r4, r0
10005e6c:	68c0      	ldr	r0, [r0, #12]
10005e6e:	b118      	cbz	r0, 10005e78 <tu_fifo_clear+0x10>
10005e70:	f04f 31ff 	mov.w	r1, #4294967295	@ 0xffffffff
10005e74:	f000 f928 	bl	100060c8 <__mutex_enter_timeout_ms_veneer>
10005e78:	6920      	ldr	r0, [r4, #16]
10005e7a:	b118      	cbz	r0, 10005e84 <tu_fifo_clear+0x1c>
10005e7c:	f04f 31ff 	mov.w	r1, #4294967295	@ 0xffffffff
10005e80:	f000 f922 	bl	100060c8 <__mutex_enter_timeout_ms_veneer>
10005e84:	2300      	movs	r3, #0
10005e86:	8163      	strh	r3, [r4, #10]
10005e88:	8123      	strh	r3, [r4, #8]
10005e8a:	68e0      	ldr	r0, [r4, #12]
10005e8c:	b108      	cbz	r0, 10005e92 <tu_fifo_clear+0x2a>
10005e8e:	f000 f92b 	bl	100060e8 <__mutex_exit_veneer>
10005e92:	6920      	ldr	r0, [r4, #16]
10005e94:	b108      	cbz	r0, 10005e9a <tu_fifo_clear+0x32>
10005e96:	f000 f927 	bl	100060e8 <__mutex_exit_veneer>
10005e9a:	2001      	movs	r0, #1
10005e9c:	bd10      	pop	{r4, pc}

10005e9e <tu_fifo_set_overwritable>:
10005e9e:	b538      	push	{r3, r4, r5, lr}
10005ea0:	4604      	mov	r4, r0
10005ea2:	460d      	mov	r5, r1
10005ea4:	68c0      	ldr	r0, [r0, #12]
10005ea6:	b118      	cbz	r0, 10005eb0 <tu_fifo_set_overwritable+0x12>
10005ea8:	f04f 31ff 	mov.w	r1, #4294967295	@ 0xffffffff
10005eac:	f000 f90c 	bl	100060c8 <__mutex_enter_timeout_ms_veneer>
10005eb0:	6920      	ldr	r0, [r4, #16]
10005eb2:	b118      	cbz	r0, 10005ebc <tu_fifo_set_overwritable+0x1e>
10005eb4:	f04f 31ff 	mov.w	r1, #4294967295	@ 0xffffffff
10005eb8:	f000 f906 	bl	100060c8 <__mutex_enter_timeout_ms_veneer>
10005ebc:	79e3      	ldrb	r3, [r4, #7]
10005ebe:	f365 13c7 	bfi	r3, r5, #7, #1
10005ec2:	71e3      	strb	r3, [r4, #7]
10005ec4:	68e0      	ldr	r0, [r4, #12]
10005ec6:	b108      	cbz	r0, 10005ecc <tu_fifo_set_overwritable+0x2e>
10005ec8:	f000 f90e 	bl	100060e8 <__mutex_exit_veneer>
10005ecc:	6920      	ldr	r0, [r4, #16]
10005ece:	b108      	cbz	r0, 10005ed4 <tu_fifo_set_overwritable+0x36>
10005ed0:	f000 f90a 	bl	100060e8 <__mutex_exit_veneer>
10005ed4:	2001      	movs	r0, #1
10005ed6:	bd38      	pop	{r3, r4, r5, pc}

10005ed8 <memset>:
10005ed8:	0783      	lsls	r3, r0, #30
10005eda:	b530      	push	{r4, r5, lr}
10005edc:	d046      	beq.n	10005f6c <memset+0x94>
10005ede:	1884      	adds	r4, r0, r2
10005ee0:	4684      	mov	ip, r0
10005ee2:	e004      	b.n	10005eee <memset+0x16>
10005ee4:	f803 1b01 	strb.w	r1, [r3], #1
10005ee8:	079d      	lsls	r5, r3, #30
10005eea:	d004      	beq.n	10005ef6 <memset+0x1e>
10005eec:	469c      	mov	ip, r3
10005eee:	45a4      	cmp	ip, r4
10005ef0:	4663      	mov	r3, ip
10005ef2:	d1f7      	bne.n	10005ee4 <memset+0xc>
10005ef4:	bd30      	pop	{r4, r5, pc}
10005ef6:	3a01      	subs	r2, #1
10005ef8:	4402      	add	r2, r0
10005efa:	eba2 020c 	sub.w	r2, r2, ip
10005efe:	2a03      	cmp	r2, #3
10005f00:	d929      	bls.n	10005f56 <memset+0x7e>
10005f02:	b2cc      	uxtb	r4, r1
10005f04:	2a0f      	cmp	r2, #15
10005f06:	eb04 2404 	add.w	r4, r4, r4, lsl #8
10005f0a:	eb04 4404 	add.w	r4, r4, r4, lsl #16
10005f0e:	d92f      	bls.n	10005f70 <memset+0x98>
10005f10:	f1a2 0c10 	sub.w	ip, r2, #16
10005f14:	f103 0510 	add.w	r5, r3, #16
10005f18:	f02c 0c0f 	bic.w	ip, ip, #15
10005f1c:	44ac      	add	ip, r5
10005f1e:	e9c3 4400 	strd	r4, r4, [r3]
10005f22:	e9c3 4402 	strd	r4, r4, [r3, #8]
10005f26:	3310      	adds	r3, #16
10005f28:	4563      	cmp	r3, ip
10005f2a:	d1f8      	bne.n	10005f1e <memset+0x46>
10005f2c:	f012 0f0c 	tst.w	r2, #12
10005f30:	f002 0e0f 	and.w	lr, r2, #15
10005f34:	d018      	beq.n	10005f68 <memset+0x90>
10005f36:	f02e 0c03 	bic.w	ip, lr, #3
10005f3a:	f1ae 0504 	sub.w	r5, lr, #4
10005f3e:	461a      	mov	r2, r3
10005f40:	449c      	add	ip, r3
10005f42:	f842 4b04 	str.w	r4, [r2], #4
10005f46:	4562      	cmp	r2, ip
10005f48:	d1fb      	bne.n	10005f42 <memset+0x6a>
10005f4a:	f025 0403 	bic.w	r4, r5, #3
10005f4e:	3304      	adds	r3, #4
10005f50:	f00e 0203 	and.w	r2, lr, #3
10005f54:	4423      	add	r3, r4
10005f56:	2a00      	cmp	r2, #0
10005f58:	d0cc      	beq.n	10005ef4 <memset+0x1c>
10005f5a:	b2c9      	uxtb	r1, r1
10005f5c:	441a      	add	r2, r3
10005f5e:	f803 1b01 	strb.w	r1, [r3], #1
10005f62:	4293      	cmp	r3, r2
10005f64:	d1fb      	bne.n	10005f5e <memset+0x86>
10005f66:	bd30      	pop	{r4, r5, pc}
10005f68:	4672      	mov	r2, lr
10005f6a:	e7f4      	b.n	10005f56 <memset+0x7e>
10005f6c:	4603      	mov	r3, r0
10005f6e:	e7c6      	b.n	10005efe <memset+0x26>
10005f70:	4696      	mov	lr, r2
10005f72:	e7e0      	b.n	10005f36 <memset+0x5e>

10005f74 <memcpy>:
10005f74:	4684      	mov	ip, r0
10005f76:	ea41 0300 	orr.w	r3, r1, r0
10005f7a:	f013 0303 	ands.w	r3, r3, #3
10005f7e:	d149      	bne.n	10006014 <memcpy+0xa0>
10005f80:	3a40      	subs	r2, #64	@ 0x40
10005f82:	d323      	bcc.n	10005fcc <memcpy+0x58>
10005f84:	680b      	ldr	r3, [r1, #0]
10005f86:	6003      	str	r3, [r0, #0]
10005f88:	684b      	ldr	r3, [r1, #4]
10005f8a:	6043      	str	r3, [r0, #4]
10005f8c:	688b      	ldr	r3, [r1, #8]
10005f8e:	6083      	str	r3, [r0, #8]
10005f90:	68cb      	ldr	r3, [r1, #12]
10005f92:	60c3      	str	r3, [r0, #12]
10005f94:	690b      	ldr	r3, [r1, #16]
10005f96:	6103      	str	r3, [r0, #16]
10005f98:	694b      	ldr	r3, [r1, #20]
10005f9a:	6143      	str	r3, [r0, #20]
10005f9c:	698b      	ldr	r3, [r1, #24]
10005f9e:	6183      	str	r3, [r0, #24]
10005fa0:	69cb      	ldr	r3, [r1, #28]
10005fa2:	61c3      	str	r3, [r0, #28]
10005fa4:	6a0b      	ldr	r3, [r1, #32]
10005fa6:	6203      	str	r3, [r0, #32]
10005fa8:	6a4b      	ldr	r3, [r1, #36]	@ 0x24
10005faa:	6243      	str	r3, [r0, #36]	@ 0x24
10005fac:	6a8b      	ldr	r3, [r1, #40]	@ 0x28
10005fae:	6283      	str	r3, [r0, #40]	@ 0x28
10005fb0:	6acb      	ldr	r3, [r1, #44]	@ 0x2c
10005fb2:	62c3      	str	r3, [r0, #44]	@ 0x2c
10005fb4:	6b0b      	ldr	r3, [r1, #48]	@ 0x30
10005fb6:	6303      	str	r3, [r0, #48]	@ 0x30
10005fb8:	6b4b      	ldr	r3, [r1, #52]	@ 0x34
10005fba:	6343      	str	r3, [r0, #52]	@ 0x34
10005fbc:	6b8b      	ldr	r3, [r1, #56]	@ 0x38
10005fbe:	6383      	str	r3, [r0, #56]	@ 0x38
10005fc0:	6bcb      	ldr	r3, [r1, #60]	@ 0x3c
10005fc2:	63c3      	str	r3, [r0, #60]	@ 0x3c
10005fc4:	3040      	adds	r0, #64	@ 0x40
10005fc6:	3140      	adds	r1, #64	@ 0x40
10005fc8:	3a40      	subs	r2, #64	@ 0x40
10005fca:	d2db      	bcs.n	10005f84 <memcpy+0x10>
10005fcc:	3230      	adds	r2, #48	@ 0x30
10005fce:	d30b      	bcc.n	10005fe8 <memcpy+0x74>
10005fd0:	680b      	ldr	r3, [r1, #0]
10005fd2:	6003      	str	r3, [r0, #0]
10005fd4:	684b      	ldr	r3, [r1, #4]
10005fd6:	6043      	str	r3, [r0, #4]
10005fd8:	688b      	ldr	r3, [r1, #8]
10005fda:	6083      	str	r3, [r0, #8]
10005fdc:	68cb      	ldr	r3, [r1, #12]
10005fde:	60c3      	str	r3, [r0, #12]
10005fe0:	3010      	adds	r0, #16
10005fe2:	3110      	adds	r1, #16
10005fe4:	3a10      	subs	r2, #16
10005fe6:	d2f3      	bcs.n	10005fd0 <memcpy+0x5c>
10005fe8:	320c      	adds	r2, #12
10005fea:	d305      	bcc.n	10005ff8 <memcpy+0x84>
10005fec:	f851 3b04 	ldr.w	r3, [r1], #4
10005ff0:	f840 3b04 	str.w	r3, [r0], #4
10005ff4:	3a04      	subs	r2, #4
10005ff6:	d2f9      	bcs.n	10005fec <memcpy+0x78>
10005ff8:	3204      	adds	r2, #4
10005ffa:	d008      	beq.n	1000600e <memcpy+0x9a>
10005ffc:	07d2      	lsls	r2, r2, #31
10005ffe:	bf1c      	itt	ne
10006000:	f811 3b01 	ldrbne.w	r3, [r1], #1
10006004:	f800 3b01 	strbne.w	r3, [r0], #1
10006008:	d301      	bcc.n	1000600e <memcpy+0x9a>
1000600a:	880b      	ldrh	r3, [r1, #0]
1000600c:	8003      	strh	r3, [r0, #0]
1000600e:	4660      	mov	r0, ip
10006010:	4770      	bx	lr
10006012:	bf00      	nop
10006014:	2a08      	cmp	r2, #8
10006016:	d313      	bcc.n	10006040 <memcpy+0xcc>
10006018:	078b      	lsls	r3, r1, #30
1000601a:	d0b1      	beq.n	10005f80 <memcpy+0xc>
1000601c:	f010 0303 	ands.w	r3, r0, #3
10006020:	d0ae      	beq.n	10005f80 <memcpy+0xc>
10006022:	f1c3 0304 	rsb	r3, r3, #4
10006026:	1ad2      	subs	r2, r2, r3
10006028:	07db      	lsls	r3, r3, #31
1000602a:	bf1c      	itt	ne
1000602c:	f811 3b01 	ldrbne.w	r3, [r1], #1
10006030:	f800 3b01 	strbne.w	r3, [r0], #1
10006034:	d3a4      	bcc.n	10005f80 <memcpy+0xc>
10006036:	f831 3b02 	ldrh.w	r3, [r1], #2
1000603a:	f820 3b02 	strh.w	r3, [r0], #2
1000603e:	e79f      	b.n	10005f80 <memcpy+0xc>
10006040:	3a04      	subs	r2, #4
10006042:	d3d9      	bcc.n	10005ff8 <memcpy+0x84>
10006044:	3a01      	subs	r2, #1
10006046:	f811 3b01 	ldrb.w	r3, [r1], #1
1000604a:	f800 3b01 	strb.w	r3, [r0], #1
1000604e:	d2f9      	bcs.n	10006044 <memcpy+0xd0>
10006050:	780b      	ldrb	r3, [r1, #0]
10006052:	7003      	strb	r3, [r0, #0]
10006054:	784b      	ldrb	r3, [r1, #1]
10006056:	7043      	strb	r3, [r0, #1]
10006058:	788b      	ldrb	r3, [r1, #2]
1000605a:	7083      	strb	r3, [r0, #2]
1000605c:	4660      	mov	r0, ip
1000605e:	4770      	bx	lr

10006060 <strlen>:
10006060:	f020 0103 	bic.w	r1, r0, #3
10006064:	f010 0003 	ands.w	r0, r0, #3
10006068:	f1c0 0000 	rsb	r0, r0, #0
1000606c:	f851 3b04 	ldr.w	r3, [r1], #4
10006070:	f100 0c04 	add.w	ip, r0, #4
10006074:	ea4f 0ccc 	mov.w	ip, ip, lsl #3
10006078:	f06f 0200 	mvn.w	r2, #0
1000607c:	bf1c      	itt	ne
1000607e:	fa22 f20c 	lsrne.w	r2, r2, ip
10006082:	4313      	orrne	r3, r2
10006084:	f04f 0c01 	mov.w	ip, #1
10006088:	ea4c 2c0c 	orr.w	ip, ip, ip, lsl #8
1000608c:	ea4c 4c0c 	orr.w	ip, ip, ip, lsl #16
10006090:	eba3 020c 	sub.w	r2, r3, ip
10006094:	ea22 0203 	bic.w	r2, r2, r3
10006098:	ea12 12cc 	ands.w	r2, r2, ip, lsl #7
1000609c:	bf04      	itt	eq
1000609e:	f851 3b04 	ldreq.w	r3, [r1], #4
100060a2:	3004      	addeq	r0, #4
100060a4:	d0f4      	beq.n	10006090 <strlen+0x30>
100060a6:	f1c2 0100 	rsb	r1, r2, #0
100060aa:	ea02 0201 	and.w	r2, r2, r1
100060ae:	fab2 f282 	clz	r2, r2
100060b2:	f1c2 021f 	rsb	r2, r2, #31
100060b6:	eb00 00d2 	add.w	r0, r0, r2, lsr #3
100060ba:	4770      	bx	lr

100060bc <_fini>:
100060bc:	b5f8      	push	{r3, r4, r5, r6, r7, lr}
100060be:	bf00      	nop

100060c0 <__hw_endpoint_reset_transfer_veneer>:
100060c0:	f85f f000 	ldr.w	pc, [pc]	@ 100060c4 <__hw_endpoint_reset_transfer_veneer+0x4>
100060c4:	200006eb 	.word	0x200006eb

100060c8 <__mutex_enter_timeout_ms_veneer>:
100060c8:	f85f f000 	ldr.w	pc, [pc]	@ 100060cc <__mutex_enter_timeout_ms_veneer+0x4>
100060cc:	2000021f 	.word	0x2000021f

100060d0 <__hw_endpoint_start_next_buffer_veneer>:
100060d0:	f85f f000 	ldr.w	pc, [pc]	@ 100060d4 <__hw_endpoint_start_next_buffer_veneer+0x4>
100060d4:	20000745 	.word	0x20000745

100060d8 <__reset_non_control_endpoints_veneer>:
100060d8:	f85f f000 	ldr.w	pc, [pc]	@ 100060dc <__reset_non_control_endpoints_veneer+0x4>
100060dc:	200002c9 	.word	0x200002c9

100060e0 <____aeabi_uldivmod_veneer>:
100060e0:	f85f f000 	ldr.w	pc, [pc]	@ 100060e4 <____aeabi_uldivmod_veneer+0x4>
100060e4:	20000a4d 	.word	0x20000a4d

100060e8 <__mutex_exit_veneer>:
100060e8:	f85f f000 	ldr.w	pc, [pc]	@ 100060ec <__mutex_exit_veneer+0x4>
100060ec:	20000271 	.word	0x20000271

100060f0 <___hw_endpoint_buffer_control_update32_veneer>:
100060f0:	f85f f000 	ldr.w	pc, [pc]	@ 100060f4 <___hw_endpoint_buffer_control_update32_veneer+0x4>
100060f4:	200006f9 	.word	0x200006f9

100060f8 <__mutex_try_enter_block_until_veneer>:
100060f8:	f85f f000 	ldr.w	pc, [pc]	@ 100060fc <__mutex_try_enter_block_until_veneer+0x4>
100060fc:	200001ed 	.word	0x200001ed

10006100 <__e15_is_bulkin_ep_veneer>:
10006100:	f85f f000 	ldr.w	pc, [pc]	@ 10006104 <__e15_is_bulkin_ep_veneer+0x4>
10006104:	200005f1 	.word	0x200005f1

10006108 <__e15_is_critical_frame_period_veneer>:
10006108:	f85f f000 	ldr.w	pc, [pc]	@ 1000610c <__e15_is_critical_frame_period_veneer+0x4>
1000610c:	2000061d 	.word	0x2000061d

10006110 <__mutex_try_enter_veneer>:
10006110:	f85f f000 	ldr.w	pc, [pc]	@ 10006114 <__mutex_try_enter_veneer+0x4>
10006114:	20000111 	.word	0x20000111

10006118 <__pre_init_runtime_init_bootrom_reset>:
10006118:	100016e1                                ....

1000611c <__pre_init_runtime_init_early_resets>:
1000611c:	10001659                                Y...

10006120 <__pre_init_runtime_init_usb_power_down>:
10006120:	10001685                                ....

10006124 <__pre_init_runtime_init_clocks>:
10006124:	1000177d                                }...

10006128 <__pre_init_runtime_init_post_clock_resets>:
10006128:	100016c1                                ....

1000612c <__pre_init_runtime_init_boot_locks_reset>:
1000612c:	100015fd                                ....

10006130 <__pre_init_runtime_init_spin_locks_reset>:
10006130:	10001705                                ....

10006134 <__pre_init_runtime_init_bootrom_locking_enable>:
10006134:	100015c9                                ....

10006138 <__pre_init_runtime_init_mutex>:
10006138:	10000971                                q...

1000613c <__pre_init_runtime_init_install_ram_vector_table>:
1000613c:	1000170d                                ....

10006140 <__pre_init_runtime_init_default_alarm_pool>:
10006140:	100011e1                                ....

10006144 <__pre_init_first_per_core_initializer>:
10006144:	10001645                                E...

10006148 <__pre_init_runtime_init_per_core_bootrom_reset>:
10006148:	100016f3                                ....

1000614c <__pre_init_runtime_init_per_core_enable_coprocessors>:
1000614c:	100016a5                                ....

10006150 <__pre_init_spinlock_set_extexclall>:
10006150:	100003f1                                ....

10006154 <__pre_init_runtime_init_per_core_irq_priorities>:
10006154:	10000449                                I...

10006158 <__init_array_start>:
10006158:	1000357d 	.word	0x1000357d

1000615c <__frame_dummy_init_array_entry>:
1000615c:	10000211                                ....

Disassembly of section .data:

20000110 <mutex_try_enter>:
20000110:	b500      	push	{lr}
20000112:	4603      	mov	r3, r0
20000114:	6800      	ldr	r0, [r0, #0]
20000116:	f3ef 8210 	mrs	r2, PRIMASK
2000011a:	b672      	cpsid	i
2000011c:	e8d0 efcf 	ldaexb	lr, [r0]
20000120:	f05f 0c01 	movs.w	ip, #1
20000124:	f1be 0f00 	cmp.w	lr, #0
20000128:	d1f8      	bne.n	2000011c <mutex_try_enter+0xc>
2000012a:	e8c0 cf4e 	strexb	lr, ip, [r0]
2000012e:	f1be 0f00 	cmp.w	lr, #0
20000132:	d1f3      	bne.n	2000011c <mutex_try_enter+0xc>
20000134:	f3bf 8f5f 	dmb	sy
20000138:	f993 0004 	ldrsb.w	r0, [r3, #4]
2000013c:	2800      	cmp	r0, #0
2000013e:	db0a      	blt.n	20000156 <mutex_try_enter+0x46>
20000140:	b181      	cbz	r1, 20000164 <mutex_try_enter+0x54>
20000142:	6008      	str	r0, [r1, #0]
20000144:	2000      	movs	r0, #0
20000146:	6819      	ldr	r1, [r3, #0]
20000148:	2300      	movs	r3, #0
2000014a:	e8c1 3f8f 	stlb	r3, [r1]
2000014e:	f382 8810 	msr	PRIMASK, r2
20000152:	f85d fb04 	ldr.w	pc, [sp], #4
20000156:	f04f 4150 	mov.w	r1, #3489660928	@ 0xd0000000
2000015a:	f991 1000 	ldrsb.w	r1, [r1]
2000015e:	7119      	strb	r1, [r3, #4]
20000160:	2001      	movs	r0, #1
20000162:	e7f0      	b.n	20000146 <mutex_try_enter+0x36>
20000164:	2000      	movs	r0, #0
20000166:	e7ee      	b.n	20000146 <mutex_try_enter+0x36>

20000168 <mutex_enter_block_until>:
20000168:	b5f8      	push	{r3, r4, r5, r6, r7, lr}
2000016a:	461e      	mov	r6, r3
2000016c:	6803      	ldr	r3, [r0, #0]
2000016e:	2b00      	cmp	r3, #0
20000170:	d027      	beq.n	200001c2 <mutex_enter_block_until+0x5a>
20000172:	4604      	mov	r4, r0
20000174:	4615      	mov	r5, r2
20000176:	f04f 4350 	mov.w	r3, #3489660928	@ 0xd0000000
2000017a:	f993 7000 	ldrsb.w	r7, [r3]
2000017e:	6821      	ldr	r1, [r4, #0]
20000180:	f3ef 8c10 	mrs	ip, PRIMASK
20000184:	b672      	cpsid	i
20000186:	e8d1 2fcf 	ldaexb	r2, [r1]
2000018a:	2301      	movs	r3, #1
2000018c:	2a00      	cmp	r2, #0
2000018e:	d1fa      	bne.n	20000186 <mutex_enter_block_until+0x1e>
20000190:	e8c1 3f42 	strexb	r2, r3, [r1]
20000194:	2a00      	cmp	r2, #0
20000196:	d1f6      	bne.n	20000186 <mutex_enter_block_until+0x1e>
20000198:	f3bf 8f5f 	dmb	sy
2000019c:	f994 e004 	ldrsb.w	lr, [r4, #4]
200001a0:	f1be 0f00 	cmp.w	lr, #0
200001a4:	db13      	blt.n	200001ce <mutex_enter_block_until+0x66>
200001a6:	6822      	ldr	r2, [r4, #0]
200001a8:	2300      	movs	r3, #0
200001aa:	e8c2 3f8f 	stlb	r3, [r2]
200001ae:	f38c 8810 	msr	PRIMASK, ip
200001b2:	4628      	mov	r0, r5
200001b4:	4631      	mov	r1, r6
200001b6:	f000 fe0b 	bl	20000dd0 <__best_effort_wfe_or_timeout_veneer>
200001ba:	2800      	cmp	r0, #0
200001bc:	d0df      	beq.n	2000017e <mutex_enter_block_until+0x16>
200001be:	2000      	movs	r0, #0
200001c0:	e00d      	b.n	200001de <mutex_enter_block_until+0x76>
200001c2:	4b07      	ldr	r3, [pc, #28]	@ (200001e0 <mutex_enter_block_until+0x78>)
200001c4:	4a07      	ldr	r2, [pc, #28]	@ (200001e4 <mutex_enter_block_until+0x7c>)
200001c6:	21a6      	movs	r1, #166	@ 0xa6
200001c8:	4807      	ldr	r0, [pc, #28]	@ (200001e8 <mutex_enter_block_until+0x80>)
200001ca:	f000 fe1d 	bl	20000e08 <____assert_func_veneer>
200001ce:	7127      	strb	r7, [r4, #4]
200001d0:	6822      	ldr	r2, [r4, #0]
200001d2:	2300      	movs	r3, #0
200001d4:	e8c2 3f8f 	stlb	r3, [r2]
200001d8:	f38c 8810 	msr	PRIMASK, ip
200001dc:	2001      	movs	r0, #1
200001de:	bdf8      	pop	{r3, r4, r5, r6, r7, pc}
200001e0:	10006408 	.word	0x10006408
200001e4:	10006a94 	.word	0x10006a94
200001e8:	100063b8 	.word	0x100063b8

200001ec <mutex_try_enter_block_until>:
200001ec:	b570      	push	{r4, r5, r6, lr}
200001ee:	b082      	sub	sp, #8
200001f0:	4606      	mov	r6, r0
200001f2:	4615      	mov	r5, r2
200001f4:	461c      	mov	r4, r3
200001f6:	a901      	add	r1, sp, #4
200001f8:	f7ff ff8a 	bl	20000110 <mutex_try_enter>
200001fc:	b938      	cbnz	r0, 2000020e <mutex_try_enter_block_until+0x22>
200001fe:	f99d 2004 	ldrsb.w	r2, [sp, #4]
20000202:	f04f 4350 	mov.w	r3, #3489660928	@ 0xd0000000
20000206:	f993 3000 	ldrsb.w	r3, [r3]
2000020a:	429a      	cmp	r2, r3
2000020c:	d101      	bne.n	20000212 <mutex_try_enter_block_until+0x26>
2000020e:	b002      	add	sp, #8
20000210:	bd70      	pop	{r4, r5, r6, pc}
20000212:	462a      	mov	r2, r5
20000214:	4623      	mov	r3, r4
20000216:	4630      	mov	r0, r6
20000218:	f7ff ffa6 	bl	20000168 <mutex_enter_block_until>
2000021c:	e7f7      	b.n	2000020e <mutex_try_enter_block_until+0x22>

2000021e <mutex_enter_timeout_ms>:
2000021e:	b538      	push	{r3, r4, r5, lr}
20000220:	4604      	mov	r4, r0
20000222:	460d      	mov	r5, r1
20000224:	f000 fde8 	bl	20000df8 <__time_us_64_veneer>
20000228:	0eeb      	lsrs	r3, r5, #27
2000022a:	ea4f 1c45 	mov.w	ip, r5, lsl #5
2000022e:	ebbc 0c05 	subs.w	ip, ip, r5
20000232:	f163 0300 	sbc.w	r3, r3, #0
20000236:	009b      	lsls	r3, r3, #2
20000238:	ea43 739c 	orr.w	r3, r3, ip, lsr #30
2000023c:	ea4f 0c8c 	mov.w	ip, ip, lsl #2
20000240:	eb1c 0c05 	adds.w	ip, ip, r5
20000244:	f143 0300 	adc.w	r3, r3, #0
20000248:	00db      	lsls	r3, r3, #3
2000024a:	ea43 735c 	orr.w	r3, r3, ip, lsr #29
2000024e:	ea4f 0ccc 	mov.w	ip, ip, lsl #3
20000252:	eb10 020c 	adds.w	r2, r0, ip
20000256:	eb43 0301 	adc.w	r3, r3, r1
2000025a:	2b00      	cmp	r3, #0
2000025c:	db03      	blt.n	20000266 <mutex_enter_timeout_ms+0x48>
2000025e:	4620      	mov	r0, r4
20000260:	f7ff ff82 	bl	20000168 <mutex_enter_block_until>
20000264:	bd38      	pop	{r3, r4, r5, pc}
20000266:	f04f 32ff 	mov.w	r2, #4294967295	@ 0xffffffff
2000026a:	f06f 4300 	mvn.w	r3, #2147483648	@ 0x80000000
2000026e:	e7f6      	b.n	2000025e <mutex_enter_timeout_ms+0x40>

20000270 <mutex_exit>:
20000270:	b508      	push	{r3, lr}
20000272:	6802      	ldr	r2, [r0, #0]
20000274:	f3ef 8310 	mrs	r3, PRIMASK
20000278:	b672      	cpsid	i
2000027a:	e8d2 cfcf 	ldaexb	ip, [r2]
2000027e:	2101      	movs	r1, #1
20000280:	f1bc 0f00 	cmp.w	ip, #0
20000284:	d1f9      	bne.n	2000027a <mutex_exit+0xa>
20000286:	e8c2 1f4c 	strexb	ip, r1, [r2]
2000028a:	f1bc 0f00 	cmp.w	ip, #0
2000028e:	d1f4      	bne.n	2000027a <mutex_exit+0xa>
20000290:	f3bf 8f5f 	dmb	sy
20000294:	f990 2004 	ldrsb.w	r2, [r0, #4]
20000298:	2a00      	cmp	r2, #0
2000029a:	db09      	blt.n	200002b0 <mutex_exit+0x40>
2000029c:	22ff      	movs	r2, #255	@ 0xff
2000029e:	7102      	strb	r2, [r0, #4]
200002a0:	6801      	ldr	r1, [r0, #0]
200002a2:	2200      	movs	r2, #0
200002a4:	e8c1 2f8f 	stlb	r2, [r1]
200002a8:	f383 8810 	msr	PRIMASK, r3
200002ac:	bf40      	sev
200002ae:	bd08      	pop	{r3, pc}
200002b0:	4b02      	ldr	r3, [pc, #8]	@ (200002bc <mutex_exit+0x4c>)
200002b2:	4a03      	ldr	r2, [pc, #12]	@ (200002c0 <mutex_exit+0x50>)
200002b4:	21d5      	movs	r1, #213	@ 0xd5
200002b6:	4803      	ldr	r0, [pc, #12]	@ (200002c4 <mutex_exit+0x54>)
200002b8:	f000 fda6 	bl	20000e08 <____assert_func_veneer>
200002bc:	1000641c 	.word	0x1000641c
200002c0:	10006a88 	.word	0x10006a88
200002c4:	100063b8 	.word	0x100063b8

200002c8 <reset_non_control_endpoints>:
200002c8:	b508      	push	{r3, lr}
200002ca:	2300      	movs	r3, #0
200002cc:	e008      	b.n	200002e0 <reset_non_control_endpoints+0x18>
200002ce:	4a0a      	ldr	r2, [pc, #40]	@ (200002f8 <reset_non_control_endpoints+0x30>)
200002d0:	3301      	adds	r3, #1
200002d2:	2100      	movs	r1, #0
200002d4:	f842 1033 	str.w	r1, [r2, r3, lsl #3]
200002d8:	eb02 02c3 	add.w	r2, r2, r3, lsl #3
200002dc:	6051      	str	r1, [r2, #4]
200002de:	b2db      	uxtb	r3, r3
200002e0:	2b0e      	cmp	r3, #14
200002e2:	d9f4      	bls.n	200002ce <reset_non_control_endpoints+0x6>
200002e4:	f44f 7270 	mov.w	r2, #960	@ 0x3c0
200002e8:	2100      	movs	r1, #0
200002ea:	4804      	ldr	r0, [pc, #16]	@ (200002fc <reset_non_control_endpoints+0x34>)
200002ec:	f000 fd7c 	bl	20000de8 <__memset_veneer>
200002f0:	4b03      	ldr	r3, [pc, #12]	@ (20000300 <reset_non_control_endpoints+0x38>)
200002f2:	4a04      	ldr	r2, [pc, #16]	@ (20000304 <reset_non_control_endpoints+0x3c>)
200002f4:	601a      	str	r2, [r3, #0]
200002f6:	bd08      	pop	{r3, pc}
200002f8:	50100000 	.word	0x50100000
200002fc:	200016ac 	.word	0x200016ac
20000300:	20001a70 	.word	0x20001a70
20000304:	50100180 	.word	0x50100180

20000308 <hw_handle_buff_status>:
20000308:	e92d 43f0 	stmdb	sp!, {r4, r5, r6, r7, r8, r9, lr}
2000030c:	b085      	sub	sp, #20
2000030e:	4b1f      	ldr	r3, [pc, #124]	@ (2000038c <hw_handle_buff_status+0x84>)
20000310:	6d9e      	ldr	r6, [r3, #88]	@ 0x58
20000312:	2400      	movs	r4, #0
20000314:	2501      	movs	r5, #1
20000316:	e004      	b.n	20000322 <hw_handle_buff_status+0x1a>
20000318:	ea26 0605 	bic.w	r6, r6, r5
2000031c:	006d      	lsls	r5, r5, #1
2000031e:	3401      	adds	r4, #1
20000320:	b2e4      	uxtb	r4, r4
20000322:	b386      	cbz	r6, 20000386 <hw_handle_buff_status+0x7e>
20000324:	2c1f      	cmp	r4, #31
20000326:	d82e      	bhi.n	20000386 <hw_handle_buff_status+0x7e>
20000328:	422e      	tst	r6, r5
2000032a:	d0f7      	beq.n	2000031c <hw_handle_buff_status+0x14>
2000032c:	4b18      	ldr	r3, [pc, #96]	@ (20000390 <hw_handle_buff_status+0x88>)
2000032e:	659d      	str	r5, [r3, #88]	@ 0x58
20000330:	ea4f 0954 	mov.w	r9, r4, lsr #1
20000334:	f004 0701 	and.w	r7, r4, #1
20000338:	f087 0701 	eor.w	r7, r7, #1
2000033c:	f004 03fe 	and.w	r3, r4, #254	@ 0xfe
20000340:	443b      	add	r3, r7
20000342:	4a14      	ldr	r2, [pc, #80]	@ (20000394 <hw_handle_buff_status+0x8c>)
20000344:	eb02 1843 	add.w	r8, r2, r3, lsl #5
20000348:	4640      	mov	r0, r8
2000034a:	f000 fa33 	bl	200007b4 <hw_endpoint_xfer_continue>
2000034e:	2800      	cmp	r0, #0
20000350:	d0e2      	beq.n	20000318 <hw_handle_buff_status+0x10>
20000352:	eb07 0749 	add.w	r7, r7, r9, lsl #1
20000356:	4b0f      	ldr	r3, [pc, #60]	@ (20000394 <hw_handle_buff_status+0x8c>)
20000358:	eb03 1347 	add.w	r3, r3, r7, lsl #5
2000035c:	7899      	ldrb	r1, [r3, #2]
2000035e:	8ada      	ldrh	r2, [r3, #22]
20000360:	2300      	movs	r3, #0
20000362:	f88d 3004 	strb.w	r3, [sp, #4]
20000366:	2007      	movs	r0, #7
20000368:	f88d 0005 	strb.w	r0, [sp, #5]
2000036c:	f88d 1008 	strb.w	r1, [sp, #8]
20000370:	9203      	str	r2, [sp, #12]
20000372:	f88d 3009 	strb.w	r3, [sp, #9]
20000376:	2101      	movs	r1, #1
20000378:	a801      	add	r0, sp, #4
2000037a:	f000 fa39 	bl	200007f0 <dcd_event_handler>
2000037e:	4640      	mov	r0, r8
20000380:	f000 f9b3 	bl	200006ea <hw_endpoint_reset_transfer>
20000384:	e7c8      	b.n	20000318 <hw_handle_buff_status+0x10>
20000386:	b005      	add	sp, #20
20000388:	e8bd 83f0 	ldmia.w	sp!, {r4, r5, r6, r7, r8, r9, pc}
2000038c:	50110000 	.word	0x50110000
20000390:	50113000 	.word	0x50113000
20000394:	2000166c 	.word	0x2000166c

20000398 <dcd_rp2040_irq>:
20000398:	e92d 43f0 	stmdb	sp!, {r4, r5, r6, r7, r8, r9, lr}
2000039c:	b085      	sub	sp, #20
2000039e:	4b74      	ldr	r3, [pc, #464]	@ (20000570 <dcd_rp2040_irq+0x1d8>)
200003a0:	f8d3 5098 	ldr.w	r5, [r3, #152]	@ 0x98
200003a4:	f415 3600 	ands.w	r6, r5, #131072	@ 0x20000
200003a8:	d047      	beq.n	2000043a <dcd_rp2040_irq+0xa2>
200003aa:	4b72      	ldr	r3, [pc, #456]	@ (20000574 <dcd_rp2040_irq+0x1dc>)
200003ac:	6a9a      	ldr	r2, [r3, #40]	@ 0x28
200003ae:	4b72      	ldr	r3, [pc, #456]	@ (20000578 <dcd_rp2040_irq+0x1e0>)
200003b0:	601a      	str	r2, [r3, #0]
200003b2:	2400      	movs	r4, #0
200003b4:	4627      	mov	r7, r4
200003b6:	e00a      	b.n	200003ce <dcd_rp2040_irq+0x36>
200003b8:	4b70      	ldr	r3, [pc, #448]	@ (2000057c <dcd_rp2040_irq+0x1e4>)
200003ba:	eb03 1384 	add.w	r3, r3, r4, lsl #6
200003be:	2200      	movs	r2, #0
200003c0:	f883 203c 	strb.w	r2, [r3, #60]	@ 0x3c
200003c4:	f000 f9be 	bl	20000744 <hw_endpoint_start_next_buffer>
200003c8:	4637      	mov	r7, r6
200003ca:	3401      	adds	r4, #1
200003cc:	b2e4      	uxtb	r4, r4
200003ce:	2c0f      	cmp	r4, #15
200003d0:	d819      	bhi.n	20000406 <dcd_rp2040_irq+0x6e>
200003d2:	01a2      	lsls	r2, r4, #6
200003d4:	f102 0020 	add.w	r0, r2, #32
200003d8:	4b68      	ldr	r3, [pc, #416]	@ (2000057c <dcd_rp2040_irq+0x1e4>)
200003da:	4418      	add	r0, r3
200003dc:	4413      	add	r3, r2
200003de:	f893 303b 	ldrb.w	r3, [r3, #59]	@ 0x3b
200003e2:	2b02      	cmp	r3, #2
200003e4:	d1f1      	bne.n	200003ca <dcd_rp2040_irq+0x32>
200003e6:	4b65      	ldr	r3, [pc, #404]	@ (2000057c <dcd_rp2040_irq+0x1e4>)
200003e8:	eb03 1384 	add.w	r3, r3, r4, lsl #6
200003ec:	f893 603a 	ldrb.w	r6, [r3, #58]	@ 0x3a
200003f0:	2e00      	cmp	r6, #0
200003f2:	d0ea      	beq.n	200003ca <dcd_rp2040_irq+0x32>
200003f4:	4b61      	ldr	r3, [pc, #388]	@ (2000057c <dcd_rp2040_irq+0x1e4>)
200003f6:	eb03 1384 	add.w	r3, r3, r4, lsl #6
200003fa:	f893 303c 	ldrb.w	r3, [r3, #60]	@ 0x3c
200003fe:	2b00      	cmp	r3, #0
20000400:	d1da      	bne.n	200003b8 <dcd_rp2040_irq+0x20>
20000402:	4637      	mov	r7, r6
20000404:	e7e1      	b.n	200003ca <dcd_rp2040_irq+0x32>
20000406:	b93f      	cbnz	r7, 20000418 <dcd_rp2040_irq+0x80>
20000408:	4b5d      	ldr	r3, [pc, #372]	@ (20000580 <dcd_rp2040_irq+0x1e8>)
2000040a:	781b      	ldrb	r3, [r3, #0]
2000040c:	b923      	cbnz	r3, 20000418 <dcd_rp2040_irq+0x80>
2000040e:	4b5d      	ldr	r3, [pc, #372]	@ (20000584 <dcd_rp2040_irq+0x1ec>)
20000410:	f44f 3200 	mov.w	r2, #131072	@ 0x20000
20000414:	f8c3 2090 	str.w	r2, [r3, #144]	@ 0x90
20000418:	4b55      	ldr	r3, [pc, #340]	@ (20000570 <dcd_rp2040_irq+0x1d8>)
2000041a:	6c9b      	ldr	r3, [r3, #72]	@ 0x48
2000041c:	f3c3 030a 	ubfx	r3, r3, #0, #11
20000420:	2200      	movs	r2, #0
20000422:	f88d 2004 	strb.w	r2, [sp, #4]
20000426:	2203      	movs	r2, #3
20000428:	f88d 2005 	strb.w	r2, [sp, #5]
2000042c:	9302      	str	r3, [sp, #8]
2000042e:	2101      	movs	r1, #1
20000430:	a801      	add	r0, sp, #4
20000432:	f000 f9dd 	bl	200007f0 <dcd_event_handler>
20000436:	f44f 3600 	mov.w	r6, #131072	@ 0x20000
2000043a:	f015 0f10 	tst.w	r5, #16
2000043e:	d106      	bne.n	2000044e <dcd_rp2040_irq+0xb6>
20000440:	f415 3f80 	tst.w	r5, #65536	@ 0x10000
20000444:	d049      	beq.n	200004da <dcd_rp2040_irq+0x142>
20000446:	f446 3680 	orr.w	r6, r6, #65536	@ 0x10000
2000044a:	2400      	movs	r4, #0
2000044c:	e023      	b.n	20000496 <dcd_rp2040_irq+0xfe>
2000044e:	f046 0610 	orr.w	r6, r6, #16
20000452:	f7ff ff59 	bl	20000308 <hw_handle_buff_status>
20000456:	e7f3      	b.n	20000440 <dcd_rp2040_irq+0xa8>
20000458:	f04f 0802 	mov.w	r8, #2
2000045c:	4b4a      	ldr	r3, [pc, #296]	@ (20000588 <dcd_rp2040_irq+0x1f0>)
2000045e:	f8c3 8060 	str.w	r8, [r3, #96]	@ 0x60
20000462:	4b43      	ldr	r3, [pc, #268]	@ (20000570 <dcd_rp2040_irq+0x1d8>)
20000464:	6e5b      	ldr	r3, [r3, #100]	@ 0x64
20000466:	ea38 0303 	bics.w	r3, r8, r3
2000046a:	d1fa      	bne.n	20000462 <dcd_rp2040_irq+0xca>
2000046c:	f44f 5240 	mov.w	r2, #12288	@ 0x3000
20000470:	2100      	movs	r1, #0
20000472:	4638      	mov	r0, r7
20000474:	f000 f940 	bl	200006f8 <_hw_endpoint_buffer_control_update32>
20000478:	4638      	mov	r0, r7
2000047a:	f000 f936 	bl	200006ea <hw_endpoint_reset_transfer>
2000047e:	4b41      	ldr	r3, [pc, #260]	@ (20000584 <dcd_rp2040_irq+0x1ec>)
20000480:	f8c3 8064 	str.w	r8, [r3, #100]	@ 0x64
20000484:	f8c3 8060 	str.w	r8, [r3, #96]	@ 0x60
20000488:	4b3c      	ldr	r3, [pc, #240]	@ (2000057c <dcd_rp2040_irq+0x1e4>)
2000048a:	eb03 1349 	add.w	r3, r3, r9, lsl #5
2000048e:	2201      	movs	r2, #1
20000490:	70da      	strb	r2, [r3, #3]
20000492:	4414      	add	r4, r2
20000494:	b2e4      	uxtb	r4, r4
20000496:	2c01      	cmp	r4, #1
20000498:	d80b      	bhi.n	200004b2 <dcd_rp2040_irq+0x11a>
2000049a:	46a1      	mov	r9, r4
2000049c:	4f37      	ldr	r7, [pc, #220]	@ (2000057c <dcd_rp2040_irq+0x1e4>)
2000049e:	eb07 1744 	add.w	r7, r7, r4, lsl #5
200004a2:	7ebb      	ldrb	r3, [r7, #26]
200004a4:	2b00      	cmp	r3, #0
200004a6:	d0ef      	beq.n	20000488 <dcd_rp2040_irq+0xf0>
200004a8:	2c00      	cmp	r4, #0
200004aa:	d0d5      	beq.n	20000458 <dcd_rp2040_irq+0xc0>
200004ac:	f04f 0801 	mov.w	r8, #1
200004b0:	e7d4      	b.n	2000045c <dcd_rp2040_irq+0xc4>
200004b2:	2300      	movs	r3, #0
200004b4:	f88d 3004 	strb.w	r3, [sp, #4]
200004b8:	2306      	movs	r3, #6
200004ba:	f88d 3005 	strb.w	r3, [sp, #5]
200004be:	4b33      	ldr	r3, [pc, #204]	@ (2000058c <dcd_rp2040_irq+0x1f4>)
200004c0:	e893 0003 	ldmia.w	r3, {r0, r1}
200004c4:	ab04      	add	r3, sp, #16
200004c6:	e903 0003 	stmdb	r3, {r0, r1}
200004ca:	2101      	movs	r1, #1
200004cc:	a801      	add	r0, sp, #4
200004ce:	f000 f98f 	bl	200007f0 <dcd_event_handler>
200004d2:	4b2c      	ldr	r3, [pc, #176]	@ (20000584 <dcd_rp2040_irq+0x1ec>)
200004d4:	f44f 3200 	mov.w	r2, #131072	@ 0x20000
200004d8:	651a      	str	r2, [r3, #80]	@ 0x50
200004da:	f415 5f80 	tst.w	r5, #4096	@ 0x1000
200004de:	d10a      	bne.n	200004f6 <dcd_rp2040_irq+0x15e>
200004e0:	f415 4f80 	tst.w	r5, #16384	@ 0x4000
200004e4:	d11d      	bne.n	20000522 <dcd_rp2040_irq+0x18a>
200004e6:	f415 4f00 	tst.w	r5, #32768	@ 0x8000
200004ea:	d12b      	bne.n	20000544 <dcd_rp2040_irq+0x1ac>
200004ec:	42ae      	cmp	r6, r5
200004ee:	d13a      	bne.n	20000566 <dcd_rp2040_irq+0x1ce>
200004f0:	b005      	add	sp, #20
200004f2:	e8bd 83f0 	ldmia.w	sp!, {r4, r5, r6, r7, r8, r9, pc}
200004f6:	f446 5680 	orr.w	r6, r6, #4096	@ 0x1000
200004fa:	2400      	movs	r4, #0
200004fc:	4b1c      	ldr	r3, [pc, #112]	@ (20000570 <dcd_rp2040_irq+0x1d8>)
200004fe:	601c      	str	r4, [r3, #0]
20000500:	f7ff fee2 	bl	200002c8 <reset_non_control_endpoints>
20000504:	f88d 4004 	strb.w	r4, [sp, #4]
20000508:	2101      	movs	r1, #1
2000050a:	f88d 1005 	strb.w	r1, [sp, #5]
2000050e:	f88d 4008 	strb.w	r4, [sp, #8]
20000512:	a801      	add	r0, sp, #4
20000514:	f000 f96c 	bl	200007f0 <dcd_event_handler>
20000518:	4b1a      	ldr	r3, [pc, #104]	@ (20000584 <dcd_rp2040_irq+0x1ec>)
2000051a:	f44f 2200 	mov.w	r2, #524288	@ 0x80000
2000051e:	651a      	str	r2, [r3, #80]	@ 0x50
20000520:	e7de      	b.n	200004e0 <dcd_rp2040_irq+0x148>
20000522:	f446 4680 	orr.w	r6, r6, #16384	@ 0x4000
20000526:	2300      	movs	r3, #0
20000528:	f88d 3004 	strb.w	r3, [sp, #4]
2000052c:	2304      	movs	r3, #4
2000052e:	f88d 3005 	strb.w	r3, [sp, #5]
20000532:	2101      	movs	r1, #1
20000534:	eb0d 0003 	add.w	r0, sp, r3
20000538:	f000 f95a 	bl	200007f0 <dcd_event_handler>
2000053c:	4b11      	ldr	r3, [pc, #68]	@ (20000584 <dcd_rp2040_irq+0x1ec>)
2000053e:	2210      	movs	r2, #16
20000540:	651a      	str	r2, [r3, #80]	@ 0x50
20000542:	e7d0      	b.n	200004e6 <dcd_rp2040_irq+0x14e>
20000544:	f446 4600 	orr.w	r6, r6, #32768	@ 0x8000
20000548:	2300      	movs	r3, #0
2000054a:	f88d 3004 	strb.w	r3, [sp, #4]
2000054e:	2305      	movs	r3, #5
20000550:	f88d 3005 	strb.w	r3, [sp, #5]
20000554:	2101      	movs	r1, #1
20000556:	a801      	add	r0, sp, #4
20000558:	f000 f94a 	bl	200007f0 <dcd_event_handler>
2000055c:	4b09      	ldr	r3, [pc, #36]	@ (20000584 <dcd_rp2040_irq+0x1ec>)
2000055e:	f44f 6200 	mov.w	r2, #2048	@ 0x800
20000562:	651a      	str	r2, [r3, #80]	@ 0x50
20000564:	e7c2      	b.n	200004ec <dcd_rp2040_irq+0x154>
20000566:	ea86 0105 	eor.w	r1, r6, r5
2000056a:	4809      	ldr	r0, [pc, #36]	@ (20000590 <dcd_rp2040_irq+0x1f8>)
2000056c:	f000 fc40 	bl	20000df0 <__panic_veneer>
20000570:	50110000 	.word	0x50110000
20000574:	400b0000 	.word	0x400b0000
20000578:	20001664 	.word	0x20001664
2000057c:	2000166c 	.word	0x2000166c
20000580:	20001ada 	.word	0x20001ada
20000584:	50113000 	.word	0x50113000
20000588:	50112000 	.word	0x50112000
2000058c:	50100000 	.word	0x50100000
20000590:	100068c0 	.word	0x100068c0

20000594 <prepare_ep_buffer>:
20000594:	b5f8      	push	{r3, r4, r5, r6, r7, lr}
20000596:	4604      	mov	r4, r0
20000598:	460f      	mov	r7, r1
2000059a:	8a83      	ldrh	r3, [r0, #20]
2000059c:	8b06      	ldrh	r6, [r0, #24]
2000059e:	429e      	cmp	r6, r3
200005a0:	bf28      	it	cs
200005a2:	461e      	movcs	r6, r3
200005a4:	1b9b      	subs	r3, r3, r6
200005a6:	8283      	strh	r3, [r0, #20]
200005a8:	f446 6280 	orr.w	r2, r6, #1024	@ 0x400
200005ac:	78c3      	ldrb	r3, [r0, #3]
200005ae:	b17b      	cbz	r3, 200005d0 <prepare_ep_buffer+0x3c>
200005b0:	f44f 5500 	mov.w	r5, #8192	@ 0x2000
200005b4:	4315      	orrs	r5, r2
200005b6:	f083 0301 	eor.w	r3, r3, #1
200005ba:	70e3      	strb	r3, [r4, #3]
200005bc:	7863      	ldrb	r3, [r4, #1]
200005be:	b14b      	cbz	r3, 200005d4 <prepare_ep_buffer+0x40>
200005c0:	8aa3      	ldrh	r3, [r4, #20]
200005c2:	b90b      	cbnz	r3, 200005c8 <prepare_ep_buffer+0x34>
200005c4:	f445 4580 	orr.w	r5, r5, #16384	@ 0x4000
200005c8:	b107      	cbz	r7, 200005cc <prepare_ep_buffer+0x38>
200005ca:	042d      	lsls	r5, r5, #16
200005cc:	4628      	mov	r0, r5
200005ce:	bdf8      	pop	{r3, r4, r5, r6, r7, pc}
200005d0:	2500      	movs	r5, #0
200005d2:	e7ef      	b.n	200005b4 <prepare_ep_buffer+0x20>
200005d4:	68e0      	ldr	r0, [r4, #12]
200005d6:	4632      	mov	r2, r6
200005d8:	6921      	ldr	r1, [r4, #16]
200005da:	eb00 1087 	add.w	r0, r0, r7, lsl #6
200005de:	f000 fbfb 	bl	20000dd8 <__unaligned_memcpy_veneer>
200005e2:	6923      	ldr	r3, [r4, #16]
200005e4:	4433      	add	r3, r6
200005e6:	6123      	str	r3, [r4, #16]
200005e8:	f445 4500 	orr.w	r5, r5, #32768	@ 0x8000
200005ec:	e7e8      	b.n	200005c0 <prepare_ep_buffer+0x2c>
	...

200005f0 <e15_is_bulkin_ep>:
200005f0:	4b09      	ldr	r3, [pc, #36]	@ (20000618 <e15_is_bulkin_ep+0x28>)
200005f2:	6c1b      	ldr	r3, [r3, #64]	@ 0x40
200005f4:	f013 0f02 	tst.w	r3, #2
200005f8:	d10b      	bne.n	20000612 <e15_is_bulkin_ep+0x22>
200005fa:	7883      	ldrb	r3, [r0, #2]
200005fc:	09db      	lsrs	r3, r3, #7
200005fe:	d101      	bne.n	20000604 <e15_is_bulkin_ep+0x14>
20000600:	2000      	movs	r0, #0
20000602:	4770      	bx	lr
20000604:	7ec3      	ldrb	r3, [r0, #27]
20000606:	2b02      	cmp	r3, #2
20000608:	d001      	beq.n	2000060e <e15_is_bulkin_ep+0x1e>
2000060a:	2000      	movs	r0, #0
2000060c:	4770      	bx	lr
2000060e:	2001      	movs	r0, #1
20000610:	4770      	bx	lr
20000612:	2000      	movs	r0, #0
20000614:	4770      	bx	lr
20000616:	bf00      	nop
20000618:	50110000 	.word	0x50110000

2000061c <e15_is_critical_frame_period>:
2000061c:	b508      	push	{r3, lr}
2000061e:	f7ff ffe7 	bl	200005f0 <e15_is_bulkin_ep>
20000622:	b140      	cbz	r0, 20000636 <e15_is_critical_frame_period+0x1a>
20000624:	4b05      	ldr	r3, [pc, #20]	@ (2000063c <e15_is_critical_frame_period+0x20>)
20000626:	6a9b      	ldr	r3, [r3, #40]	@ 0x28
20000628:	4a05      	ldr	r2, [pc, #20]	@ (20000640 <e15_is_critical_frame_period+0x24>)
2000062a:	6812      	ldr	r2, [r2, #0]
2000062c:	1a9b      	subs	r3, r3, r2
2000062e:	f5a3 7348 	sub.w	r3, r3, #800	@ 0x320
20000632:	2bc6      	cmp	r3, #198	@ 0xc6
20000634:	d800      	bhi.n	20000638 <e15_is_critical_frame_period+0x1c>
20000636:	bd08      	pop	{r3, pc}
20000638:	2000      	movs	r0, #0
2000063a:	e7fc      	b.n	20000636 <e15_is_critical_frame_period+0x1a>
2000063c:	400b0000 	.word	0x400b0000
20000640:	20001664 	.word	0x20001664

20000644 <sync_ep_buffer>:
20000644:	b538      	push	{r3, r4, r5, lr}
20000646:	4604      	mov	r4, r0
20000648:	6883      	ldr	r3, [r0, #8]
2000064a:	681b      	ldr	r3, [r3, #0]
2000064c:	4608      	mov	r0, r1
2000064e:	b101      	cbz	r1, 20000652 <sync_ep_buffer+0xe>
20000650:	0c1b      	lsrs	r3, r3, #16
20000652:	f3c3 0509 	ubfx	r5, r3, #0, #10
20000656:	7862      	ldrb	r2, [r4, #1]
20000658:	b992      	cbnz	r2, 20000680 <sync_ep_buffer+0x3c>
2000065a:	f413 4f00 	tst.w	r3, #32768	@ 0x8000
2000065e:	d109      	bne.n	20000674 <sync_ep_buffer+0x30>
20000660:	8ae3      	ldrh	r3, [r4, #22]
20000662:	442b      	add	r3, r5
20000664:	82e3      	strh	r3, [r4, #22]
20000666:	8b23      	ldrh	r3, [r4, #24]
20000668:	42ab      	cmp	r3, r5
2000066a:	d901      	bls.n	20000670 <sync_ep_buffer+0x2c>
2000066c:	2300      	movs	r3, #0
2000066e:	82a3      	strh	r3, [r4, #20]
20000670:	4628      	mov	r0, r5
20000672:	bd38      	pop	{r3, r4, r5, pc}
20000674:	4b0e      	ldr	r3, [pc, #56]	@ (200006b0 <sync_ep_buffer+0x6c>)
20000676:	4a0f      	ldr	r2, [pc, #60]	@ (200006b4 <sync_ep_buffer+0x70>)
20000678:	21e8      	movs	r1, #232	@ 0xe8
2000067a:	480f      	ldr	r0, [pc, #60]	@ (200006b8 <sync_ep_buffer+0x74>)
2000067c:	f000 fbc4 	bl	20000e08 <____assert_func_veneer>
20000680:	f413 4f00 	tst.w	r3, #32768	@ 0x8000
20000684:	d00d      	beq.n	200006a2 <sync_ep_buffer+0x5e>
20000686:	68e1      	ldr	r1, [r4, #12]
20000688:	462a      	mov	r2, r5
2000068a:	eb01 1180 	add.w	r1, r1, r0, lsl #6
2000068e:	6920      	ldr	r0, [r4, #16]
20000690:	f000 fba2 	bl	20000dd8 <__unaligned_memcpy_veneer>
20000694:	8ae3      	ldrh	r3, [r4, #22]
20000696:	442b      	add	r3, r5
20000698:	82e3      	strh	r3, [r4, #22]
2000069a:	6923      	ldr	r3, [r4, #16]
2000069c:	442b      	add	r3, r5
2000069e:	6123      	str	r3, [r4, #16]
200006a0:	e7e1      	b.n	20000666 <sync_ep_buffer+0x22>
200006a2:	4b06      	ldr	r3, [pc, #24]	@ (200006bc <sync_ep_buffer+0x78>)
200006a4:	4a03      	ldr	r2, [pc, #12]	@ (200006b4 <sync_ep_buffer+0x70>)
200006a6:	21ee      	movs	r1, #238	@ 0xee
200006a8:	4803      	ldr	r0, [pc, #12]	@ (200006b8 <sync_ep_buffer+0x74>)
200006aa:	f000 fbad 	bl	20000e08 <____assert_func_veneer>
200006ae:	bf00      	nop
200006b0:	100068e0 	.word	0x100068e0
200006b4:	10006dc8 	.word	0x10006dc8
200006b8:	10006900 	.word	0x10006900
200006bc:	10006964 	.word	0x10006964

200006c0 <_hw_endpoint_xfer_sync>:
200006c0:	b510      	push	{r4, lr}
200006c2:	4604      	mov	r4, r0
200006c4:	6883      	ldr	r3, [r0, #8]
200006c6:	681b      	ldr	r3, [r3, #0]
200006c8:	2100      	movs	r1, #0
200006ca:	f7ff ffbb 	bl	20000644 <sync_ep_buffer>
200006ce:	6863      	ldr	r3, [r4, #4]
200006d0:	681b      	ldr	r3, [r3, #0]
200006d2:	f013 4f80 	tst.w	r3, #1073741824	@ 0x40000000
200006d6:	d002      	beq.n	200006de <_hw_endpoint_xfer_sync+0x1e>
200006d8:	8b23      	ldrh	r3, [r4, #24]
200006da:	4283      	cmp	r3, r0
200006dc:	d000      	beq.n	200006e0 <_hw_endpoint_xfer_sync+0x20>
200006de:	bd10      	pop	{r4, pc}
200006e0:	2101      	movs	r1, #1
200006e2:	4620      	mov	r0, r4
200006e4:	f7ff ffae 	bl	20000644 <sync_ep_buffer>
200006e8:	e7f9      	b.n	200006de <_hw_endpoint_xfer_sync+0x1e>

200006ea <hw_endpoint_reset_transfer>:
200006ea:	2300      	movs	r3, #0
200006ec:	7683      	strb	r3, [r0, #26]
200006ee:	8283      	strh	r3, [r0, #20]
200006f0:	82c3      	strh	r3, [r0, #22]
200006f2:	6103      	str	r3, [r0, #16]
200006f4:	4770      	bx	lr
	...

200006f8 <_hw_endpoint_buffer_control_update32>:
200006f8:	b508      	push	{r3, lr}
200006fa:	460b      	mov	r3, r1
200006fc:	b111      	cbz	r1, 20000704 <_hw_endpoint_buffer_control_update32+0xc>
200006fe:	6881      	ldr	r1, [r0, #8]
20000700:	6809      	ldr	r1, [r1, #0]
20000702:	400b      	ands	r3, r1
20000704:	b19a      	cbz	r2, 2000072e <_hw_endpoint_buffer_control_update32+0x36>
20000706:	4313      	orrs	r3, r2
20000708:	f412 6f80 	tst.w	r2, #1024	@ 0x400
2000070c:	d00f      	beq.n	2000072e <_hw_endpoint_buffer_control_update32+0x36>
2000070e:	6882      	ldr	r2, [r0, #8]
20000710:	6811      	ldr	r1, [r2, #0]
20000712:	f411 6f80 	tst.w	r1, #1024	@ 0x400
20000716:	d10d      	bne.n	20000734 <_hw_endpoint_buffer_control_update32+0x3c>
20000718:	f423 6180 	bic.w	r1, r3, #1024	@ 0x400
2000071c:	6011      	str	r1, [r2, #0]
2000071e:	4a07      	ldr	r2, [pc, #28]	@ (2000073c <_hw_endpoint_buffer_control_update32+0x44>)
20000720:	6c12      	ldr	r2, [r2, #64]	@ 0x40
20000722:	f012 0f02 	tst.w	r2, #2
20000726:	d102      	bne.n	2000072e <_hw_endpoint_buffer_control_update32+0x36>
20000728:	220c      	movs	r2, #12
2000072a:	3a03      	subs	r2, #3
2000072c:	d2fd      	bcs.n	2000072a <_hw_endpoint_buffer_control_update32+0x32>
2000072e:	6882      	ldr	r2, [r0, #8]
20000730:	6013      	str	r3, [r2, #0]
20000732:	bd08      	pop	{r3, pc}
20000734:	7881      	ldrb	r1, [r0, #2]
20000736:	4802      	ldr	r0, [pc, #8]	@ (20000740 <_hw_endpoint_buffer_control_update32+0x48>)
20000738:	f000 fb5a 	bl	20000df0 <__panic_veneer>
2000073c:	50110000 	.word	0x50110000
20000740:	10006984 	.word	0x10006984

20000744 <hw_endpoint_start_next_buffer>:
20000744:	b570      	push	{r4, r5, r6, lr}
20000746:	4604      	mov	r4, r0
20000748:	6843      	ldr	r3, [r0, #4]
2000074a:	681d      	ldr	r5, [r3, #0]
2000074c:	2100      	movs	r1, #0
2000074e:	f7ff ff21 	bl	20000594 <prepare_ep_buffer>
20000752:	f440 5680 	orr.w	r6, r0, #4096	@ 0x1000
20000756:	4b16      	ldr	r3, [pc, #88]	@ (200007b0 <hw_endpoint_start_next_buffer+0x6c>)
20000758:	6c1b      	ldr	r3, [r3, #64]	@ 0x40
2000075a:	f013 0f02 	tst.w	r3, #2
2000075e:	d013      	beq.n	20000788 <hw_endpoint_start_next_buffer+0x44>
20000760:	78a3      	ldrb	r3, [r4, #2]
20000762:	f013 0f7f 	tst.w	r3, #127	@ 0x7f
20000766:	d114      	bne.n	20000792 <hw_endpoint_start_next_buffer+0x4e>
20000768:	2300      	movs	r3, #0
2000076a:	8aa2      	ldrh	r2, [r4, #20]
2000076c:	b102      	cbz	r2, 20000770 <hw_endpoint_start_next_buffer+0x2c>
2000076e:	b1a3      	cbz	r3, 2000079a <hw_endpoint_start_next_buffer+0x56>
20000770:	f025 45a0 	bic.w	r5, r5, #1342177280	@ 0x50000000
20000774:	f045 5500 	orr.w	r5, r5, #536870912	@ 0x20000000
20000778:	6863      	ldr	r3, [r4, #4]
2000077a:	601d      	str	r5, [r3, #0]
2000077c:	4632      	mov	r2, r6
2000077e:	2100      	movs	r1, #0
20000780:	4620      	mov	r0, r4
20000782:	f7ff ffb9 	bl	200006f8 <_hw_endpoint_buffer_control_update32>
20000786:	bd70      	pop	{r4, r5, r6, pc}
20000788:	78a3      	ldrb	r3, [r4, #2]
2000078a:	09db      	lsrs	r3, r3, #7
2000078c:	d103      	bne.n	20000796 <hw_endpoint_start_next_buffer+0x52>
2000078e:	2301      	movs	r3, #1
20000790:	e7eb      	b.n	2000076a <hw_endpoint_start_next_buffer+0x26>
20000792:	2301      	movs	r3, #1
20000794:	e7e9      	b.n	2000076a <hw_endpoint_start_next_buffer+0x26>
20000796:	2300      	movs	r3, #0
20000798:	e7e7      	b.n	2000076a <hw_endpoint_start_next_buffer+0x26>
2000079a:	2101      	movs	r1, #1
2000079c:	4620      	mov	r0, r4
2000079e:	f7ff fef9 	bl	20000594 <prepare_ep_buffer>
200007a2:	4306      	orrs	r6, r0
200007a4:	f025 5500 	bic.w	r5, r5, #536870912	@ 0x20000000
200007a8:	f045 45a0 	orr.w	r5, r5, #1342177280	@ 0x50000000
200007ac:	e7e4      	b.n	20000778 <hw_endpoint_start_next_buffer+0x34>
200007ae:	bf00      	nop
200007b0:	50110000 	.word	0x50110000

200007b4 <hw_endpoint_xfer_continue>:
200007b4:	b538      	push	{r3, r4, r5, lr}
200007b6:	4604      	mov	r4, r0
200007b8:	7e85      	ldrb	r5, [r0, #26]
200007ba:	b12d      	cbz	r5, 200007c8 <hw_endpoint_xfer_continue+0x14>
200007bc:	f7ff ff80 	bl	200006c0 <_hw_endpoint_xfer_sync>
200007c0:	8aa3      	ldrh	r3, [r4, #20]
200007c2:	b92b      	cbnz	r3, 200007d0 <hw_endpoint_xfer_continue+0x1c>
200007c4:	4628      	mov	r0, r5
200007c6:	bd38      	pop	{r3, r4, r5, pc}
200007c8:	7881      	ldrb	r1, [r0, #2]
200007ca:	4808      	ldr	r0, [pc, #32]	@ (200007ec <hw_endpoint_xfer_continue+0x38>)
200007cc:	f000 fb10 	bl	20000df0 <__panic_veneer>
200007d0:	4620      	mov	r0, r4
200007d2:	f7ff ff23 	bl	2000061c <e15_is_critical_frame_period>
200007d6:	4605      	mov	r5, r0
200007d8:	b118      	cbz	r0, 200007e2 <hw_endpoint_xfer_continue+0x2e>
200007da:	2301      	movs	r3, #1
200007dc:	7723      	strb	r3, [r4, #28]
200007de:	2500      	movs	r5, #0
200007e0:	e7f0      	b.n	200007c4 <hw_endpoint_xfer_continue+0x10>
200007e2:	4620      	mov	r0, r4
200007e4:	f7ff ffae 	bl	20000744 <hw_endpoint_start_next_buffer>
200007e8:	e7ec      	b.n	200007c4 <hw_endpoint_xfer_continue+0x10>
200007ea:	bf00      	nop
200007ec:	100069a4 	.word	0x100069a4

200007f0 <dcd_event_handler>:
200007f0:	b5f0      	push	{r4, r5, r6, r7, lr}
200007f2:	b085      	sub	sp, #20
200007f4:	4605      	mov	r5, r0
200007f6:	460e      	mov	r6, r1
200007f8:	7843      	ldrb	r3, [r0, #1]
200007fa:	3b02      	subs	r3, #2
200007fc:	2b04      	cmp	r3, #4
200007fe:	d815      	bhi.n	2000082c <dcd_event_handler+0x3c>
20000800:	e8df f013 	tbh	[pc, r3, lsl #1]
20000804:	006a0005 	.word	0x006a0005
20000808:	0046003b 	.word	0x0046003b
2000080c:	00fd      	.short	0x00fd
2000080e:	4b87      	ldr	r3, [pc, #540]	@ (20000a2c <dcd_event_handler+0x23c>)
20000810:	781a      	ldrb	r2, [r3, #0]
20000812:	f022 0201 	bic.w	r2, r2, #1
20000816:	701a      	strb	r2, [r3, #0]
20000818:	781a      	ldrb	r2, [r3, #0]
2000081a:	f022 0202 	bic.w	r2, r2, #2
2000081e:	701a      	strb	r2, [r3, #0]
20000820:	2100      	movs	r1, #0
20000822:	7059      	strb	r1, [r3, #1]
20000824:	781a      	ldrb	r2, [r3, #0]
20000826:	f361 0282 	bfi	r2, r1, #2, #1
2000082a:	701a      	strb	r2, [r3, #0]
2000082c:	4b80      	ldr	r3, [pc, #512]	@ (20000a30 <dcd_event_handler+0x240>)
2000082e:	681c      	ldr	r4, [r3, #0]
20000830:	6963      	ldr	r3, [r4, #20]
20000832:	f3ef 8210 	mrs	r2, PRIMASK
20000836:	b672      	cpsid	i
20000838:	e8d3 0fcf 	ldaexb	r0, [r3]
2000083c:	2101      	movs	r1, #1
2000083e:	2800      	cmp	r0, #0
20000840:	d1fa      	bne.n	20000838 <dcd_event_handler+0x48>
20000842:	e8c3 1f40 	strexb	r0, r1, [r3]
20000846:	2800      	cmp	r0, #0
20000848:	d1f6      	bne.n	20000838 <dcd_event_handler+0x48>
2000084a:	f3bf 8f5f 	dmb	sy
2000084e:	61a2      	str	r2, [r4, #24]
20000850:	4629      	mov	r1, r5
20000852:	4620      	mov	r0, r4
20000854:	f000 fadc 	bl	20000e10 <__tu_fifo_write_veneer>
20000858:	6961      	ldr	r1, [r4, #20]
2000085a:	69a3      	ldr	r3, [r4, #24]
2000085c:	2200      	movs	r2, #0
2000085e:	e8c1 2f8f 	stlb	r2, [r1]
20000862:	f383 8810 	msr	PRIMASK, r3
20000866:	2800      	cmp	r0, #0
20000868:	f000 80cf 	beq.w	20000a0a <dcd_event_handler+0x21a>
2000086c:	4632      	mov	r2, r6
2000086e:	7869      	ldrb	r1, [r5, #1]
20000870:	7828      	ldrb	r0, [r5, #0]
20000872:	f000 fac5 	bl	20000e00 <__tud_event_hook_cb_veneer>
20000876:	b005      	add	sp, #20
20000878:	bdf0      	pop	{r4, r5, r6, r7, pc}
2000087a:	4b6c      	ldr	r3, [pc, #432]	@ (20000a2c <dcd_event_handler+0x23c>)
2000087c:	781b      	ldrb	r3, [r3, #0]
2000087e:	f013 0f01 	tst.w	r3, #1
20000882:	d0f8      	beq.n	20000876 <dcd_event_handler+0x86>
20000884:	4a69      	ldr	r2, [pc, #420]	@ (20000a2c <dcd_event_handler+0x23c>)
20000886:	7813      	ldrb	r3, [r2, #0]
20000888:	f043 0304 	orr.w	r3, r3, #4
2000088c:	7013      	strb	r3, [r2, #0]
2000088e:	e7cd      	b.n	2000082c <dcd_event_handler+0x3c>
20000890:	4b66      	ldr	r3, [pc, #408]	@ (20000a2c <dcd_event_handler+0x23c>)
20000892:	781b      	ldrb	r3, [r3, #0]
20000894:	f013 0f01 	tst.w	r3, #1
20000898:	d0ed      	beq.n	20000876 <dcd_event_handler+0x86>
2000089a:	4a64      	ldr	r2, [pc, #400]	@ (20000a2c <dcd_event_handler+0x23c>)
2000089c:	7813      	ldrb	r3, [r2, #0]
2000089e:	f023 0304 	bic.w	r3, r3, #4
200008a2:	7013      	strb	r3, [r2, #0]
200008a4:	e7c2      	b.n	2000082c <dcd_event_handler+0x3c>
200008a6:	1ad2      	subs	r2, r2, r3
200008a8:	4b62      	ldr	r3, [pc, #392]	@ (20000a34 <dcd_event_handler+0x244>)
200008aa:	eb03 1342 	add.w	r3, r3, r2, lsl #5
200008ae:	69db      	ldr	r3, [r3, #28]
200008b0:	b113      	cbz	r3, 200008b8 <dcd_event_handler+0xc8>
200008b2:	6869      	ldr	r1, [r5, #4]
200008b4:	7828      	ldrb	r0, [r5, #0]
200008b6:	4798      	blx	r3
200008b8:	3401      	adds	r4, #1
200008ba:	b2e4      	uxtb	r4, r4
200008bc:	4b5e      	ldr	r3, [pc, #376]	@ (20000a38 <dcd_event_handler+0x248>)
200008be:	781b      	ldrb	r3, [r3, #0]
200008c0:	4622      	mov	r2, r4
200008c2:	1c59      	adds	r1, r3, #1
200008c4:	42a1      	cmp	r1, r4
200008c6:	db09      	blt.n	200008dc <dcd_event_handler+0xec>
200008c8:	42a3      	cmp	r3, r4
200008ca:	d9ec      	bls.n	200008a6 <dcd_event_handler+0xb6>
200008cc:	4b5b      	ldr	r3, [pc, #364]	@ (20000a3c <dcd_event_handler+0x24c>)
200008ce:	681b      	ldr	r3, [r3, #0]
200008d0:	eb13 1344 	adds.w	r3, r3, r4, lsl #5
200008d4:	d1eb      	bne.n	200008ae <dcd_event_handler+0xbe>
200008d6:	e7ef      	b.n	200008b8 <dcd_event_handler+0xc8>
200008d8:	2400      	movs	r4, #0
200008da:	e7ef      	b.n	200008bc <dcd_event_handler+0xcc>
200008dc:	4b53      	ldr	r3, [pc, #332]	@ (20000a2c <dcd_event_handler+0x23c>)
200008de:	781b      	ldrb	r3, [r3, #0]
200008e0:	f013 0f04 	tst.w	r3, #4
200008e4:	d136      	bne.n	20000954 <dcd_event_handler+0x164>
200008e6:	4b51      	ldr	r3, [pc, #324]	@ (20000a2c <dcd_event_handler+0x23c>)
200008e8:	78db      	ldrb	r3, [r3, #3]
200008ea:	f013 0f01 	tst.w	r3, #1
200008ee:	d0c2      	beq.n	20000876 <dcd_event_handler+0x86>
200008f0:	a901      	add	r1, sp, #4
200008f2:	2700      	movs	r7, #0
200008f4:	9701      	str	r7, [sp, #4]
200008f6:	604f      	str	r7, [r1, #4]
200008f8:	608f      	str	r7, [r1, #8]
200008fa:	782b      	ldrb	r3, [r5, #0]
200008fc:	f88d 3004 	strb.w	r3, [sp, #4]
20000900:	2303      	movs	r3, #3
20000902:	f88d 3005 	strb.w	r3, [sp, #5]
20000906:	686b      	ldr	r3, [r5, #4]
20000908:	9302      	str	r3, [sp, #8]
2000090a:	4b49      	ldr	r3, [pc, #292]	@ (20000a30 <dcd_event_handler+0x240>)
2000090c:	681c      	ldr	r4, [r3, #0]
2000090e:	6963      	ldr	r3, [r4, #20]
20000910:	f3ef 8210 	mrs	r2, PRIMASK
20000914:	b672      	cpsid	i
20000916:	e8d3 5fcf 	ldaexb	r5, [r3]
2000091a:	2001      	movs	r0, #1
2000091c:	2d00      	cmp	r5, #0
2000091e:	d1fa      	bne.n	20000916 <dcd_event_handler+0x126>
20000920:	e8c3 0f45 	strexb	r5, r0, [r3]
20000924:	2d00      	cmp	r5, #0
20000926:	d1f6      	bne.n	20000916 <dcd_event_handler+0x126>
20000928:	f3bf 8f5f 	dmb	sy
2000092c:	61a2      	str	r2, [r4, #24]
2000092e:	4620      	mov	r0, r4
20000930:	f000 fa6e 	bl	20000e10 <__tu_fifo_write_veneer>
20000934:	6962      	ldr	r2, [r4, #20]
20000936:	69a3      	ldr	r3, [r4, #24]
20000938:	e8c2 7f8f 	stlb	r7, [r2]
2000093c:	f383 8810 	msr	PRIMASK, r3
20000940:	2800      	cmp	r0, #0
20000942:	d04c      	beq.n	200009de <dcd_event_handler+0x1ee>
20000944:	4632      	mov	r2, r6
20000946:	f89d 1005 	ldrb.w	r1, [sp, #5]
2000094a:	f89d 0004 	ldrb.w	r0, [sp, #4]
2000094e:	f000 fa57 	bl	20000e00 <__tud_event_hook_cb_veneer>
20000952:	e790      	b.n	20000876 <dcd_event_handler+0x86>
20000954:	4a35      	ldr	r2, [pc, #212]	@ (20000a2c <dcd_event_handler+0x23c>)
20000956:	7813      	ldrb	r3, [r2, #0]
20000958:	f023 0304 	bic.w	r3, r3, #4
2000095c:	7013      	strb	r3, [r2, #0]
2000095e:	a901      	add	r1, sp, #4
20000960:	2700      	movs	r7, #0
20000962:	9701      	str	r7, [sp, #4]
20000964:	604f      	str	r7, [r1, #4]
20000966:	608f      	str	r7, [r1, #8]
20000968:	782b      	ldrb	r3, [r5, #0]
2000096a:	f88d 3004 	strb.w	r3, [sp, #4]
2000096e:	2305      	movs	r3, #5
20000970:	f88d 3005 	strb.w	r3, [sp, #5]
20000974:	4b2e      	ldr	r3, [pc, #184]	@ (20000a30 <dcd_event_handler+0x240>)
20000976:	681c      	ldr	r4, [r3, #0]
20000978:	6963      	ldr	r3, [r4, #20]
2000097a:	f3ef 8210 	mrs	r2, PRIMASK
2000097e:	b672      	cpsid	i
20000980:	e8d3 cfcf 	ldaexb	ip, [r3]
20000984:	2001      	movs	r0, #1
20000986:	f1bc 0f00 	cmp.w	ip, #0
2000098a:	d1f9      	bne.n	20000980 <dcd_event_handler+0x190>
2000098c:	e8c3 0f4c 	strexb	ip, r0, [r3]
20000990:	f1bc 0f00 	cmp.w	ip, #0
20000994:	d1f4      	bne.n	20000980 <dcd_event_handler+0x190>
20000996:	f3bf 8f5f 	dmb	sy
2000099a:	61a2      	str	r2, [r4, #24]
2000099c:	4620      	mov	r0, r4
2000099e:	f000 fa37 	bl	20000e10 <__tu_fifo_write_veneer>
200009a2:	6962      	ldr	r2, [r4, #20]
200009a4:	69a3      	ldr	r3, [r4, #24]
200009a6:	e8c2 7f8f 	stlb	r7, [r2]
200009aa:	f383 8810 	msr	PRIMASK, r3
200009ae:	b138      	cbz	r0, 200009c0 <dcd_event_handler+0x1d0>
200009b0:	4632      	mov	r2, r6
200009b2:	f89d 1005 	ldrb.w	r1, [sp, #5]
200009b6:	f89d 0004 	ldrb.w	r0, [sp, #4]
200009ba:	f000 fa21 	bl	20000e00 <__tud_event_hook_cb_veneer>
200009be:	e792      	b.n	200008e6 <dcd_event_handler+0xf6>
200009c0:	f240 1265 	movw	r2, #357	@ 0x165
200009c4:	491e      	ldr	r1, [pc, #120]	@ (20000a40 <dcd_event_handler+0x250>)
200009c6:	481f      	ldr	r0, [pc, #124]	@ (20000a44 <dcd_event_handler+0x254>)
200009c8:	f000 fa0a 	bl	20000de0 <____wrap_printf_veneer>
200009cc:	f04f 23e0 	mov.w	r3, #3758153728	@ 0xe000e000
200009d0:	f8d3 3df0 	ldr.w	r3, [r3, #3568]	@ 0xdf0
200009d4:	f013 0f01 	tst.w	r3, #1
200009d8:	d085      	beq.n	200008e6 <dcd_event_handler+0xf6>
200009da:	be00      	bkpt	0x0000
200009dc:	e783      	b.n	200008e6 <dcd_event_handler+0xf6>
200009de:	f240 1265 	movw	r2, #357	@ 0x165
200009e2:	4917      	ldr	r1, [pc, #92]	@ (20000a40 <dcd_event_handler+0x250>)
200009e4:	4817      	ldr	r0, [pc, #92]	@ (20000a44 <dcd_event_handler+0x254>)
200009e6:	f000 f9fb 	bl	20000de0 <____wrap_printf_veneer>
200009ea:	f04f 23e0 	mov.w	r3, #3758153728	@ 0xe000e000
200009ee:	f8d3 3df0 	ldr.w	r3, [r3, #3568]	@ 0xdf0
200009f2:	f013 0f01 	tst.w	r3, #1
200009f6:	f43f af3e 	beq.w	20000876 <dcd_event_handler+0x86>
200009fa:	be00      	bkpt	0x0000
200009fc:	e73b      	b.n	20000876 <dcd_event_handler+0x86>
200009fe:	4a12      	ldr	r2, [pc, #72]	@ (20000a48 <dcd_event_handler+0x258>)
20000a00:	7813      	ldrb	r3, [r2, #0]
20000a02:	3301      	adds	r3, #1
20000a04:	b2db      	uxtb	r3, r3
20000a06:	7013      	strb	r3, [r2, #0]
20000a08:	e710      	b.n	2000082c <dcd_event_handler+0x3c>
20000a0a:	f240 1265 	movw	r2, #357	@ 0x165
20000a0e:	490c      	ldr	r1, [pc, #48]	@ (20000a40 <dcd_event_handler+0x250>)
20000a10:	480c      	ldr	r0, [pc, #48]	@ (20000a44 <dcd_event_handler+0x254>)
20000a12:	f000 f9e5 	bl	20000de0 <____wrap_printf_veneer>
20000a16:	f04f 23e0 	mov.w	r3, #3758153728	@ 0xe000e000
20000a1a:	f8d3 3df0 	ldr.w	r3, [r3, #3568]	@ 0xdf0
20000a1e:	f013 0f01 	tst.w	r3, #1
20000a22:	f43f af28 	beq.w	20000876 <dcd_event_handler+0x86>
20000a26:	be00      	bkpt	0x0000
20000a28:	e725      	b.n	20000876 <dcd_event_handler+0x86>
20000a2a:	bf00      	nop
20000a2c:	20001218 	.word	0x20001218
20000a30:	20001270 	.word	0x20001270
20000a34:	10006e90 	.word	0x10006e90
20000a38:	20001ad9 	.word	0x20001ad9
20000a3c:	20001048 	.word	0x20001048
20000a40:	10006e0c 	.word	0x10006e0c
20000a44:	10006a04 	.word	0x10006a04
20000a48:	20001adb 	.word	0x20001adb

20000a4c <__aeabi_uldivmod>:
20000a4c:	b953      	cbnz	r3, 20000a64 <__aeabi_uldivmod+0x18>
20000a4e:	b94a      	cbnz	r2, 20000a64 <__aeabi_uldivmod+0x18>
20000a50:	2900      	cmp	r1, #0
20000a52:	bf08      	it	eq
20000a54:	2800      	cmpeq	r0, #0
20000a56:	bf1c      	itt	ne
20000a58:	f04f 31ff 	movne.w	r1, #4294967295	@ 0xffffffff
20000a5c:	f04f 30ff 	movne.w	r0, #4294967295	@ 0xffffffff
20000a60:	f000 b9b2 	b.w	20000dc8 <__aeabi_idiv0>
20000a64:	f1ad 0c08 	sub.w	ip, sp, #8
20000a68:	e96d ce04 	strd	ip, lr, [sp, #-16]!
20000a6c:	f000 f806 	bl	20000a7c <__udivmoddi4>
20000a70:	f8dd e004 	ldr.w	lr, [sp, #4]
20000a74:	e9dd 2302 	ldrd	r2, r3, [sp, #8]
20000a78:	b004      	add	sp, #16
20000a7a:	4770      	bx	lr

20000a7c <__udivmoddi4>:
20000a7c:	e92d 4ff0 	stmdb	sp!, {r4, r5, r6, r7, r8, r9, sl, fp, lr}
20000a80:	468c      	mov	ip, r1
20000a82:	9e09      	ldr	r6, [sp, #36]	@ 0x24
20000a84:	4604      	mov	r4, r0
20000a86:	460f      	mov	r7, r1
20000a88:	2b00      	cmp	r3, #0
20000a8a:	d148      	bne.n	20000b1e <__udivmoddi4+0xa2>
20000a8c:	428a      	cmp	r2, r1
20000a8e:	4615      	mov	r5, r2
20000a90:	d95e      	bls.n	20000b50 <__udivmoddi4+0xd4>
20000a92:	fab2 f382 	clz	r3, r2
20000a96:	b13b      	cbz	r3, 20000aa8 <__udivmoddi4+0x2c>
20000a98:	f1c3 0220 	rsb	r2, r3, #32
20000a9c:	409f      	lsls	r7, r3
20000a9e:	409d      	lsls	r5, r3
20000aa0:	409c      	lsls	r4, r3
20000aa2:	fa20 f202 	lsr.w	r2, r0, r2
20000aa6:	4317      	orrs	r7, r2
20000aa8:	ea4f 4e15 	mov.w	lr, r5, lsr #16
20000aac:	fa1f fc85 	uxth.w	ip, r5
20000ab0:	0c22      	lsrs	r2, r4, #16
20000ab2:	fbb7 f1fe 	udiv	r1, r7, lr
20000ab6:	fb0e 7711 	mls	r7, lr, r1, r7
20000aba:	fb01 f00c 	mul.w	r0, r1, ip
20000abe:	ea42 4207 	orr.w	r2, r2, r7, lsl #16
20000ac2:	4290      	cmp	r0, r2
20000ac4:	d907      	bls.n	20000ad6 <__udivmoddi4+0x5a>
20000ac6:	18aa      	adds	r2, r5, r2
20000ac8:	f101 37ff 	add.w	r7, r1, #4294967295	@ 0xffffffff
20000acc:	d202      	bcs.n	20000ad4 <__udivmoddi4+0x58>
20000ace:	4290      	cmp	r0, r2
20000ad0:	f200 8158 	bhi.w	20000d84 <__udivmoddi4+0x308>
20000ad4:	4639      	mov	r1, r7
20000ad6:	1a12      	subs	r2, r2, r0
20000ad8:	b2a4      	uxth	r4, r4
20000ada:	fbb2 f0fe 	udiv	r0, r2, lr
20000ade:	fb0e 2210 	mls	r2, lr, r0, r2
20000ae2:	fb00 fc0c 	mul.w	ip, r0, ip
20000ae6:	ea44 4402 	orr.w	r4, r4, r2, lsl #16
20000aea:	45a4      	cmp	ip, r4
20000aec:	d90b      	bls.n	20000b06 <__udivmoddi4+0x8a>
20000aee:	192c      	adds	r4, r5, r4
20000af0:	f100 32ff 	add.w	r2, r0, #4294967295	@ 0xffffffff
20000af4:	bf2c      	ite	cs
20000af6:	2701      	movcs	r7, #1
20000af8:	2700      	movcc	r7, #0
20000afa:	45a4      	cmp	ip, r4
20000afc:	d902      	bls.n	20000b04 <__udivmoddi4+0x88>
20000afe:	2f00      	cmp	r7, #0
20000b00:	f000 8143 	beq.w	20000d8a <__udivmoddi4+0x30e>
20000b04:	4610      	mov	r0, r2
20000b06:	ea40 4001 	orr.w	r0, r0, r1, lsl #16
20000b0a:	eba4 040c 	sub.w	r4, r4, ip
20000b0e:	2100      	movs	r1, #0
20000b10:	b11e      	cbz	r6, 20000b1a <__udivmoddi4+0x9e>
20000b12:	40dc      	lsrs	r4, r3
20000b14:	2300      	movs	r3, #0
20000b16:	e9c6 4300 	strd	r4, r3, [r6]
20000b1a:	e8bd 8ff0 	ldmia.w	sp!, {r4, r5, r6, r7, r8, r9, sl, fp, pc}
20000b1e:	428b      	cmp	r3, r1
20000b20:	d906      	bls.n	20000b30 <__udivmoddi4+0xb4>
20000b22:	b10e      	cbz	r6, 20000b28 <__udivmoddi4+0xac>
20000b24:	e9c6 0100 	strd	r0, r1, [r6]
20000b28:	2100      	movs	r1, #0
20000b2a:	4608      	mov	r0, r1
20000b2c:	e8bd 8ff0 	ldmia.w	sp!, {r4, r5, r6, r7, r8, r9, sl, fp, pc}
20000b30:	fab3 f183 	clz	r1, r3
20000b34:	2900      	cmp	r1, #0
20000b36:	d151      	bne.n	20000bdc <__udivmoddi4+0x160>
20000b38:	4563      	cmp	r3, ip
20000b3a:	f0c0 8116 	bcc.w	20000d6a <__udivmoddi4+0x2ee>
20000b3e:	4282      	cmp	r2, r0
20000b40:	f240 8113 	bls.w	20000d6a <__udivmoddi4+0x2ee>
20000b44:	4608      	mov	r0, r1
20000b46:	2e00      	cmp	r6, #0
20000b48:	d0e7      	beq.n	20000b1a <__udivmoddi4+0x9e>
20000b4a:	e9c6 4700 	strd	r4, r7, [r6]
20000b4e:	e7e4      	b.n	20000b1a <__udivmoddi4+0x9e>
20000b50:	2a00      	cmp	r2, #0
20000b52:	f000 80af 	beq.w	20000cb4 <__udivmoddi4+0x238>
20000b56:	fab2 f382 	clz	r3, r2
20000b5a:	2b00      	cmp	r3, #0
20000b5c:	f040 80c2 	bne.w	20000ce4 <__udivmoddi4+0x268>
20000b60:	1a8a      	subs	r2, r1, r2
20000b62:	ea4f 4e15 	mov.w	lr, r5, lsr #16
20000b66:	b2af      	uxth	r7, r5
20000b68:	2101      	movs	r1, #1
20000b6a:	0c20      	lsrs	r0, r4, #16
20000b6c:	fbb2 fcfe 	udiv	ip, r2, lr
20000b70:	fb0e 221c 	mls	r2, lr, ip, r2
20000b74:	ea40 4202 	orr.w	r2, r0, r2, lsl #16
20000b78:	fb07 f00c 	mul.w	r0, r7, ip
20000b7c:	4290      	cmp	r0, r2
20000b7e:	d90e      	bls.n	20000b9e <__udivmoddi4+0x122>
20000b80:	18aa      	adds	r2, r5, r2
20000b82:	f10c 38ff 	add.w	r8, ip, #4294967295	@ 0xffffffff
20000b86:	bf2c      	ite	cs
20000b88:	f04f 0901 	movcs.w	r9, #1
20000b8c:	f04f 0900 	movcc.w	r9, #0
20000b90:	4290      	cmp	r0, r2
20000b92:	d903      	bls.n	20000b9c <__udivmoddi4+0x120>
20000b94:	f1b9 0f00 	cmp.w	r9, #0
20000b98:	f000 80f0 	beq.w	20000d7c <__udivmoddi4+0x300>
20000b9c:	46c4      	mov	ip, r8
20000b9e:	1a12      	subs	r2, r2, r0
20000ba0:	b2a4      	uxth	r4, r4
20000ba2:	fbb2 f0fe 	udiv	r0, r2, lr
20000ba6:	fb0e 2210 	mls	r2, lr, r0, r2
20000baa:	fb00 f707 	mul.w	r7, r0, r7
20000bae:	ea44 4402 	orr.w	r4, r4, r2, lsl #16
20000bb2:	42a7      	cmp	r7, r4
20000bb4:	d90e      	bls.n	20000bd4 <__udivmoddi4+0x158>
20000bb6:	192c      	adds	r4, r5, r4
20000bb8:	f100 32ff 	add.w	r2, r0, #4294967295	@ 0xffffffff
20000bbc:	bf2c      	ite	cs
20000bbe:	f04f 0e01 	movcs.w	lr, #1
20000bc2:	f04f 0e00 	movcc.w	lr, #0
20000bc6:	42a7      	cmp	r7, r4
20000bc8:	d903      	bls.n	20000bd2 <__udivmoddi4+0x156>
20000bca:	f1be 0f00 	cmp.w	lr, #0
20000bce:	f000 80d2 	beq.w	20000d76 <__udivmoddi4+0x2fa>
20000bd2:	4610      	mov	r0, r2
20000bd4:	1be4      	subs	r4, r4, r7
20000bd6:	ea40 400c 	orr.w	r0, r0, ip, lsl #16
20000bda:	e799      	b.n	20000b10 <__udivmoddi4+0x94>
20000bdc:	f1c1 0520 	rsb	r5, r1, #32
20000be0:	408b      	lsls	r3, r1
20000be2:	fa0c f401 	lsl.w	r4, ip, r1
20000be6:	fa00 f901 	lsl.w	r9, r0, r1
20000bea:	fa22 f705 	lsr.w	r7, r2, r5
20000bee:	fa2c fc05 	lsr.w	ip, ip, r5
20000bf2:	408a      	lsls	r2, r1
20000bf4:	431f      	orrs	r7, r3
20000bf6:	fa20 f305 	lsr.w	r3, r0, r5
20000bfa:	0c38      	lsrs	r0, r7, #16
20000bfc:	4323      	orrs	r3, r4
20000bfe:	fa1f fe87 	uxth.w	lr, r7
20000c02:	0c1c      	lsrs	r4, r3, #16
20000c04:	fbbc f8f0 	udiv	r8, ip, r0
20000c08:	fb00 cc18 	mls	ip, r0, r8, ip
20000c0c:	ea44 440c 	orr.w	r4, r4, ip, lsl #16
20000c10:	fb08 fc0e 	mul.w	ip, r8, lr
20000c14:	45a4      	cmp	ip, r4
20000c16:	d90e      	bls.n	20000c36 <__udivmoddi4+0x1ba>
20000c18:	193c      	adds	r4, r7, r4
20000c1a:	f108 3aff 	add.w	sl, r8, #4294967295	@ 0xffffffff
20000c1e:	bf2c      	ite	cs
20000c20:	f04f 0b01 	movcs.w	fp, #1
20000c24:	f04f 0b00 	movcc.w	fp, #0
20000c28:	45a4      	cmp	ip, r4
20000c2a:	d903      	bls.n	20000c34 <__udivmoddi4+0x1b8>
20000c2c:	f1bb 0f00 	cmp.w	fp, #0
20000c30:	f000 80b8 	beq.w	20000da4 <__udivmoddi4+0x328>
20000c34:	46d0      	mov	r8, sl
20000c36:	eba4 040c 	sub.w	r4, r4, ip
20000c3a:	fa1f fc83 	uxth.w	ip, r3
20000c3e:	fbb4 f3f0 	udiv	r3, r4, r0
20000c42:	fb00 4413 	mls	r4, r0, r3, r4
20000c46:	fb03 fe0e 	mul.w	lr, r3, lr
20000c4a:	ea4c 4404 	orr.w	r4, ip, r4, lsl #16
20000c4e:	45a6      	cmp	lr, r4
20000c50:	d90e      	bls.n	20000c70 <__udivmoddi4+0x1f4>
20000c52:	193c      	adds	r4, r7, r4
20000c54:	f103 30ff 	add.w	r0, r3, #4294967295	@ 0xffffffff
20000c58:	bf2c      	ite	cs
20000c5a:	f04f 0c01 	movcs.w	ip, #1
20000c5e:	f04f 0c00 	movcc.w	ip, #0
20000c62:	45a6      	cmp	lr, r4
20000c64:	d903      	bls.n	20000c6e <__udivmoddi4+0x1f2>
20000c66:	f1bc 0f00 	cmp.w	ip, #0
20000c6a:	f000 809f 	beq.w	20000dac <__udivmoddi4+0x330>
20000c6e:	4603      	mov	r3, r0
20000c70:	ea43 4008 	orr.w	r0, r3, r8, lsl #16
20000c74:	eba4 040e 	sub.w	r4, r4, lr
20000c78:	fba0 ec02 	umull	lr, ip, r0, r2
20000c7c:	4564      	cmp	r4, ip
20000c7e:	4673      	mov	r3, lr
20000c80:	46e0      	mov	r8, ip
20000c82:	d302      	bcc.n	20000c8a <__udivmoddi4+0x20e>
20000c84:	d107      	bne.n	20000c96 <__udivmoddi4+0x21a>
20000c86:	45f1      	cmp	r9, lr
20000c88:	d205      	bcs.n	20000c96 <__udivmoddi4+0x21a>
20000c8a:	ebbe 0302 	subs.w	r3, lr, r2
20000c8e:	eb6c 0c07 	sbc.w	ip, ip, r7
20000c92:	3801      	subs	r0, #1
20000c94:	46e0      	mov	r8, ip
20000c96:	b15e      	cbz	r6, 20000cb0 <__udivmoddi4+0x234>
20000c98:	ebb9 0203 	subs.w	r2, r9, r3
20000c9c:	eb64 0408 	sbc.w	r4, r4, r8
20000ca0:	fa04 f505 	lsl.w	r5, r4, r5
20000ca4:	fa22 f301 	lsr.w	r3, r2, r1
20000ca8:	40cc      	lsrs	r4, r1
20000caa:	431d      	orrs	r5, r3
20000cac:	e9c6 5400 	strd	r5, r4, [r6]
20000cb0:	2100      	movs	r1, #0
20000cb2:	e732      	b.n	20000b1a <__udivmoddi4+0x9e>
20000cb4:	0842      	lsrs	r2, r0, #1
20000cb6:	462f      	mov	r7, r5
20000cb8:	084b      	lsrs	r3, r1, #1
20000cba:	46ac      	mov	ip, r5
20000cbc:	ea42 72c1 	orr.w	r2, r2, r1, lsl #31
20000cc0:	46ae      	mov	lr, r5
20000cc2:	07c4      	lsls	r4, r0, #31
20000cc4:	0c11      	lsrs	r1, r2, #16
20000cc6:	b292      	uxth	r2, r2
20000cc8:	ea41 4103 	orr.w	r1, r1, r3, lsl #16
20000ccc:	ea42 4201 	orr.w	r2, r2, r1, lsl #16
20000cd0:	fbb1 f1f5 	udiv	r1, r1, r5
20000cd4:	fbb3 f0f5 	udiv	r0, r3, r5
20000cd8:	231f      	movs	r3, #31
20000cda:	eba2 020c 	sub.w	r2, r2, ip
20000cde:	ea41 4100 	orr.w	r1, r1, r0, lsl #16
20000ce2:	e742      	b.n	20000b6a <__udivmoddi4+0xee>
20000ce4:	409d      	lsls	r5, r3
20000ce6:	f1c3 0220 	rsb	r2, r3, #32
20000cea:	4099      	lsls	r1, r3
20000cec:	409c      	lsls	r4, r3
20000cee:	fa2c fc02 	lsr.w	ip, ip, r2
20000cf2:	ea4f 4e15 	mov.w	lr, r5, lsr #16
20000cf6:	fa20 f202 	lsr.w	r2, r0, r2
20000cfa:	b2af      	uxth	r7, r5
20000cfc:	fbbc f8fe 	udiv	r8, ip, lr
20000d00:	430a      	orrs	r2, r1
20000d02:	fb0e cc18 	mls	ip, lr, r8, ip
20000d06:	0c11      	lsrs	r1, r2, #16
20000d08:	ea41 410c 	orr.w	r1, r1, ip, lsl #16
20000d0c:	fb08 fc07 	mul.w	ip, r8, r7
20000d10:	458c      	cmp	ip, r1
20000d12:	d950      	bls.n	20000db6 <__udivmoddi4+0x33a>
20000d14:	1869      	adds	r1, r5, r1
20000d16:	f108 30ff 	add.w	r0, r8, #4294967295	@ 0xffffffff
20000d1a:	bf2c      	ite	cs
20000d1c:	f04f 0901 	movcs.w	r9, #1
20000d20:	f04f 0900 	movcc.w	r9, #0
20000d24:	458c      	cmp	ip, r1
20000d26:	d902      	bls.n	20000d2e <__udivmoddi4+0x2b2>
20000d28:	f1b9 0f00 	cmp.w	r9, #0
20000d2c:	d030      	beq.n	20000d90 <__udivmoddi4+0x314>
20000d2e:	eba1 010c 	sub.w	r1, r1, ip
20000d32:	fbb1 f8fe 	udiv	r8, r1, lr
20000d36:	fb08 fc07 	mul.w	ip, r8, r7
20000d3a:	fb0e 1118 	mls	r1, lr, r8, r1
20000d3e:	b292      	uxth	r2, r2
20000d40:	ea42 4201 	orr.w	r2, r2, r1, lsl #16
20000d44:	4562      	cmp	r2, ip
20000d46:	d234      	bcs.n	20000db2 <__udivmoddi4+0x336>
20000d48:	18aa      	adds	r2, r5, r2
20000d4a:	f108 31ff 	add.w	r1, r8, #4294967295	@ 0xffffffff
20000d4e:	bf2c      	ite	cs
20000d50:	f04f 0901 	movcs.w	r9, #1
20000d54:	f04f 0900 	movcc.w	r9, #0
20000d58:	4562      	cmp	r2, ip
20000d5a:	d2be      	bcs.n	20000cda <__udivmoddi4+0x25e>
20000d5c:	f1b9 0f00 	cmp.w	r9, #0
20000d60:	d1bb      	bne.n	20000cda <__udivmoddi4+0x25e>
20000d62:	f1a8 0102 	sub.w	r1, r8, #2
20000d66:	442a      	add	r2, r5
20000d68:	e7b7      	b.n	20000cda <__udivmoddi4+0x25e>
20000d6a:	1a84      	subs	r4, r0, r2
20000d6c:	eb6c 0203 	sbc.w	r2, ip, r3
20000d70:	2001      	movs	r0, #1
20000d72:	4617      	mov	r7, r2
20000d74:	e6e7      	b.n	20000b46 <__udivmoddi4+0xca>
20000d76:	442c      	add	r4, r5
20000d78:	3802      	subs	r0, #2
20000d7a:	e72b      	b.n	20000bd4 <__udivmoddi4+0x158>
20000d7c:	f1ac 0c02 	sub.w	ip, ip, #2
20000d80:	442a      	add	r2, r5
20000d82:	e70c      	b.n	20000b9e <__udivmoddi4+0x122>
20000d84:	3902      	subs	r1, #2
20000d86:	442a      	add	r2, r5
20000d88:	e6a5      	b.n	20000ad6 <__udivmoddi4+0x5a>
20000d8a:	442c      	add	r4, r5
20000d8c:	3802      	subs	r0, #2
20000d8e:	e6ba      	b.n	20000b06 <__udivmoddi4+0x8a>
20000d90:	eba5 0c0c 	sub.w	ip, r5, ip
20000d94:	f1a8 0002 	sub.w	r0, r8, #2
20000d98:	4461      	add	r1, ip
20000d9a:	fbb1 f8fe 	udiv	r8, r1, lr
20000d9e:	fb08 fc07 	mul.w	ip, r8, r7
20000da2:	e7ca      	b.n	20000d3a <__udivmoddi4+0x2be>
20000da4:	f1a8 0802 	sub.w	r8, r8, #2
20000da8:	443c      	add	r4, r7
20000daa:	e744      	b.n	20000c36 <__udivmoddi4+0x1ba>
20000dac:	3b02      	subs	r3, #2
20000dae:	443c      	add	r4, r7
20000db0:	e75e      	b.n	20000c70 <__udivmoddi4+0x1f4>
20000db2:	4641      	mov	r1, r8
20000db4:	e791      	b.n	20000cda <__udivmoddi4+0x25e>
20000db6:	eba1 010c 	sub.w	r1, r1, ip
20000dba:	4640      	mov	r0, r8
20000dbc:	fbb1 f8fe 	udiv	r8, r1, lr
20000dc0:	fb08 fc07 	mul.w	ip, r8, r7
20000dc4:	e7b9      	b.n	20000d3a <__udivmoddi4+0x2be>
20000dc6:	bf00      	nop

20000dc8 <__aeabi_idiv0>:
20000dc8:	4770      	bx	lr
20000dca:	bf00      	nop
20000dcc:	0000      	movs	r0, r0
	...

20000dd0 <__best_effort_wfe_or_timeout_veneer>:
20000dd0:	f85f f000 	ldr.w	pc, [pc]	@ 20000dd4 <__best_effort_wfe_or_timeout_veneer+0x4>
20000dd4:	100010dd 	.word	0x100010dd

20000dd8 <__unaligned_memcpy_veneer>:
20000dd8:	f85f f000 	ldr.w	pc, [pc]	@ 20000ddc <__unaligned_memcpy_veneer+0x4>
20000ddc:	10003971 	.word	0x10003971

20000de0 <____wrap_printf_veneer>:
20000de0:	f85f f000 	ldr.w	pc, [pc]	@ 20000de4 <____wrap_printf_veneer+0x4>
20000de4:	10002fd1 	.word	0x10002fd1

20000de8 <__memset_veneer>:
20000de8:	f85f f000 	ldr.w	pc, [pc]	@ 20000dec <__memset_veneer+0x4>
20000dec:	10005ed9 	.word	0x10005ed9

20000df0 <__panic_veneer>:
20000df0:	f85f f000 	ldr.w	pc, [pc]	@ 20000df4 <__panic_veneer+0x4>
20000df4:	100002c9 	.word	0x100002c9

20000df8 <__time_us_64_veneer>:
20000df8:	f85f f000 	ldr.w	pc, [pc]	@ 20000dfc <__time_us_64_veneer+0x4>
20000dfc:	10001265 	.word	0x10001265

20000e00 <__tud_event_hook_cb_veneer>:
20000e00:	f85f f000 	ldr.w	pc, [pc]	@ 20000e04 <__tud_event_hook_cb_veneer+0x4>
20000e04:	10003ca1 	.word	0x10003ca1

20000e08 <____assert_func_veneer>:
20000e08:	f85f f000 	ldr.w	pc, [pc]	@ 20000e0c <____assert_func_veneer+0x4>
20000e0c:	10002d09 	.word	0x10002d09

20000e10 <__tu_fifo_write_veneer>:
20000e10:	f85f f000 	ldr.w	pc, [pc]	@ 20000e14 <__tu_fifo_write_veneer+0x4>
20000e14:	10005e01 	.word	0x10005e01

20000e18 <striped_spin_lock_num>:
20000e18:	00000010                                ....

20000e1c <irq_handler_chain_slots>:
20000e1c:	00000000 	.word	0x00000000
20000e20:	00010000 	.word	0x00010000
	...
20000e2c:	00020000 	.word	0x00020000
	...
20000e38:	00030000 	.word	0x00030000
	...
20000e44:	00ff0000 	.word	0x00ff0000
20000e48:	00000000 	.word	0x00000000

20000e4c <irq_handler_chain_first_slot>:
20000e4c:	b501      	push	{r0, lr}
20000e4e:	6848      	ldr	r0, [r1, #4]
20000e50:	3101      	adds	r1, #1
20000e52:	468e      	mov	lr, r1
20000e54:	4700      	bx	r0

20000e56 <irq_handler_chain_remove_tail>:
20000e56:	4670      	mov	r0, lr
20000e58:	3809      	subs	r0, #9
20000e5a:	4901      	ldr	r1, [pc, #4]	@ (20000e60 <irq_handler_chain_remove_tail+0xa>)
20000e5c:	4788      	blx	r1
20000e5e:	bd01      	pop	{r0, pc}
20000e60:	10000809 	.word	0x10000809

20000e64 <default_alarm_pool>:
	...
20000e78:	20000ec0                                ... 

20000e7c <stdio_usb>:
20000e7c:	10003435 100030f9 100033a9 100030e5     54...0...3...0..
20000e8c:	00000000 00000100                       ........

20000e94 <_usbd_qdef>:
20000e94:	20001274 000c0010 00000000 00000000     t.. ............
	...

20000eb0 <_usbd_rhport>:
20000eb0:	000000ff                                ....

20000eb4 <print_mutex>:
	...
